{
  "version" : "4.0.0",
  "gauges" : {
    "jenkins.executor.count.value" : {
      "value" : 2
    },
    "jenkins.executor.free.value" : {
      "value" : 2
    },
    "jenkins.executor.in-use.value" : {
      "value" : 0
    },
    "jenkins.health-check.count" : {
      "value" : 4
    },
    "jenkins.health-check.inverse-score" : {
      "value" : 0.0
    },
    "jenkins.health-check.score" : {
      "value" : 1.0
    },
    "jenkins.job.averageDepth" : {
      "value" : 0.0
    },
    "jenkins.job.count.value" : {
      "value" : 0
    },
    "jenkins.node.count.value" : {
      "value" : 1
    },
    "jenkins.node.offline.value" : {
      "value" : 0
    },
    "jenkins.node.online.value" : {
      "value" : 1
    },
    "jenkins.plugins.active" : {
      "value" : 76
    },
    "jenkins.plugins.failed" : {
      "value" : 0
    },
    "jenkins.plugins.inactive" : {
      "value" : 0
    },
    "jenkins.plugins.withUpdate" : {
      "value" : 0
    },
    "jenkins.project.count.value" : {
      "value" : 0
    },
    "jenkins.project.disabled.count.value" : {
      "value" : 0
    },
    "jenkins.project.enabled.count.value" : {
      "value" : 0
    },
    "jenkins.queue.blocked.value" : {
      "value" : 0
    },
    "jenkins.queue.buildable.value" : {
      "value" : 0
    },
    "jenkins.queue.pending.value" : {
      "value" : 0
    },
    "jenkins.queue.size.value" : {
      "value" : 0
    },
    "jenkins.queue.stuck.value" : {
      "value" : 0
    },
    "jenkins.versions.core" : {
      "value" : "2.138.2"
    },
    "jenkins.versions.plugin.ace-editor" : {
      "value" : "1.1"
    },
    "jenkins.versions.plugin.ant" : {
      "value" : "1.8"
    },
    "jenkins.versions.plugin.antisamy-markup-formatter" : {
      "value" : "1.5"
    },
    "jenkins.versions.plugin.apache-httpcomponents-client-4-api" : {
      "value" : "4.5.5-3.0"
    },
    "jenkins.versions.plugin.authentication-tokens" : {
      "value" : "1.3"
    },
    "jenkins.versions.plugin.bouncycastle-api" : {
      "value" : "2.17"
    },
    "jenkins.versions.plugin.branch-api" : {
      "value" : "2.0.20"
    },
    "jenkins.versions.plugin.build-timeout" : {
      "value" : "1.19"
    },
    "jenkins.versions.plugin.cloudbees-folder" : {
      "value" : "6.6"
    },
    "jenkins.versions.plugin.command-launcher" : {
      "value" : "1.2"
    },
    "jenkins.versions.plugin.credentials" : {
      "value" : "2.1.18"
    },
    "jenkins.versions.plugin.credentials-binding" : {
      "value" : "1.16"
    },
    "jenkins.versions.plugin.display-url-api" : {
      "value" : "2.2.0"
    },
    "jenkins.versions.plugin.docker-commons" : {
      "value" : "1.13"
    },
    "jenkins.versions.plugin.docker-workflow" : {
      "value" : "1.17"
    },
    "jenkins.versions.plugin.durable-task" : {
      "value" : "1.26"
    },
    "jenkins.versions.plugin.email-ext" : {
      "value" : "2.63"
    },
    "jenkins.versions.plugin.git" : {
      "value" : "3.9.1"
    },
    "jenkins.versions.plugin.git-client" : {
      "value" : "2.7.3"
    },
    "jenkins.versions.plugin.git-server" : {
      "value" : "1.7"
    },
    "jenkins.versions.plugin.github" : {
      "value" : "1.29.3"
    },
    "jenkins.versions.plugin.github-api" : {
      "value" : "1.92"
    },
    "jenkins.versions.plugin.github-branch-source" : {
      "value" : "2.4.1"
    },
    "jenkins.versions.plugin.gradle" : {
      "value" : "1.29"
    },
    "jenkins.versions.plugin.handlebars" : {
      "value" : "1.1.1"
    },
    "jenkins.versions.plugin.jackson2-api" : {
      "value" : "2.8.11.3"
    },
    "jenkins.versions.plugin.jdk-tool" : {
      "value" : "1.1"
    },
    "jenkins.versions.plugin.jquery-detached" : {
      "value" : "1.2.1"
    },
    "jenkins.versions.plugin.jsch" : {
      "value" : "0.1.54.2"
    },
    "jenkins.versions.plugin.junit" : {
      "value" : "1.26.1"
    },
    "jenkins.versions.plugin.ldap" : {
      "value" : "1.20"
    },
    "jenkins.versions.plugin.lockable-resources" : {
      "value" : "2.3"
    },
    "jenkins.versions.plugin.mailer" : {
      "value" : "1.22"
    },
    "jenkins.versions.plugin.mapdb-api" : {
      "value" : "1.0.9.0"
    },
    "jenkins.versions.plugin.matrix-auth" : {
      "value" : "2.3"
    },
    "jenkins.versions.plugin.matrix-project" : {
      "value" : "1.13"
    },
    "jenkins.versions.plugin.metrics" : {
      "value" : "4.0.2.2"
    },
    "jenkins.versions.plugin.momentjs" : {
      "value" : "1.1.1"
    },
    "jenkins.versions.plugin.pam-auth" : {
      "value" : "1.4"
    },
    "jenkins.versions.plugin.pipeline-build-step" : {
      "value" : "2.7"
    },
    "jenkins.versions.plugin.pipeline-github-lib" : {
      "value" : "1.0"
    },
    "jenkins.versions.plugin.pipeline-graph-analysis" : {
      "value" : "1.7"
    },
    "jenkins.versions.plugin.pipeline-input-step" : {
      "value" : "2.8"
    },
    "jenkins.versions.plugin.pipeline-milestone-step" : {
      "value" : "1.3.1"
    },
    "jenkins.versions.plugin.pipeline-model-api" : {
      "value" : "1.3.2"
    },
    "jenkins.versions.plugin.pipeline-model-declarative-agent" : {
      "value" : "1.1.1"
    },
    "jenkins.versions.plugin.pipeline-model-definition" : {
      "value" : "1.3.2"
    },
    "jenkins.versions.plugin.pipeline-model-extensions" : {
      "value" : "1.3.2"
    },
    "jenkins.versions.plugin.pipeline-rest-api" : {
      "value" : "2.10"
    },
    "jenkins.versions.plugin.pipeline-stage-step" : {
      "value" : "2.3"
    },
    "jenkins.versions.plugin.pipeline-stage-tags-metadata" : {
      "value" : "1.3.2"
    },
    "jenkins.versions.plugin.pipeline-stage-view" : {
      "value" : "2.10"
    },
    "jenkins.versions.plugin.plain-credentials" : {
      "value" : "1.4"
    },
    "jenkins.versions.plugin.resource-disposer" : {
      "value" : "0.12"
    },
    "jenkins.versions.plugin.scm-api" : {
      "value" : "2.3.0"
    },
    "jenkins.versions.plugin.script-security" : {
      "value" : "1.47"
    },
    "jenkins.versions.plugin.ssh-credentials" : {
      "value" : "1.14"
    },
    "jenkins.versions.plugin.ssh-slaves" : {
      "value" : "1.28.1"
    },
    "jenkins.versions.plugin.structs" : {
      "value" : "1.17"
    },
    "jenkins.versions.plugin.subversion" : {
      "value" : "2.12.1"
    },
    "jenkins.versions.plugin.timestamper" : {
      "value" : "1.8.10"
    },
    "jenkins.versions.plugin.token-macro" : {
      "value" : "2.5"
    },
    "jenkins.versions.plugin.variant" : {
      "value" : "1.1"
    },
    "jenkins.versions.plugin.workflow-aggregator" : {
      "value" : "2.6"
    },
    "jenkins.versions.plugin.workflow-api" : {
      "value" : "2.30"
    },
    "jenkins.versions.plugin.workflow-basic-steps" : {
      "value" : "2.11"
    },
    "jenkins.versions.plugin.workflow-cps" : {
      "value" : "2.59"
    },
    "jenkins.versions.plugin.workflow-cps-global-lib" : {
      "value" : "2.12"
    },
    "jenkins.versions.plugin.workflow-durable-task-step" : {
      "value" : "2.25"
    },
    "jenkins.versions.plugin.workflow-job" : {
      "value" : "2.25"
    },
    "jenkins.versions.plugin.workflow-multibranch" : {
      "value" : "2.20"
    },
    "jenkins.versions.plugin.workflow-scm-step" : {
      "value" : "2.7"
    },
    "jenkins.versions.plugin.workflow-step-api" : {
      "value" : "2.16"
    },
    "jenkins.versions.plugin.workflow-support" : {
      "value" : "2.21"
    },
    "jenkins.versions.plugin.ws-cleanup" : {
      "value" : "0.36"
    },
    "system.cpu.load" : {
      "value" : 0.27
    },
    "vm.blocked.count" : {
      "value" : 0
    },
    "vm.class.loaded" : {
      "value" : 14238
    },
    "vm.class.unloaded" : {
      "value" : 32
    },
    "vm.count" : {
      "value" : 40
    },
    "vm.cpu.load" : {
      "value" : 0.33678378772415807
    },
    "vm.daemon.count" : {
      "value" : 23
    },
    "vm.deadlock.count" : {
      "value" : 0
    },
    "vm.deadlocks" : {
      "value" : [ ]
    },
    "vm.file.descriptor.ratio" : {
      "value" : 3.47137451171875E-4
    },
    "vm.gc.PS-MarkSweep.count" : {
      "value" : 6
    },
    "vm.gc.PS-MarkSweep.time" : {
      "value" : 1367
    },
    "vm.gc.PS-Scavenge.count" : {
      "value" : 194
    },
    "vm.gc.PS-Scavenge.time" : {
      "value" : 1921
    },
    "vm.memory.heap.committed" : {
      "value" : 268959744
    },
    "vm.memory.heap.init" : {
      "value" : 33554432
    },
    "vm.memory.heap.max" : {
      "value" : 466092032
    },
    "vm.memory.heap.usage" : {
      "value" : 0.24707324754266557
    },
    "vm.memory.heap.used" : {
      "value" : 115158872
    },
    "vm.memory.non-heap.committed" : {
      "value" : 142172160
    },
    "vm.memory.non-heap.init" : {
      "value" : 2555904
    },
    "vm.memory.non-heap.max" : {
      "value" : -1
    },
    "vm.memory.non-heap.usage" : {
      "value" : -1.3270648E8
    },
    "vm.memory.non-heap.used" : {
      "value" : 132706480
    },
    "vm.memory.pools.Code-Cache.committed" : {
      "value" : 36831232
    },
    "vm.memory.pools.Code-Cache.init" : {
      "value" : 2555904
    },
    "vm.memory.pools.Code-Cache.max" : {
      "value" : 251658240
    },
    "vm.memory.pools.Code-Cache.usage" : {
      "value" : 0.14488855997721353
    },
    "vm.memory.pools.Code-Cache.used" : {
      "value" : 36463104
    },
    "vm.memory.pools.Compressed-Class-Space.committed" : {
      "value" : 11534336
    },
    "vm.memory.pools.Compressed-Class-Space.init" : {
      "value" : 0
    },
    "vm.memory.pools.Compressed-Class-Space.max" : {
      "value" : 1073741824
    },
    "vm.memory.pools.Compressed-Class-Space.usage" : {
      "value" : 0.00904286652803421
    },
    "vm.memory.pools.Compressed-Class-Space.used" : {
      "value" : 9709704
    },
    "vm.memory.pools.Metaspace.committed" : {
      "value" : 93806592
    },
    "vm.memory.pools.Metaspace.init" : {
      "value" : 0
    },
    "vm.memory.pools.Metaspace.max" : {
      "value" : -1
    },
    "vm.memory.pools.Metaspace.usage" : {
      "value" : 0.9225106909331062
    },
    "vm.memory.pools.Metaspace.used" : {
      "value" : 86537584
    },
    "vm.memory.pools.PS-Eden-Space.committed" : {
      "value" : 87031808
    },
    "vm.memory.pools.PS-Eden-Space.init" : {
      "value" : 8912896
    },
    "vm.memory.pools.PS-Eden-Space.max" : {
      "value" : 92274688
    },
    "vm.memory.pools.PS-Eden-Space.usage" : {
      "value" : 0.2786984010176225
    },
    "vm.memory.pools.PS-Eden-Space.used" : {
      "value" : 25716808
    },
    "vm.memory.pools.PS-Eden-Space.used-after-gc" : {
      "value" : 0
    },
    "vm.memory.pools.PS-Old-Gen.committed" : {
      "value" : 141033472
    },
    "vm.memory.pools.PS-Old-Gen.init" : {
      "value" : 22544384
    },
    "vm.memory.pools.PS-Old-Gen.max" : {
      "value" : 349700096
    },
    "vm.memory.pools.PS-Old-Gen.usage" : {
      "value" : 0.24189662218451322
    },
    "vm.memory.pools.PS-Old-Gen.used" : {
      "value" : 84591272
    },
    "vm.memory.pools.PS-Old-Gen.used-after-gc" : {
      "value" : 84583080
    },
    "vm.memory.pools.PS-Survivor-Space.committed" : {
      "value" : 40894464
    },
    "vm.memory.pools.PS-Survivor-Space.init" : {
      "value" : 1048576
    },
    "vm.memory.pools.PS-Survivor-Space.max" : {
      "value" : 40894464
    },
    "vm.memory.pools.PS-Survivor-Space.usage" : {
      "value" : 0.12139618702423878
    },
    "vm.memory.pools.PS-Survivor-Space.used" : {
      "value" : 4964432
    },
    "vm.memory.pools.PS-Survivor-Space.used-after-gc" : {
      "value" : 4964432
    },
    "vm.memory.total.committed" : {
      "value" : 411131904
    },
    "vm.memory.total.init" : {
      "value" : 36110336
    },
    "vm.memory.total.max" : {
      "value" : 466092031
    },
    "vm.memory.total.used" : {
      "value" : 248071232
    },
    "vm.new.count" : {
      "value" : 0
    },
    "vm.runnable.count" : {
      "value" : 10
    },
    "vm.terminated.count" : {
      "value" : 0
    },
    "vm.timed_waiting.count" : {
      "value" : 17
    },
    "vm.uptime.milliseconds" : {
      "value" : 574694
    },
    "vm.waiting.count" : {
      "value" : 13
    }
  },
  "counters" : {
    "http.activeRequests" : {
      "count" : 1
    }
  },
  "histograms" : {
    "jenkins.executor.count.history" : {
      "count" : 4,
      "max" : 2,
      "mean" : 2.0,
      "min" : 2,
      "p50" : 2.0,
      "p75" : 2.0,
      "p95" : 2.0,
      "p98" : 2.0,
      "p99" : 2.0,
      "p999" : 2.0,
      "values" : [ 2, 2, 2, 2 ],
      "stddev" : 0.0
    },
    "jenkins.executor.free.history" : {
      "count" : 4,
      "max" : 2,
      "mean" : 2.0,
      "min" : 2,
      "p50" : 2.0,
      "p75" : 2.0,
      "p95" : 2.0,
      "p98" : 2.0,
      "p99" : 2.0,
      "p999" : 2.0,
      "values" : [ 2, 2, 2, 2 ],
      "stddev" : 0.0
    },
    "jenkins.executor.in-use.history" : {
      "count" : 4,
      "max" : 0,
      "mean" : 0.0,
      "min" : 0,
      "p50" : 0.0,
      "p75" : 0.0,
      "p95" : 0.0,
      "p98" : 0.0,
      "p99" : 0.0,
      "p999" : 0.0,
      "values" : [ 0, 0, 0, 0 ],
      "stddev" : 0.0
    },
    "jenkins.job.count.history" : {
      "count" : 4,
      "max" : 0,
      "mean" : 0.0,
      "min" : 0,
      "p50" : 0.0,
      "p75" : 0.0,
      "p95" : 0.0,
      "p98" : 0.0,
      "p99" : 0.0,
      "p999" : 0.0,
      "values" : [ 0, 0, 0, 0 ],
      "stddev" : 0.0
    },
    "jenkins.node.count.history" : {
      "count" : 4,
      "max" : 1,
      "mean" : 0.9999999999999998,
      "min" : 1,
      "p50" : 1.0,
      "p75" : 1.0,
      "p95" : 1.0,
      "p98" : 1.0,
      "p99" : 1.0,
      "p999" : 1.0,
      "values" : [ 1, 1, 1, 1 ],
      "stddev" : 2.2204460492503128E-16
    },
    "jenkins.node.offline.history" : {
      "count" : 4,
      "max" : 0,
      "mean" : 0.0,
      "min" : 0,
      "p50" : 0.0,
      "p75" : 0.0,
      "p95" : 0.0,
      "p98" : 0.0,
      "p99" : 0.0,
      "p999" : 0.0,
      "values" : [ 0, 0, 0, 0 ],
      "stddev" : 0.0
    },
    "jenkins.node.online.history" : {
      "count" : 4,
      "max" : 1,
      "mean" : 1.0,
      "min" : 1,
      "p50" : 1.0,
      "p75" : 1.0,
      "p95" : 1.0,
      "p98" : 1.0,
      "p99" : 1.0,
      "p999" : 1.0,
      "values" : [ 1, 1, 1, 1 ],
      "stddev" : 0.0
    },
    "jenkins.project.count.history" : {
      "count" : 4,
      "max" : 0,
      "mean" : 0.0,
      "min" : 0,
      "p50" : 0.0,
      "p75" : 0.0,
      "p95" : 0.0,
      "p98" : 0.0,
      "p99" : 0.0,
      "p999" : 0.0,
      "values" : [ 0, 0, 0, 0 ],
      "stddev" : 0.0
    },
    "jenkins.project.disabled.count.history" : {
      "count" : 4,
      "max" : 0,
      "mean" : 0.0,
      "min" : 0,
      "p50" : 0.0,
      "p75" : 0.0,
      "p95" : 0.0,
      "p98" : 0.0,
      "p99" : 0.0,
      "p999" : 0.0,
      "values" : [ 0, 0, 0, 0 ],
      "stddev" : 0.0
    },
    "jenkins.project.enabled.count.history" : {
      "count" : 4,
      "max" : 0,
      "mean" : 0.0,
      "min" : 0,
      "p50" : 0.0,
      "p75" : 0.0,
      "p95" : 0.0,
      "p98" : 0.0,
      "p99" : 0.0,
      "p999" : 0.0,
      "values" : [ 0, 0, 0, 0 ],
      "stddev" : 0.0
    },
    "jenkins.queue.blocked.history" : {
      "count" : 4,
      "max" : 0,
      "mean" : 0.0,
      "min" : 0,
      "p50" : 0.0,
      "p75" : 0.0,
      "p95" : 0.0,
      "p98" : 0.0,
      "p99" : 0.0,
      "p999" : 0.0,
      "values" : [ 0, 0, 0, 0 ],
      "stddev" : 0.0
    },
    "jenkins.queue.buildable.history" : {
      "count" : 4,
      "max" : 0,
      "mean" : 0.0,
      "min" : 0,
      "p50" : 0.0,
      "p75" : 0.0,
      "p95" : 0.0,
      "p98" : 0.0,
      "p99" : 0.0,
      "p999" : 0.0,
      "values" : [ 0, 0, 0, 0 ],
      "stddev" : 0.0
    },
    "jenkins.queue.pending.history" : {
      "count" : 4,
      "max" : 0,
      "mean" : 0.0,
      "min" : 0,
      "p50" : 0.0,
      "p75" : 0.0,
      "p95" : 0.0,
      "p98" : 0.0,
      "p99" : 0.0,
      "p999" : 0.0,
      "values" : [ 0, 0, 0, 0 ],
      "stddev" : 0.0
    },
    "jenkins.queue.size.history" : {
      "count" : 4,
      "max" : 0,
      "mean" : 0.0,
      "min" : 0,
      "p50" : 0.0,
      "p75" : 0.0,
      "p95" : 0.0,
      "p98" : 0.0,
      "p99" : 0.0,
      "p999" : 0.0,
      "values" : [ 0, 0, 0, 0 ],
      "stddev" : 0.0
    },
    "jenkins.queue.stuck.history" : {
      "count" : 4,
      "max" : 0,
      "mean" : 0.0,
      "min" : 0,
      "p50" : 0.0,
      "p75" : 0.0,
      "p95" : 0.0,
      "p98" : 0.0,
      "p99" : 0.0,
      "p999" : 0.0,
      "values" : [ 0, 0, 0, 0 ],
      "stddev" : 0.0
    },
    "system.cpu.load.x100.history" : {
      "count" : 4,
      "max" : 21,
      "mean" : 13.56906127389146,
      "min" : 0,
      "p50" : 13.0,
      "p75" : 17.0,
      "p95" : 21.0,
      "p98" : 21.0,
      "p99" : 21.0,
      "p999" : 21.0,
      "values" : [ 0, 13, 17, 21 ],
      "stddev" : 6.861817159164915
    },
    "system.cpu.load.x100.window.15m" : {
      "count" : 4,
      "max" : 21,
      "mean" : 12.75,
      "min" : 0,
      "p50" : 15.0,
      "p75" : 20.0,
      "p95" : 21.0,
      "p98" : 21.0,
      "p99" : 21.0,
      "p999" : 21.0,
      "values" : [ 0, 13, 17, 21 ],
      "stddev" : 9.105858919765158
    },
    "system.cpu.load.x100.window.1h" : {
      "count" : 4,
      "max" : 21,
      "mean" : 12.75,
      "min" : 0,
      "p50" : 15.0,
      "p75" : 20.0,
      "p95" : 21.0,
      "p98" : 21.0,
      "p99" : 21.0,
      "p999" : 21.0,
      "values" : [ 0, 13, 17, 21 ],
      "stddev" : 9.105858919765158
    },
    "system.cpu.load.x100.window.5m" : {
      "count" : 4,
      "max" : 21,
      "mean" : 12.75,
      "min" : 0,
      "p50" : 15.0,
      "p75" : 20.0,
      "p95" : 21.0,
      "p98" : 21.0,
      "p99" : 21.0,
      "p999" : 21.0,
      "values" : [ 0, 13, 17, 21 ],
      "stddev" : 9.105858919765158
    },
    "vm.cpu.load.x100.history" : {
      "count" : 4,
      "max" : 22,
      "mean" : 8.041512151136185,
      "min" : 1,
      "p50" : 4.0,
      "p75" : 13.0,
      "p95" : 22.0,
      "p98" : 22.0,
      "p99" : 22.0,
      "p999" : 22.0,
      "values" : [ 1, 4, 13, 22 ],
      "stddev" : 7.763228334238657
    },
    "vm.cpu.load.x100.window.15m" : {
      "count" : 4,
      "max" : 22,
      "mean" : 10.0,
      "min" : 1,
      "p50" : 8.5,
      "p75" : 19.75,
      "p95" : 22.0,
      "p98" : 22.0,
      "p99" : 22.0,
      "p999" : 22.0,
      "values" : [ 1, 4, 13, 22 ],
      "stddev" : 9.486832980505138
    },
    "vm.cpu.load.x100.window.1h" : {
      "count" : 4,
      "max" : 22,
      "mean" : 10.0,
      "min" : 1,
      "p50" : 8.5,
      "p75" : 19.75,
      "p95" : 22.0,
      "p98" : 22.0,
      "p99" : 22.0,
      "p999" : 22.0,
      "values" : [ 1, 4, 13, 22 ],
      "stddev" : 9.486832980505138
    },
    "vm.cpu.load.x100.window.5m" : {
      "count" : 4,
      "max" : 22,
      "mean" : 10.0,
      "min" : 1,
      "p50" : 8.5,
      "p75" : 19.75,
      "p95" : 22.0,
      "p98" : 22.0,
      "p99" : 22.0,
      "p999" : 22.0,
      "values" : [ 1, 4, 13, 22 ],
      "stddev" : 9.486832980505138
    },
    "vm.file.descriptor.ratio.x100.history" : {
      "count" : 4,
      "max" : 0,
      "mean" : 0.0,
      "min" : 0,
      "p50" : 0.0,
      "p75" : 0.0,
      "p95" : 0.0,
      "p98" : 0.0,
      "p99" : 0.0,
      "p999" : 0.0,
      "values" : [ 0, 0, 0, 0 ],
      "stddev" : 0.0
    },
    "vm.file.descriptor.ratio.x100.window.15m" : {
      "count" : 4,
      "max" : 0,
      "mean" : 0.0,
      "min" : 0,
      "p50" : 0.0,
      "p75" : 0.0,
      "p95" : 0.0,
      "p98" : 0.0,
      "p99" : 0.0,
      "p999" : 0.0,
      "values" : [ 0, 0, 0, 0 ],
      "stddev" : 0.0
    },
    "vm.file.descriptor.ratio.x100.window.1h" : {
      "count" : 4,
      "max" : 0,
      "mean" : 0.0,
      "min" : 0,
      "p50" : 0.0,
      "p75" : 0.0,
      "p95" : 0.0,
      "p98" : 0.0,
      "p99" : 0.0,
      "p999" : 0.0,
      "values" : [ 0, 0, 0, 0 ],
      "stddev" : 0.0
    },
    "vm.file.descriptor.ratio.x100.window.5m" : {
      "count" : 4,
      "max" : 0,
      "mean" : 0.0,
      "min" : 0,
      "p50" : 0.0,
      "p75" : 0.0,
      "p95" : 0.0,
      "p98" : 0.0,
      "p99" : 0.0,
      "p999" : 0.0,
      "values" : [ 0, 0, 0, 0 ],
      "stddev" : 0.0
    },
    "vm.memory.heap.committed.history" : {
      "count" : 4,
      "max" : 268959744,
      "mean" : 2.5496023273905763E8,
      "min" : 192413696,
      "p50" : 2.6738688E8,
      "p75" : 2.68959744E8,
      "p95" : 2.68959744E8,
      "p98" : 2.68959744E8,
      "p99" : 2.68959744E8,
      "p999" : 2.68959744E8,
      "values" : [ 192413696, 267386880, 267386880, 268959744 ],
      "stddev" : 2.860281884899094E7
    },
    "vm.memory.heap.committed.window.15m" : {
      "count" : 4,
      "max" : 268959744,
      "mean" : 2.490368E8,
      "min" : 192413696,
      "p50" : 2.6738688E8,
      "p75" : 2.68566528E8,
      "p95" : 2.68959744E8,
      "p98" : 2.68959744E8,
      "p99" : 2.68959744E8,
      "p999" : 2.68959744E8,
      "values" : [ 192413696, 267386880, 267386880, 268959744 ],
      "stddev" : 3.775601707558127E7
    },
    "vm.memory.heap.committed.window.1h" : {
      "count" : 4,
      "max" : 268959744,
      "mean" : 2.490368E8,
      "min" : 192413696,
      "p50" : 2.6738688E8,
      "p75" : 2.68566528E8,
      "p95" : 2.68959744E8,
      "p98" : 2.68959744E8,
      "p99" : 2.68959744E8,
      "p999" : 2.68959744E8,
      "values" : [ 192413696, 267386880, 267386880, 268959744 ],
      "stddev" : 3.775601707558127E7
    },
    "vm.memory.heap.committed.window.5m" : {
      "count" : 4,
      "max" : 268959744,
      "mean" : 2.490368E8,
      "min" : 192413696,
      "p50" : 2.6738688E8,
      "p75" : 2.68566528E8,
      "p95" : 2.68959744E8,
      "p98" : 2.68959744E8,
      "p99" : 2.68959744E8,
      "p999" : 2.68959744E8,
      "values" : [ 192413696, 267386880, 267386880, 268959744 ],
      "stddev" : 3.775601707558127E7
    },
    "vm.memory.heap.usage.x100.history" : {
      "count" : 4,
      "max" : 36,
      "mean" : 29.270283813821393,
      "min" : 20,
      "p50" : 31.0,
      "p75" : 36.0,
      "p95" : 36.0,
      "p98" : 36.0,
      "p99" : 36.0,
      "p999" : 36.0,
      "values" : [ 20, 31, 34, 36 ],
      "stddev" : 6.842277891696477
    },
    "vm.memory.heap.usage.x100.window.15m" : {
      "count" : 4,
      "max" : 36,
      "mean" : 30.25,
      "min" : 20,
      "p50" : 32.5,
      "p75" : 35.5,
      "p95" : 36.0,
      "p98" : 36.0,
      "p99" : 36.0,
      "p999" : 36.0,
      "values" : [ 20, 31, 34, 36 ],
      "stddev" : 7.135591542869215
    },
    "vm.memory.heap.usage.x100.window.1h" : {
      "count" : 4,
      "max" : 36,
      "mean" : 30.25,
      "min" : 20,
      "p50" : 32.5,
      "p75" : 35.5,
      "p95" : 36.0,
      "p98" : 36.0,
      "p99" : 36.0,
      "p999" : 36.0,
      "values" : [ 20, 31, 34, 36 ],
      "stddev" : 7.135591542869215
    },
    "vm.memory.heap.usage.x100.window.5m" : {
      "count" : 4,
      "max" : 36,
      "mean" : 30.25,
      "min" : 20,
      "p50" : 32.5,
      "p75" : 35.5,
      "p95" : 36.0,
      "p98" : 36.0,
      "p99" : 36.0,
      "p999" : 36.0,
      "values" : [ 20, 31, 34, 36 ],
      "stddev" : 7.135591542869215
    },
    "vm.memory.heap.used.history" : {
      "count" : 4,
      "max" : 167006432,
      "mean" : 1.3551711712364793E8,
      "min" : 92154696,
      "p50" : 1.44066136E8,
      "p75" : 1.67006432E8,
      "p95" : 1.67006432E8,
      "p98" : 1.67006432E8,
      "p99" : 1.67006432E8,
      "p999" : 1.67006432E8,
      "values" : [ 92154696, 144066136, 157261616, 167006432 ],
      "stddev" : 3.197239807703794E7
    },
    "vm.memory.heap.used.window.15m" : {
      "count" : 4,
      "max" : 167006432,
      "mean" : 1.40122744E8,
      "min" : 92154696,
      "p50" : 1.50664924E8,
      "p75" : 1.64570752E8,
      "p95" : 1.67006432E8,
      "p98" : 1.67006432E8,
      "p99" : 1.67006432E8,
      "p999" : 1.67006432E8,
      "values" : [ 92154696, 144066136, 157263712, 167006432 ],
      "stddev" : 3.333181380130368E7
    },
    "vm.memory.heap.used.window.1h" : {
      "count" : 4,
      "max" : 167006432,
      "mean" : 1.40122744E8,
      "min" : 92154696,
      "p50" : 1.50664924E8,
      "p75" : 1.64570752E8,
      "p95" : 1.67006432E8,
      "p98" : 1.67006432E8,
      "p99" : 1.67006432E8,
      "p999" : 1.67006432E8,
      "values" : [ 92154696, 144066136, 157263712, 167006432 ],
      "stddev" : 3.333181380130368E7
    },
    "vm.memory.heap.used.window.5m" : {
      "count" : 4,
      "max" : 167006432,
      "mean" : 1.40122752E8,
      "min" : 92154728,
      "p50" : 1.50664924E8,
      "p75" : 1.64570752E8,
      "p95" : 1.67006432E8,
      "p98" : 1.67006432E8,
      "p99" : 1.67006432E8,
      "p999" : 1.67006432E8,
      "values" : [ 92154728, 144066136, 157263712, 167006432 ],
      "stddev" : 3.333179845082886E7
    },
    "vm.memory.non-heap.committed.history" : {
      "count" : 4,
      "max" : 141778944,
      "mean" : 1.406844489967346E8,
      "min" : 136536064,
      "p50" : 1.41451264E8,
      "p75" : 1.41778944E8,
      "p95" : 1.41778944E8,
      "p98" : 1.41778944E8,
      "p99" : 1.41778944E8,
      "p999" : 1.41778944E8,
      "values" : [ 136536064, 141320192, 141451264, 141778944 ],
      "stddev" : 1904885.329851241
    },
    "vm.memory.non-heap.committed.window.15m" : {
      "count" : 4,
      "max" : 141778944,
      "mean" : 1.40271616E8,
      "min" : 136536064,
      "p50" : 1.41385728E8,
      "p75" : 1.41697024E8,
      "p95" : 1.41778944E8,
      "p98" : 1.41778944E8,
      "p99" : 1.41778944E8,
      "p999" : 1.41778944E8,
      "values" : [ 136536064, 141320192, 141451264, 141778944 ],
      "stddev" : 2497830.2234785026
    },
    "vm.memory.non-heap.committed.window.1h" : {
      "count" : 4,
      "max" : 141778944,
      "mean" : 1.40271616E8,
      "min" : 136536064,
      "p50" : 1.41385728E8,
      "p75" : 1.41697024E8,
      "p95" : 1.41778944E8,
      "p98" : 1.41778944E8,
      "p99" : 1.41778944E8,
      "p999" : 1.41778944E8,
      "values" : [ 136536064, 141320192, 141451264, 141778944 ],
      "stddev" : 2497830.2234785026
    },
    "vm.memory.non-heap.committed.window.5m" : {
      "count" : 4,
      "max" : 141778944,
      "mean" : 1.40271616E8,
      "min" : 136536064,
      "p50" : 1.41385728E8,
      "p75" : 1.41697024E8,
      "p95" : 1.41778944E8,
      "p98" : 1.41778944E8,
      "p99" : 1.41778944E8,
      "p999" : 1.41778944E8,
      "values" : [ 136536064, 141320192, 141451264, 141778944 ],
      "stddev" : 2497830.2234785026
    },
    "vm.memory.non-heap.usage.x100.history" : {
      "count" : 4,
      "max" : -12718120000,
      "mean" : -1.3109631553784014E10,
      "min" : -13200136000,
      "p50" : -1.31980176E10,
      "p75" : -1.31696328E10,
      "p95" : -1.271812E10,
      "p98" : -1.271812E10,
      "p99" : -1.271812E10,
      "p999" : -1.271812E10,
      "values" : [ -13200136000, -13198017600, -13169632800, -12718120000 ],
      "stddev" : 1.7937750561768028E8
    },
    "vm.memory.non-heap.usage.x100.window.15m" : {
      "count" : 4,
      "max" : -12718120000,
      "mean" : -1.30714766E10,
      "min" : -13200136000,
      "p50" : -1.31838252E10,
      "p75" : -1.28309982E10,
      "p95" : -1.271812E10,
      "p98" : -1.271812E10,
      "p99" : -1.271812E10,
      "p999" : -1.271812E10,
      "values" : [ -13200136000, -13198017600, -13169632800, -12718120000 ],
      "stddev" : 2.359812084689231E8
    },
    "vm.memory.non-heap.usage.x100.window.1h" : {
      "count" : 4,
      "max" : -12718120000,
      "mean" : -1.30714766E10,
      "min" : -13200136000,
      "p50" : -1.31838252E10,
      "p75" : -1.28309982E10,
      "p95" : -1.271812E10,
      "p98" : -1.271812E10,
      "p99" : -1.271812E10,
      "p999" : -1.271812E10,
      "values" : [ -13200136000, -13198017600, -13169632800, -12718120000 ],
      "stddev" : 2.359812084689231E8
    },
    "vm.memory.non-heap.usage.x100.window.5m" : {
      "count" : 4,
      "max" : -12718120000,
      "mean" : -1.30714766E10,
      "min" : -13200136000,
      "p50" : -1.31838252E10,
      "p75" : -1.28309982E10,
      "p95" : -1.271812E10,
      "p98" : -1.271812E10,
      "p99" : -1.271812E10,
      "p999" : -1.271812E10,
      "values" : [ -13200136000, -13198017600, -13169632800, -12718120000 ],
      "stddev" : 2.359812084689231E8
    },
    "vm.memory.non-heap.used.history" : {
      "count" : 4,
      "max" : 132001360,
      "mean" : 1.310963266015695E8,
      "min" : 127181264,
      "p50" : 1.31980176E8,
      "p75" : 1.3200136E8,
      "p95" : 1.3200136E8,
      "p98" : 1.3200136E8,
      "p99" : 1.3200136E8,
      "p999" : 1.3200136E8,
      "values" : [ 127181264, 131696328, 131980176, 132001360 ],
      "stddev" : 1793750.9083454409
    },
    "vm.memory.non-heap.used.window.15m" : {
      "count" : 4,
      "max" : 132001360,
      "mean" : 1.30714782E8,
      "min" : 127181264,
      "p50" : 1.31838252E8,
      "p75" : 1.31996064E8,
      "p95" : 1.3200136E8,
      "p98" : 1.3200136E8,
      "p99" : 1.3200136E8,
      "p999" : 1.3200136E8,
      "values" : [ 127181264, 131696328, 131980176, 132001360 ],
      "stddev" : 2359780.1403068607
    },
    "vm.memory.non-heap.used.window.1h" : {
      "count" : 4,
      "max" : 132001360,
      "mean" : 1.30714782E8,
      "min" : 127181264,
      "p50" : 1.31838252E8,
      "p75" : 1.31996064E8,
      "p95" : 1.3200136E8,
      "p98" : 1.3200136E8,
      "p99" : 1.3200136E8,
      "p999" : 1.3200136E8,
      "values" : [ 127181264, 131696328, 131980176, 132001360 ],
      "stddev" : 2359780.1403068607
    },
    "vm.memory.non-heap.used.window.5m" : {
      "count" : 4,
      "max" : 132001360,
      "mean" : 1.30714782E8,
      "min" : 127181264,
      "p50" : 1.31838252E8,
      "p75" : 1.31996064E8,
      "p95" : 1.3200136E8,
      "p98" : 1.3200136E8,
      "p99" : 1.3200136E8,
      "p999" : 1.3200136E8,
      "values" : [ 127181264, 131696328, 131980176, 132001360 ],
      "stddev" : 2359780.1403068607
    },
    "vm.memory.pools.Code-Cache.committed.history" : {
      "count" : 4,
      "max" : 36438016,
      "mean" : 3.6196416378114596E7,
      "min" : 35389440,
      "p50" : 3.637248E7,
      "p75" : 3.6438016E7,
      "p95" : 3.6438016E7,
      "p98" : 3.6438016E7,
      "p99" : 3.6438016E7,
      "p999" : 3.6438016E7,
      "values" : [ 35389440, 36241408, 36372480, 36438016 ],
      "stddev" : 375813.5638911999
    },
    "vm.memory.pools.Code-Cache.committed.window.15m" : {
      "count" : 4,
      "max" : 36438016,
      "mean" : 3.6110336E7,
      "min" : 35389440,
      "p50" : 3.6306944E7,
      "p75" : 3.6421632E7,
      "p95" : 3.6438016E7,
      "p98" : 3.6438016E7,
      "p99" : 3.6438016E7,
      "p999" : 3.6438016E7,
      "values" : [ 35389440, 36241408, 36372480, 36438016 ],
      "stddev" : 487498.5713264536
    },
    "vm.memory.pools.Code-Cache.committed.window.1h" : {
      "count" : 4,
      "max" : 36438016,
      "mean" : 3.6110336E7,
      "min" : 35389440,
      "p50" : 3.6306944E7,
      "p75" : 3.6421632E7,
      "p95" : 3.6438016E7,
      "p98" : 3.6438016E7,
      "p99" : 3.6438016E7,
      "p999" : 3.6438016E7,
      "values" : [ 35389440, 36241408, 36372480, 36438016 ],
      "stddev" : 487498.5713264536
    },
    "vm.memory.pools.Code-Cache.committed.window.5m" : {
      "count" : 4,
      "max" : 36438016,
      "mean" : 3.6110336E7,
      "min" : 35389440,
      "p50" : 3.6306944E7,
      "p75" : 3.6421632E7,
      "p95" : 3.6438016E7,
      "p98" : 3.6438016E7,
      "p99" : 3.6438016E7,
      "p999" : 3.6438016E7,
      "values" : [ 35389440, 36241408, 36372480, 36438016 ],
      "stddev" : 487498.5713264536
    },
    "vm.memory.pools.Code-Cache.usage.x100.history" : {
      "count" : 4,
      "max" : 14,
      "mean" : 14.0,
      "min" : 14,
      "p50" : 14.0,
      "p75" : 14.0,
      "p95" : 14.0,
      "p98" : 14.0,
      "p99" : 14.0,
      "p999" : 14.0,
      "values" : [ 14, 14, 14, 14 ],
      "stddev" : 0.0
    },
    "vm.memory.pools.Code-Cache.usage.x100.window.15m" : {
      "count" : 4,
      "max" : 14,
      "mean" : 14.0,
      "min" : 14,
      "p50" : 14.0,
      "p75" : 14.0,
      "p95" : 14.0,
      "p98" : 14.0,
      "p99" : 14.0,
      "p999" : 14.0,
      "values" : [ 14, 14, 14, 14 ],
      "stddev" : 0.0
    },
    "vm.memory.pools.Code-Cache.usage.x100.window.1h" : {
      "count" : 4,
      "max" : 14,
      "mean" : 14.0,
      "min" : 14,
      "p50" : 14.0,
      "p75" : 14.0,
      "p95" : 14.0,
      "p98" : 14.0,
      "p99" : 14.0,
      "p999" : 14.0,
      "values" : [ 14, 14, 14, 14 ],
      "stddev" : 0.0
    },
    "vm.memory.pools.Code-Cache.usage.x100.window.5m" : {
      "count" : 4,
      "max" : 14,
      "mean" : 14.0,
      "min" : 14,
      "p50" : 14.0,
      "p75" : 14.0,
      "p95" : 14.0,
      "p98" : 14.0,
      "p99" : 14.0,
      "p999" : 14.0,
      "values" : [ 14, 14, 14, 14 ],
      "stddev" : 0.0
    },
    "vm.memory.pools.Code-Cache.used.history" : {
      "count" : 4,
      "max" : 36083520,
      "mean" : 3.581893039087623E7,
      "min" : 35078208,
      "p50" : 3.5958016E7,
      "p75" : 3.608352E7,
      "p95" : 3.608352E7,
      "p98" : 3.608352E7,
      "p99" : 3.608352E7,
      "p999" : 3.608352E7,
      "values" : [ 35078208, 35860928, 35958016, 36083520 ],
      "stddev" : 347532.68525266804
    },
    "vm.memory.pools.Code-Cache.used.window.15m" : {
      "count" : 4,
      "max" : 36083520,
      "mean" : 3.5745392E7,
      "min" : 35078208,
      "p50" : 3.590992E7,
      "p75" : 3.6052368E7,
      "p95" : 3.608352E7,
      "p98" : 3.608352E7,
      "p99" : 3.608352E7,
      "p999" : 3.608352E7,
      "values" : [ 35078208, 35860928, 35958912, 36083520 ],
      "stddev" : 454020.70141349285
    },
    "vm.memory.pools.Code-Cache.used.window.1h" : {
      "count" : 4,
      "max" : 36083520,
      "mean" : 3.5745392E7,
      "min" : 35078208,
      "p50" : 3.590992E7,
      "p75" : 3.6052368E7,
      "p95" : 3.608352E7,
      "p98" : 3.608352E7,
      "p99" : 3.608352E7,
      "p999" : 3.608352E7,
      "values" : [ 35078208, 35860928, 35958912, 36083520 ],
      "stddev" : 454020.70141349285
    },
    "vm.memory.pools.Code-Cache.used.window.5m" : {
      "count" : 4,
      "max" : 36083520,
      "mean" : 3.5745392E7,
      "min" : 35078208,
      "p50" : 3.590992E7,
      "p75" : 3.6052368E7,
      "p95" : 3.608352E7,
      "p98" : 3.608352E7,
      "p99" : 3.608352E7,
      "p999" : 3.608352E7,
      "values" : [ 35078208, 35860928, 35958912, 36083520 ],
      "stddev" : 454020.70141349285
    },
    "vm.memory.pools.Compressed-Class-Space.committed.history" : {
      "count" : 4,
      "max" : 11534336,
      "mean" : 1.1466360446637787E7,
      "min" : 11141120,
      "p50" : 1.1534336E7,
      "p75" : 1.1534336E7,
      "p95" : 1.1534336E7,
      "p98" : 1.1534336E7,
      "p99" : 1.1534336E7,
      "p999" : 1.1534336E7,
      "values" : [ 11141120, 11534336, 11534336, 11534336 ],
      "stddev" : 148688.93481351147
    },
    "vm.memory.pools.Compressed-Class-Space.committed.window.15m" : {
      "count" : 4,
      "max" : 11534336,
      "mean" : 1.1436032E7,
      "min" : 11141120,
      "p50" : 1.1534336E7,
      "p75" : 1.1534336E7,
      "p95" : 1.1534336E7,
      "p98" : 1.1534336E7,
      "p99" : 1.1534336E7,
      "p999" : 1.1534336E7,
      "values" : [ 11141120, 11534336, 11534336, 11534336 ],
      "stddev" : 196608.0
    },
    "vm.memory.pools.Compressed-Class-Space.committed.window.1h" : {
      "count" : 4,
      "max" : 11534336,
      "mean" : 1.1436032E7,
      "min" : 11141120,
      "p50" : 1.1534336E7,
      "p75" : 1.1534336E7,
      "p95" : 1.1534336E7,
      "p98" : 1.1534336E7,
      "p99" : 1.1534336E7,
      "p999" : 1.1534336E7,
      "values" : [ 11141120, 11534336, 11534336, 11534336 ],
      "stddev" : 196608.0
    },
    "vm.memory.pools.Compressed-Class-Space.committed.window.5m" : {
      "count" : 4,
      "max" : 11534336,
      "mean" : 1.1436032E7,
      "min" : 11141120,
      "p50" : 1.1534336E7,
      "p75" : 1.1534336E7,
      "p95" : 1.1534336E7,
      "p98" : 1.1534336E7,
      "p99" : 1.1534336E7,
      "p999" : 1.1534336E7,
      "values" : [ 11141120, 11534336, 11534336, 11534336 ],
      "stddev" : 196608.0
    },
    "vm.memory.pools.Compressed-Class-Space.usage.x100.history" : {
      "count" : 4,
      "max" : 1,
      "mean" : 1.0,
      "min" : 1,
      "p50" : 1.0,
      "p75" : 1.0,
      "p95" : 1.0,
      "p98" : 1.0,
      "p99" : 1.0,
      "p999" : 1.0,
      "values" : [ 1, 1, 1, 1 ],
      "stddev" : 0.0
    },
    "vm.memory.pools.Compressed-Class-Space.usage.x100.window.15m" : {
      "count" : 4,
      "max" : 1,
      "mean" : 1.0,
      "min" : 1,
      "p50" : 1.0,
      "p75" : 1.0,
      "p95" : 1.0,
      "p98" : 1.0,
      "p99" : 1.0,
      "p999" : 1.0,
      "values" : [ 1, 1, 1, 1 ],
      "stddev" : 0.0
    },
    "vm.memory.pools.Compressed-Class-Space.usage.x100.window.1h" : {
      "count" : 4,
      "max" : 1,
      "mean" : 1.0,
      "min" : 1,
      "p50" : 1.0,
      "p75" : 1.0,
      "p95" : 1.0,
      "p98" : 1.0,
      "p99" : 1.0,
      "p999" : 1.0,
      "values" : [ 1, 1, 1, 1 ],
      "stddev" : 0.0
    },
    "vm.memory.pools.Compressed-Class-Space.usage.x100.window.5m" : {
      "count" : 4,
      "max" : 1,
      "mean" : 1.0,
      "min" : 1,
      "p50" : 1.0,
      "p75" : 1.0,
      "p95" : 1.0,
      "p98" : 1.0,
      "p99" : 1.0,
      "p999" : 1.0,
      "values" : [ 1, 1, 1, 1 ],
      "stddev" : 0.0
    },
    "vm.memory.pools.Compressed-Class-Space.used.history" : {
      "count" : 4,
      "max" : 9694608,
      "mean" : 9624246.033869551,
      "min" : 9329792,
      "p50" : 9682096.0,
      "p75" : 9694608.0,
      "p95" : 9694608.0,
      "p98" : 9694608.0,
      "p99" : 9694608.0,
      "p999" : 9694608.0,
      "values" : [ 9329792, 9676576, 9682096, 9694608 ],
      "stddev" : 134794.37545118554
    },
    "vm.memory.pools.Compressed-Class-Space.used.window.15m" : {
      "count" : 4,
      "max" : 9694608,
      "mean" : 9595768.0,
      "min" : 9329792,
      "p50" : 9679336.0,
      "p75" : 9691480.0,
      "p95" : 9694608.0,
      "p98" : 9694608.0,
      "p99" : 9694608.0,
      "p999" : 9694608.0,
      "values" : [ 9329792, 9676576, 9682096, 9694608 ],
      "stddev" : 177477.73064434496
    },
    "vm.memory.pools.Compressed-Class-Space.used.window.1h" : {
      "count" : 4,
      "max" : 9694608,
      "mean" : 9595768.0,
      "min" : 9329792,
      "p50" : 9679336.0,
      "p75" : 9691480.0,
      "p95" : 9694608.0,
      "p98" : 9694608.0,
      "p99" : 9694608.0,
      "p999" : 9694608.0,
      "values" : [ 9329792, 9676576, 9682096, 9694608 ],
      "stddev" : 177477.73064434496
    },
    "vm.memory.pools.Compressed-Class-Space.used.window.5m" : {
      "count" : 4,
      "max" : 9694608,
      "mean" : 9595768.0,
      "min" : 9329792,
      "p50" : 9679336.0,
      "p75" : 9691480.0,
      "p95" : 9694608.0,
      "p98" : 9694608.0,
      "p99" : 9694608.0,
      "p999" : 9694608.0,
      "values" : [ 9329792, 9676576, 9682096, 9694608 ],
      "stddev" : 177477.73064434496
    },
    "vm.memory.pools.Metaspace.committed.history" : {
      "count" : 4,
      "max" : 93806592,
      "mean" : 9.302167217198221E7,
      "min" : 90005504,
      "p50" : 9.3544448E7,
      "p75" : 9.3806592E7,
      "p95" : 9.3806592E7,
      "p98" : 9.3806592E7,
      "p99" : 9.3806592E7,
      "p999" : 9.3806592E7,
      "values" : [ 90005504, 93544448, 93544448, 93806592 ],
      "stddev" : 1383868.6457126632
    },
    "vm.memory.pools.Metaspace.committed.window.15m" : {
      "count" : 4,
      "max" : 93806592,
      "mean" : 9.2725248E7,
      "min" : 90005504,
      "p50" : 9.3544448E7,
      "p75" : 9.3741056E7,
      "p95" : 9.3806592E7,
      "p98" : 9.3806592E7,
      "p99" : 9.3806592E7,
      "p999" : 9.3806592E7,
      "values" : [ 90005504, 93544448, 93544448, 93806592 ],
      "stddev" : 1817368.9362988463
    },
    "vm.memory.pools.Metaspace.committed.window.1h" : {
      "count" : 4,
      "max" : 93806592,
      "mean" : 9.2725248E7,
      "min" : 90005504,
      "p50" : 9.3544448E7,
      "p75" : 9.3741056E7,
      "p95" : 9.3806592E7,
      "p98" : 9.3806592E7,
      "p99" : 9.3806592E7,
      "p999" : 9.3806592E7,
      "values" : [ 90005504, 93544448, 93544448, 93806592 ],
      "stddev" : 1817368.9362988463
    },
    "vm.memory.pools.Metaspace.committed.window.5m" : {
      "count" : 4,
      "max" : 93806592,
      "mean" : 9.2725248E7,
      "min" : 90005504,
      "p50" : 9.3544448E7,
      "p75" : 9.3741056E7,
      "p95" : 9.3806592E7,
      "p98" : 9.3806592E7,
      "p99" : 9.3806592E7,
      "p999" : 9.3806592E7,
      "values" : [ 90005504, 93544448, 93544448, 93806592 ],
      "stddev" : 1817368.9362988463
    },
    "vm.memory.pools.Metaspace.usage.x100.history" : {
      "count" : 4,
      "max" : 92,
      "mean" : 92.0,
      "min" : 92,
      "p50" : 92.0,
      "p75" : 92.0,
      "p95" : 92.0,
      "p98" : 92.0,
      "p99" : 92.0,
      "p999" : 92.0,
      "values" : [ 92, 92, 92, 92 ],
      "stddev" : 0.0
    },
    "vm.memory.pools.Metaspace.usage.x100.window.15m" : {
      "count" : 4,
      "max" : 92,
      "mean" : 92.0,
      "min" : 92,
      "p50" : 92.0,
      "p75" : 92.0,
      "p95" : 92.0,
      "p98" : 92.0,
      "p99" : 92.0,
      "p999" : 92.0,
      "values" : [ 92, 92, 92, 92 ],
      "stddev" : 0.0
    },
    "vm.memory.pools.Metaspace.usage.x100.window.1h" : {
      "count" : 4,
      "max" : 92,
      "mean" : 92.0,
      "min" : 92,
      "p50" : 92.0,
      "p75" : 92.0,
      "p95" : 92.0,
      "p98" : 92.0,
      "p99" : 92.0,
      "p999" : 92.0,
      "values" : [ 92, 92, 92, 92 ],
      "stddev" : 0.0
    },
    "vm.memory.pools.Metaspace.usage.x100.window.5m" : {
      "count" : 4,
      "max" : 92,
      "mean" : 92.0,
      "min" : 92,
      "p50" : 92.0,
      "p75" : 92.0,
      "p95" : 92.0,
      "p98" : 92.0,
      "p99" : 92.0,
      "p999" : 92.0,
      "values" : [ 92, 92, 92, 92 ],
      "stddev" : 0.0
    },
    "vm.memory.pools.Metaspace.used.history" : {
      "count" : 4,
      "max" : 86348736,
      "mean" : 8.565324836742204E7,
      "min" : 82773832,
      "p50" : 8.621456E7,
      "p75" : 8.6348736E7,
      "p95" : 8.6348736E7,
      "p98" : 8.6348736E7,
      "p99" : 8.6348736E7,
      "p999" : 8.6348736E7,
      "values" : [ 82773832, 86158824, 86214560, 86348736 ],
      "stddev" : 1318432.325498657
    },
    "vm.memory.pools.Metaspace.used.window.15m" : {
      "count" : 4,
      "max" : 86348736,
      "mean" : 8.5373988E7,
      "min" : 82773832,
      "p50" : 8.6186692E7,
      "p75" : 8.6315192E7,
      "p95" : 8.6348736E7,
      "p98" : 8.6348736E7,
      "p99" : 8.6348736E7,
      "p999" : 8.6348736E7,
      "values" : [ 82773832, 86158824, 86214560, 86348736 ],
      "stddev" : 1735268.8285411764
    },
    "vm.memory.pools.Metaspace.used.window.1h" : {
      "count" : 4,
      "max" : 86348736,
      "mean" : 8.5373988E7,
      "min" : 82773832,
      "p50" : 8.6186692E7,
      "p75" : 8.6315192E7,
      "p95" : 8.6348736E7,
      "p98" : 8.6348736E7,
      "p99" : 8.6348736E7,
      "p999" : 8.6348736E7,
      "values" : [ 82773832, 86158824, 86214560, 86348736 ],
      "stddev" : 1735268.8285411764
    },
    "vm.memory.pools.Metaspace.used.window.5m" : {
      "count" : 4,
      "max" : 86348736,
      "mean" : 8.5373988E7,
      "min" : 82773832,
      "p50" : 8.6186692E7,
      "p75" : 8.6315192E7,
      "p95" : 8.6348736E7,
      "p98" : 8.6348736E7,
      "p99" : 8.6348736E7,
      "p999" : 8.6348736E7,
      "values" : [ 82773832, 86158824, 86214560, 86348736 ],
      "stddev" : 1735268.8285411764
    },
    "vm.memory.pools.PS-Eden-Space.committed.history" : {
      "count" : 4,
      "max" : 87031808,
      "mean" : 8.459159354230699E7,
      "min" : 81788928,
      "p50" : 8.388608E7,
      "p75" : 8.7031808E7,
      "p95" : 8.7031808E7,
      "p98" : 8.7031808E7,
      "p99" : 8.7031808E7,
      "p999" : 8.7031808E7,
      "values" : [ 81788928, 83886080, 83886080, 87031808 ],
      "stddev" : 1903244.2254821993
    },
    "vm.memory.pools.PS-Eden-Space.committed.window.15m" : {
      "count" : 4,
      "max" : 87031808,
      "mean" : 8.4148224E7,
      "min" : 81788928,
      "p50" : 8.388608E7,
      "p75" : 8.6245376E7,
      "p95" : 8.7031808E7,
      "p98" : 8.7031808E7,
      "p99" : 8.7031808E7,
      "p999" : 8.7031808E7,
      "values" : [ 81788928, 83886080, 83886080, 87031808 ],
      "stddev" : 2161694.802243832
    },
    "vm.memory.pools.PS-Eden-Space.committed.window.1h" : {
      "count" : 4,
      "max" : 87031808,
      "mean" : 8.4148224E7,
      "min" : 81788928,
      "p50" : 8.388608E7,
      "p75" : 8.6245376E7,
      "p95" : 8.7031808E7,
      "p98" : 8.7031808E7,
      "p99" : 8.7031808E7,
      "p999" : 8.7031808E7,
      "values" : [ 81788928, 83886080, 83886080, 87031808 ],
      "stddev" : 2161694.802243832
    },
    "vm.memory.pools.PS-Eden-Space.committed.window.5m" : {
      "count" : 4,
      "max" : 87031808,
      "mean" : 8.4148224E7,
      "min" : 81788928,
      "p50" : 8.388608E7,
      "p75" : 8.6245376E7,
      "p95" : 8.7031808E7,
      "p98" : 8.7031808E7,
      "p99" : 8.7031808E7,
      "p999" : 8.7031808E7,
      "values" : [ 81788928, 83886080, 83886080, 87031808 ],
      "stddev" : 2161694.802243832
    },
    "vm.memory.pools.PS-Eden-Space.usage.x100.history" : {
      "count" : 4,
      "max" : 90,
      "mean" : 50.51733636192691,
      "min" : 3,
      "p50" : 45.0,
      "p75" : 90.0,
      "p95" : 90.0,
      "p98" : 90.0,
      "p99" : 90.0,
      "p999" : 90.0,
      "values" : [ 3, 45, 80, 90 ],
      "stddev" : 37.184512292073634
    },
    "vm.memory.pools.PS-Eden-Space.usage.x100.window.15m" : {
      "count" : 4,
      "max" : 90,
      "mean" : 54.5,
      "min" : 3,
      "p50" : 62.5,
      "p75" : 87.5,
      "p95" : 90.0,
      "p98" : 90.0,
      "p99" : 90.0,
      "p999" : 90.0,
      "values" : [ 3, 45, 80, 90 ],
      "stddev" : 39.382737335030434
    },
    "vm.memory.pools.PS-Eden-Space.usage.x100.window.1h" : {
      "count" : 4,
      "max" : 90,
      "mean" : 54.5,
      "min" : 3,
      "p50" : 62.5,
      "p75" : 87.5,
      "p95" : 90.0,
      "p98" : 90.0,
      "p99" : 90.0,
      "p999" : 90.0,
      "values" : [ 3, 45, 80, 90 ],
      "stddev" : 39.382737335030434
    },
    "vm.memory.pools.PS-Eden-Space.usage.x100.window.5m" : {
      "count" : 4,
      "max" : 90,
      "mean" : 54.5,
      "min" : 3,
      "p50" : 62.5,
      "p75" : 87.5,
      "p95" : 90.0,
      "p98" : 90.0,
      "p99" : 90.0,
      "p999" : 90.0,
      "values" : [ 3, 45, 80, 90 ],
      "stddev" : 39.382737335030434
    },
    "vm.memory.pools.PS-Eden-Space.used.history" : {
      "count" : 4,
      "max" : 82433928,
      "mean" : 4.741720425638345E7,
      "min" : 2609488,
      "p50" : 4.8855368E7,
      "p75" : 8.2433928E7,
      "p95" : 8.2433928E7,
      "p98" : 8.2433928E7,
      "p99" : 8.2433928E7,
      "p999" : 8.2433928E7,
      "values" : [ 2609488, 48855368, 72689056, 82433928 ],
      "stddev" : 3.39518630541426E7
    },
    "vm.memory.pools.PS-Eden-Space.used.window.15m" : {
      "count" : 4,
      "max" : 82433928,
      "mean" : 5.164696E7,
      "min" : 2609488,
      "p50" : 6.0772212E7,
      "p75" : 7.999771E7,
      "p95" : 8.2433928E7,
      "p98" : 8.2433928E7,
      "p99" : 8.2433928E7,
      "p999" : 8.2433928E7,
      "values" : [ 2609488, 48855368, 72689056, 82433928 ],
      "stddev" : 3.560465254594072E7
    },
    "vm.memory.pools.PS-Eden-Space.used.window.1h" : {
      "count" : 4,
      "max" : 82433928,
      "mean" : 5.164696E7,
      "min" : 2609488,
      "p50" : 6.0772212E7,
      "p75" : 7.999771E7,
      "p95" : 8.2433928E7,
      "p98" : 8.2433928E7,
      "p99" : 8.2433928E7,
      "p999" : 8.2433928E7,
      "values" : [ 2609488, 48855368, 72689056, 82433928 ],
      "stddev" : 3.560465254594072E7
    },
    "vm.memory.pools.PS-Eden-Space.used.window.5m" : {
      "count" : 4,
      "max" : 82433928,
      "mean" : 5.1647482E7,
      "min" : 2609488,
      "p50" : 6.0773256E7,
      "p75" : 7.9998232E7,
      "p95" : 8.2433928E7,
      "p98" : 8.2433928E7,
      "p99" : 8.2433928E7,
      "p999" : 8.2433928E7,
      "values" : [ 2609488, 48855368, 72691144, 82433928 ],
      "stddev" : 3.560506388991222E7
    },
    "vm.memory.pools.PS-Old-Gen.committed.history" : {
      "count" : 4,
      "max" : 141033472,
      "mean" : 1.3187943081388877E8,
      "min" : 88080384,
      "p50" : 1.41033472E8,
      "p75" : 1.41033472E8,
      "p95" : 1.41033472E8,
      "p98" : 1.41033472E8,
      "p99" : 1.41033472E8,
      "p999" : 1.41033472E8,
      "values" : [ 88080384, 141033472, 141033472, 141033472 ],
      "stddev" : 2.002344322155288E7
    },
    "vm.memory.pools.PS-Old-Gen.committed.window.15m" : {
      "count" : 4,
      "max" : 141033472,
      "mean" : 1.277952E8,
      "min" : 88080384,
      "p50" : 1.41033472E8,
      "p75" : 1.41033472E8,
      "p95" : 1.41033472E8,
      "p98" : 1.41033472E8,
      "p99" : 1.41033472E8,
      "p999" : 1.41033472E8,
      "values" : [ 88080384, 141033472, 141033472, 141033472 ],
      "stddev" : 2.6476544E7
    },
    "vm.memory.pools.PS-Old-Gen.committed.window.1h" : {
      "count" : 4,
      "max" : 141033472,
      "mean" : 1.277952E8,
      "min" : 88080384,
      "p50" : 1.41033472E8,
      "p75" : 1.41033472E8,
      "p95" : 1.41033472E8,
      "p98" : 1.41033472E8,
      "p99" : 1.41033472E8,
      "p999" : 1.41033472E8,
      "values" : [ 88080384, 141033472, 141033472, 141033472 ],
      "stddev" : 2.6476544E7
    },
    "vm.memory.pools.PS-Old-Gen.committed.window.5m" : {
      "count" : 4,
      "max" : 141033472,
      "mean" : 1.277952E8,
      "min" : 88080384,
      "p50" : 1.41033472E8,
      "p75" : 1.41033472E8,
      "p95" : 1.41033472E8,
      "p98" : 1.41033472E8,
      "p99" : 1.41033472E8,
      "p999" : 1.41033472E8,
      "values" : [ 88080384, 141033472, 141033472, 141033472 ],
      "stddev" : 2.6476544E7
    },
    "vm.memory.pools.PS-Old-Gen.usage.x100.history" : {
      "count" : 4,
      "max" : 24,
      "mean" : 23.481387684919646,
      "min" : 21,
      "p50" : 24.0,
      "p75" : 24.0,
      "p95" : 24.0,
      "p98" : 24.0,
      "p99" : 24.0,
      "p999" : 24.0,
      "values" : [ 21, 24, 24, 24 ],
      "stddev" : 1.1344065461235922
    },
    "vm.memory.pools.PS-Old-Gen.usage.x100.window.15m" : {
      "count" : 4,
      "max" : 24,
      "mean" : 23.25,
      "min" : 21,
      "p50" : 24.0,
      "p75" : 24.0,
      "p95" : 24.0,
      "p98" : 24.0,
      "p99" : 24.0,
      "p999" : 24.0,
      "values" : [ 21, 24, 24, 24 ],
      "stddev" : 1.5
    },
    "vm.memory.pools.PS-Old-Gen.usage.x100.window.1h" : {
      "count" : 4,
      "max" : 24,
      "mean" : 23.25,
      "min" : 21,
      "p50" : 24.0,
      "p75" : 24.0,
      "p95" : 24.0,
      "p98" : 24.0,
      "p99" : 24.0,
      "p999" : 24.0,
      "values" : [ 21, 24, 24, 24 ],
      "stddev" : 1.5
    },
    "vm.memory.pools.PS-Old-Gen.usage.x100.window.5m" : {
      "count" : 4,
      "max" : 24,
      "mean" : 23.25,
      "min" : 21,
      "p50" : 24.0,
      "p75" : 24.0,
      "p95" : 24.0,
      "p98" : 24.0,
      "p99" : 24.0,
      "p999" : 24.0,
      "values" : [ 21, 24, 24, 24 ],
      "stddev" : 1.5
    },
    "vm.memory.pools.PS-Old-Gen.used.history" : {
      "count" : 4,
      "max" : 84591272,
      "mean" : 8.254917539377104E7,
      "min" : 72801528,
      "p50" : 8.458308E7,
      "p75" : 8.4591272E7,
      "p95" : 8.4591272E7,
      "p98" : 8.4591272E7,
      "p99" : 8.4591272E7,
      "p999" : 8.4591272E7,
      "values" : [ 72801528, 84583080, 84583080, 84591272 ],
      "stddev" : 4456296.29730734
    },
    "vm.memory.pools.PS-Old-Gen.used.window.15m" : {
      "count" : 4,
      "max" : 84591272,
      "mean" : 8.163974E7,
      "min" : 72801528,
      "p50" : 8.458308E7,
      "p75" : 8.4589224E7,
      "p95" : 8.4591272E7,
      "p98" : 8.4591272E7,
      "p99" : 8.4591272E7,
      "p999" : 8.4591272E7,
      "values" : [ 72801528, 84583080, 84583080, 84591272 ],
      "stddev" : 5892142.598839237
    },
    "vm.memory.pools.PS-Old-Gen.used.window.1h" : {
      "count" : 4,
      "max" : 84591272,
      "mean" : 8.163974E7,
      "min" : 72801528,
      "p50" : 8.458308E7,
      "p75" : 8.4589224E7,
      "p95" : 8.4591272E7,
      "p98" : 8.4591272E7,
      "p99" : 8.4591272E7,
      "p999" : 8.4591272E7,
      "values" : [ 72801528, 84583080, 84583080, 84591272 ],
      "stddev" : 5892142.598839237
    },
    "vm.memory.pools.PS-Old-Gen.used.window.5m" : {
      "count" : 4,
      "max" : 84591272,
      "mean" : 8.163974E7,
      "min" : 72801528,
      "p50" : 8.458308E7,
      "p75" : 8.4589224E7,
      "p95" : 8.4591272E7,
      "p98" : 8.4591272E7,
      "p99" : 8.4591272E7,
      "p999" : 8.4591272E7,
      "values" : [ 72801528, 84583080, 84583080, 84591272 ],
      "stddev" : 5892142.598839237
    },
    "vm.memory.pools.PS-Survivor-Space.committed.history" : {
      "count" : 4,
      "max" : 42467328,
      "mean" : 3.848920838286185E7,
      "min" : 22544384,
      "p50" : 4.0894464E7,
      "p75" : 4.2467328E7,
      "p95" : 4.2467328E7,
      "p98" : 4.2467328E7,
      "p99" : 4.2467328E7,
      "p999" : 4.2467328E7,
      "values" : [ 22544384, 40894464, 42467328, 42467328 ],
      "stddev" : 7323320.202301324
    },
    "vm.memory.pools.PS-Survivor-Space.committed.window.15m" : {
      "count" : 4,
      "max" : 42467328,
      "mean" : 3.7093376E7,
      "min" : 22544384,
      "p50" : 4.1680896E7,
      "p75" : 4.2467328E7,
      "p95" : 4.2467328E7,
      "p98" : 4.2467328E7,
      "p99" : 4.2467328E7,
      "p999" : 4.2467328E7,
      "values" : [ 22544384, 40894464, 42467328, 42467328 ],
      "stddev" : 9727626.610097244
    },
    "vm.memory.pools.PS-Survivor-Space.committed.window.1h" : {
      "count" : 4,
      "max" : 42467328,
      "mean" : 3.7093376E7,
      "min" : 22544384,
      "p50" : 4.1680896E7,
      "p75" : 4.2467328E7,
      "p95" : 4.2467328E7,
      "p98" : 4.2467328E7,
      "p99" : 4.2467328E7,
      "p999" : 4.2467328E7,
      "values" : [ 22544384, 40894464, 42467328, 42467328 ],
      "stddev" : 9727626.610097244
    },
    "vm.memory.pools.PS-Survivor-Space.committed.window.5m" : {
      "count" : 4,
      "max" : 42467328,
      "mean" : 3.7093376E7,
      "min" : 22544384,
      "p50" : 4.1680896E7,
      "p75" : 4.2467328E7,
      "p95" : 4.2467328E7,
      "p98" : 4.2467328E7,
      "p99" : 4.2467328E7,
      "p999" : 4.2467328E7,
      "values" : [ 22544384, 40894464, 42467328, 42467328 ],
      "stddev" : 9727626.610097244
    },
    "vm.memory.pools.PS-Survivor-Space.usage.x100.history" : {
      "count" : 4,
      "max" : 99,
      "mean" : 21.188493151899205,
      "min" : 0,
      "p50" : 12.0,
      "p75" : 12.0,
      "p95" : 99.0,
      "p98" : 99.0,
      "p99" : 99.0,
      "p999" : 99.0,
      "values" : [ 0, 0, 12, 99 ],
      "stddev" : 35.97562553132895
    },
    "vm.memory.pools.PS-Survivor-Space.usage.x100.window.15m" : {
      "count" : 4,
      "max" : 99,
      "mean" : 27.75,
      "min" : 0,
      "p50" : 6.0,
      "p75" : 77.25,
      "p95" : 99.0,
      "p98" : 99.0,
      "p99" : 99.0,
      "p999" : 99.0,
      "values" : [ 0, 0, 12, 99 ],
      "stddev" : 47.83565615730592
    },
    "vm.memory.pools.PS-Survivor-Space.usage.x100.window.1h" : {
      "count" : 4,
      "max" : 99,
      "mean" : 27.75,
      "min" : 0,
      "p50" : 6.0,
      "p75" : 77.25,
      "p95" : 99.0,
      "p98" : 99.0,
      "p99" : 99.0,
      "p999" : 99.0,
      "values" : [ 0, 0, 12, 99 ],
      "stddev" : 47.83565615730592
    },
    "vm.memory.pools.PS-Survivor-Space.usage.x100.window.5m" : {
      "count" : 4,
      "max" : 99,
      "mean" : 27.75,
      "min" : 0,
      "p50" : 6.0,
      "p75" : 77.25,
      "p95" : 99.0,
      "p98" : 99.0,
      "p99" : 99.0,
      "p999" : 99.0,
      "values" : [ 0, 0, 12, 99 ],
      "stddev" : 47.83565615730592
    },
    "vm.memory.pools.PS-Survivor-Space.used.history" : {
      "count" : 4,
      "max" : 22420112,
      "mean" : 5561325.357890486,
      "min" : 0,
      "p50" : 4964432.0,
      "p75" : 4964432.0,
      "p95" : 2.2420112E7,
      "p98" : 2.2420112E7,
      "p99" : 2.2420112E7,
      "p999" : 2.2420112E7,
      "values" : [ 0, 0, 4964432, 22420112 ],
      "stddev" : 8020903.519705119
    },
    "vm.memory.pools.PS-Survivor-Space.used.window.15m" : {
      "count" : 4,
      "max" : 22420112,
      "mean" : 6846136.0,
      "min" : 0,
      "p50" : 2482216.0,
      "p75" : 1.8056192E7,
      "p95" : 2.2420112E7,
      "p98" : 2.2420112E7,
      "p99" : 2.2420112E7,
      "p999" : 2.2420112E7,
      "values" : [ 0, 0, 4964432, 22420112 ],
      "stddev" : 1.064313072131792E7
    },
    "vm.memory.pools.PS-Survivor-Space.used.window.1h" : {
      "count" : 4,
      "max" : 22420112,
      "mean" : 6846136.0,
      "min" : 0,
      "p50" : 2482216.0,
      "p75" : 1.8056192E7,
      "p95" : 2.2420112E7,
      "p98" : 2.2420112E7,
      "p99" : 2.2420112E7,
      "p999" : 2.2420112E7,
      "values" : [ 0, 0, 4964432, 22420112 ],
      "stddev" : 1.064313072131792E7
    },
    "vm.memory.pools.PS-Survivor-Space.used.window.5m" : {
      "count" : 4,
      "max" : 22420112,
      "mean" : 6846136.0,
      "min" : 0,
      "p50" : 2482216.0,
      "p75" : 1.8056192E7,
      "p95" : 2.2420112E7,
      "p98" : 2.2420112E7,
      "p99" : 2.2420112E7,
      "p999" : 2.2420112E7,
      "values" : [ 0, 0, 4964432, 22420112 ],
      "stddev" : 1.064313072131792E7
    },
    "vm.memory.total.committed.history" : {
      "count" : 4,
      "max" : 410738688,
      "mean" : 3.9564468173579216E8,
      "min" : 328949760,
      "p50" : 4.08838144E8,
      "p75" : 4.10738688E8,
      "p95" : 4.10738688E8,
      "p98" : 4.10738688E8,
      "p99" : 4.10738688E8,
      "p999" : 4.10738688E8,
      "values" : [ 328949760, 408707072, 408838144, 410738688 ],
      "stddev" : 3.050328712480956E7
    },
    "vm.memory.total.committed.window.15m" : {
      "count" : 4,
      "max" : 410738688,
      "mean" : 3.89308416E8,
      "min" : 328949760,
      "p50" : 4.08772608E8,
      "p75" : 4.10263552E8,
      "p95" : 4.10738688E8,
      "p98" : 4.10738688E8,
      "p99" : 4.10738688E8,
      "p999" : 4.10738688E8,
      "values" : [ 328949760, 408707072, 408838144, 410738688 ],
      "stddev" : 4.024981176966604E7
    },
    "vm.memory.total.committed.window.1h" : {
      "count" : 4,
      "max" : 410738688,
      "mean" : 3.89308416E8,
      "min" : 328949760,
      "p50" : 4.08772608E8,
      "p75" : 4.10263552E8,
      "p95" : 4.10738688E8,
      "p98" : 4.10738688E8,
      "p99" : 4.10738688E8,
      "p999" : 4.10738688E8,
      "values" : [ 328949760, 408707072, 408838144, 410738688 ],
      "stddev" : 4.024981176966604E7
    },
    "vm.memory.total.committed.window.5m" : {
      "count" : 4,
      "max" : 410738688,
      "mean" : 3.89308416E8,
      "min" : 328949760,
      "p50" : 4.08772608E8,
      "p75" : 4.10263552E8,
      "p95" : 4.10738688E8,
      "p98" : 4.10738688E8,
      "p99" : 4.10738688E8,
      "p999" : 4.10738688E8,
      "values" : [ 328949760, 408707072, 408838144, 410738688 ],
      "stddev" : 4.024981176966604E7
    },
    "vm.memory.total.used.history" : {
      "count" : 4,
      "max" : 299001456,
      "mean" : 2.6663247761976635E8,
      "min" : 224178704,
      "p50" : 2.71268688E8,
      "p75" : 2.99001456E8,
      "p95" : 2.99001456E8,
      "p98" : 2.99001456E8,
      "p99" : 2.99001456E8,
      "p999" : 2.99001456E8,
      "values" : [ 224178704, 271268688, 288974752, 299001456 ],
      "stddev" : 3.1745482025126155E7
    },
    "vm.memory.total.used.window.15m" : {
      "count" : 4,
      "max" : 299001456,
      "mean" : 2.708559E8,
      "min" : 224178704,
      "p50" : 2.8012172E8,
      "p75" : 2.9649478E8,
      "p95" : 2.99001456E8,
      "p98" : 2.99001456E8,
      "p99" : 2.99001456E8,
      "p999" : 2.99001456E8,
      "values" : [ 224178704, 271268688, 288974752, 299001456 ],
      "stddev" : 3.316321325757603E7
    },
    "vm.memory.total.used.window.1h" : {
      "count" : 4,
      "max" : 299001456,
      "mean" : 2.708559E8,
      "min" : 224178704,
      "p50" : 2.8012172E8,
      "p75" : 2.9649478E8,
      "p95" : 2.99001456E8,
      "p98" : 2.99001456E8,
      "p99" : 2.99001456E8,
      "p999" : 2.99001456E8,
      "values" : [ 224178704, 271268688, 288974752, 299001456 ],
      "stddev" : 3.316321325757603E7
    },
    "vm.memory.total.used.window.5m" : {
      "count" : 4,
      "max" : 299001456,
      "mean" : 2.708559E8,
      "min" : 224178704,
      "p50" : 2.8012172E8,
      "p75" : 2.9649478E8,
      "p95" : 2.99001456E8,
      "p98" : 2.99001456E8,
      "p99" : 2.99001456E8,
      "p999" : 2.99001456E8,
      "values" : [ 224178704, 271268688, 288974752, 299001456 ],
      "stddev" : 3.316321325757603E7
    }
  },
  "meters" : {
    "http.responseCodes.badRequest" : {
      "count" : 0,
      "m15_rate" : 0.0,
      "m1_rate" : 0.0,
      "m5_rate" : 0.0,
      "mean_rate" : 0.0,
      "units" : "events/minute"
    },
    "http.responseCodes.created" : {
      "count" : 0,
      "m15_rate" : 0.0,
      "m1_rate" : 0.0,
      "m5_rate" : 0.0,
      "mean_rate" : 0.0,
      "units" : "events/minute"
    },
    "http.responseCodes.forbidden" : {
      "count" : 0,
      "m15_rate" : 0.0,
      "m1_rate" : 0.0,
      "m5_rate" : 0.0,
      "mean_rate" : 0.0,
      "units" : "events/minute"
    },
    "http.responseCodes.noContent" : {
      "count" : 0,
      "m15_rate" : 0.0,
      "m1_rate" : 0.0,
      "m5_rate" : 0.0,
      "mean_rate" : 0.0,
      "units" : "events/minute"
    },
    "http.responseCodes.notFound" : {
      "count" : 0,
      "m15_rate" : 0.0,
      "m1_rate" : 0.0,
      "m5_rate" : 0.0,
      "mean_rate" : 0.0,
      "units" : "events/minute"
    },
    "http.responseCodes.notModified" : {
      "count" : 0,
      "m15_rate" : 0.0,
      "m1_rate" : 0.0,
      "m5_rate" : 0.0,
      "mean_rate" : 0.0,
      "units" : "events/minute"
    },
    "http.responseCodes.ok" : {
      "count" : 25,
      "m15_rate" : 12.842810338827503,
      "m1_rate" : 20.7021955617025,
      "m5_rate" : 14.39229265312646,
      "mean_rate" : 28.020398529202296,
      "units" : "events/minute"
    },
    "http.responseCodes.other" : {
      "count" : 0,
      "m15_rate" : 0.0,
      "m1_rate" : 0.0,
      "m5_rate" : 0.0,
      "mean_rate" : 0.0,
      "units" : "events/minute"
    },
    "http.responseCodes.serverError" : {
      "count" : 0,
      "m15_rate" : 0.0,
      "m1_rate" : 0.0,
      "m5_rate" : 0.0,
      "mean_rate" : 0.0,
      "units" : "events/minute"
    },
    "http.responseCodes.serviceUnavailable" : {
      "count" : 0,
      "m15_rate" : 0.0,
      "m1_rate" : 0.0,
      "m5_rate" : 0.0,
      "mean_rate" : 0.0,
      "units" : "events/minute"
    },
    "jenkins.job.scheduled" : {
      "count" : 0,
      "m15_rate" : 0.0,
      "m1_rate" : 0.0,
      "m5_rate" : 0.0,
      "mean_rate" : 0.0,
      "units" : "events/minute"
    },
    "jenkins.runs.aborted" : {
      "count" : 0,
      "m15_rate" : 0.0,
      "m1_rate" : 0.0,
      "m5_rate" : 0.0,
      "mean_rate" : 0.0,
      "units" : "events/minute"
    },
    "jenkins.runs.failure" : {
      "count" : 0,
      "m15_rate" : 0.0,
      "m1_rate" : 0.0,
      "m5_rate" : 0.0,
      "mean_rate" : 0.0,
      "units" : "events/minute"
    },
    "jenkins.runs.not_built" : {
      "count" : 0,
      "m15_rate" : 0.0,
      "m1_rate" : 0.0,
      "m5_rate" : 0.0,
      "mean_rate" : 0.0,
      "units" : "events/minute"
    },
    "jenkins.runs.success" : {
      "count" : 0,
      "m15_rate" : 0.0,
      "m1_rate" : 0.0,
      "m5_rate" : 0.0,
      "mean_rate" : 0.0,
      "units" : "events/minute"
    },
    "jenkins.runs.total" : {
      "count" : 0,
      "m15_rate" : 0.0,
      "m1_rate" : 0.0,
      "m5_rate" : 0.0,
      "mean_rate" : 0.0,
      "units" : "events/minute"
    },
    "jenkins.runs.unstable" : {
      "count" : 0,
      "m15_rate" : 0.0,
      "m1_rate" : 0.0,
      "m5_rate" : 0.0,
      "mean_rate" : 0.0,
      "units" : "events/minute"
    },
    "jenkins.task.scheduled" : {
      "count" : 0,
      "m15_rate" : 0.0,
      "m1_rate" : 0.0,
      "m5_rate" : 0.0,
      "mean_rate" : 0.0,
      "units" : "events/minute"
    }
  },
  "timers" : {
    "http.requests" : {
      "count" : 25,
      "max" : 1.062167153,
      "mean" : 0.052101387633276985,
      "min" : 0.005371610000000001,
      "p50" : 0.012068693,
      "p75" : 0.02355967,
      "p95" : 0.188421364,
      "p98" : 1.062167153,
      "p99" : 1.062167153,
      "p999" : 1.062167153,
      "values" : [ 0.005371610000000001, 0.005554684000000001, 0.006707483, 0.006740897, 0.006896041, 0.007112240000000001, 0.007718167000000001, 0.007746785000000001, 0.009182027, 0.010729266000000001, 0.010880654, 0.011047543, 0.012068693, 0.012726484000000001, 0.014894555, 0.017302441000000002, 0.018049983000000002, 0.020003346, 0.02355967, 0.028696672000000003, 0.033557834, 0.034847607, 0.108183472, 0.188421364, 1.062167153 ],
      "stddev" : 0.17402895687074083,
      "m15_rate" : 12.842810338827503,
      "m1_rate" : 20.7021955617025,
      "m5_rate" : 14.39229265312646,
      "mean_rate" : 28.02171283865254,
      "duration_units" : "seconds",
      "rate_units" : "calls/minute"
    },
    "jenkins.health-check.duration" : {
      "count" : 1,
      "max" : 0.015912416000000002,
      "mean" : 0.015912416000000002,
      "min" : 0.015912416000000002,
      "p50" : 0.015912416000000002,
      "p75" : 0.015912416000000002,
      "p95" : 0.015912416000000002,
      "p98" : 0.015912416000000002,
      "p99" : 0.015912416000000002,
      "p999" : 0.015912416000000002,
      "values" : [ 0.015912416000000002 ],
      "stddev" : 0.0,
      "m15_rate" : 0.06648182394123926,
      "m1_rate" : 0.9594670244481206,
      "m5_rate" : 0.1983425541405901,
      "mean_rate" : 1.1338298216797282,
      "duration_units" : "seconds",
      "rate_units" : "calls/minute"
    },
    "jenkins.job.blocked.duration" : {
      "count" : 0,
      "max" : 0.0,
      "mean" : 0.0,
      "min" : 0.0,
      "p50" : 0.0,
      "p75" : 0.0,
      "p95" : 0.0,
      "p98" : 0.0,
      "p99" : 0.0,
      "p999" : 0.0,
      "values" : [ ],
      "stddev" : 0.0,
      "m15_rate" : 0.0,
      "m1_rate" : 0.0,
      "m5_rate" : 0.0,
      "mean_rate" : 0.0,
      "duration_units" : "seconds",
      "rate_units" : "calls/minute"
    },
    "jenkins.job.buildable.duration" : {
      "count" : 0,
      "max" : 0.0,
      "mean" : 0.0,
      "min" : 0.0,
      "p50" : 0.0,
      "p75" : 0.0,
      "p95" : 0.0,
      "p98" : 0.0,
      "p99" : 0.0,
      "p999" : 0.0,
      "values" : [ ],
      "stddev" : 0.0,
      "m15_rate" : 0.0,
      "m1_rate" : 0.0,
      "m5_rate" : 0.0,
      "mean_rate" : 0.0,
      "duration_units" : "seconds",
      "rate_units" : "calls/minute"
    },
    "jenkins.job.building.duration" : {
      "count" : 0,
      "max" : 0.0,
      "mean" : 0.0,
      "min" : 0.0,
      "p50" : 0.0,
      "p75" : 0.0,
      "p95" : 0.0,
      "p98" : 0.0,
      "p99" : 0.0,
      "p999" : 0.0,
      "values" : [ ],
      "stddev" : 0.0,
      "m15_rate" : 0.0,
      "m1_rate" : 0.0,
      "m5_rate" : 0.0,
      "mean_rate" : 0.0,
      "duration_units" : "seconds",
      "rate_units" : "calls/minute"
    },
    "jenkins.job.execution.time" : {
      "count" : 0,
      "max" : 0.0,
      "mean" : 0.0,
      "min" : 0.0,
      "p50" : 0.0,
      "p75" : 0.0,
      "p95" : 0.0,
      "p98" : 0.0,
      "p99" : 0.0,
      "p999" : 0.0,
      "values" : [ ],
      "stddev" : 0.0,
      "m15_rate" : 0.0,
      "m1_rate" : 0.0,
      "m5_rate" : 0.0,
      "mean_rate" : 0.0,
      "duration_units" : "seconds",
      "rate_units" : "calls/minute"
    },
    "jenkins.job.queuing.duration" : {
      "count" : 0,
      "max" : 0.0,
      "mean" : 0.0,
      "min" : 0.0,
      "p50" : 0.0,
      "p75" : 0.0,
      "p95" : 0.0,
      "p98" : 0.0,
      "p99" : 0.0,
      "p999" : 0.0,
      "values" : [ ],
      "stddev" : 0.0,
      "m15_rate" : 0.0,
      "m1_rate" : 0.0,
      "m5_rate" : 0.0,
      "mean_rate" : 0.0,
      "duration_units" : "seconds",
      "rate_units" : "calls/minute"
    },
    "jenkins.job.total.duration" : {
      "count" : 0,
      "max" : 0.0,
      "mean" : 0.0,
      "min" : 0.0,
      "p50" : 0.0,
      "p75" : 0.0,
      "p95" : 0.0,
      "p98" : 0.0,
      "p99" : 0.0,
      "p999" : 0.0,
      "values" : [ ],
      "stddev" : 0.0,
      "m15_rate" : 0.0,
      "m1_rate" : 0.0,
      "m5_rate" : 0.0,
      "mean_rate" : 0.0,
      "duration_units" : "seconds",
      "rate_units" : "calls/minute"
    },
    "jenkins.job.waiting.duration" : {
      "count" : 0,
      "max" : 0.0,
      "mean" : 0.0,
      "min" : 0.0,
      "p50" : 0.0,
      "p75" : 0.0,
      "p95" : 0.0,
      "p98" : 0.0,
      "p99" : 0.0,
      "p999" : 0.0,
      "values" : [ ],
      "stddev" : 0.0,
      "m15_rate" : 0.0,
      "m1_rate" : 0.0,
      "m5_rate" : 0.0,
      "mean_rate" : 0.0,
      "duration_units" : "seconds",
      "rate_units" : "calls/minute"
    },
    "jenkins.task.blocked.duration" : {
      "count" : 0,
      "max" : 0.0,
      "mean" : 0.0,
      "min" : 0.0,
      "p50" : 0.0,
      "p75" : 0.0,
      "p95" : 0.0,
      "p98" : 0.0,
      "p99" : 0.0,
      "p999" : 0.0,
      "values" : [ ],
      "stddev" : 0.0,
      "m15_rate" : 0.0,
      "m1_rate" : 0.0,
      "m5_rate" : 0.0,
      "mean_rate" : 0.0,
      "duration_units" : "seconds",
      "rate_units" : "calls/minute"
    },
    "jenkins.task.buildable.duration" : {
      "count" : 0,
      "max" : 0.0,
      "mean" : 0.0,
      "min" : 0.0,
      "p50" : 0.0,
      "p75" : 0.0,
      "p95" : 0.0,
      "p98" : 0.0,
      "p99" : 0.0,
      "p999" : 0.0,
      "values" : [ ],
      "stddev" : 0.0,
      "m15_rate" : 0.0,
      "m1_rate" : 0.0,
      "m5_rate" : 0.0,
      "mean_rate" : 0.0,
      "duration_units" : "seconds",
      "rate_units" : "calls/minute"
    },
    "jenkins.task.execution.duration" : {
      "count" : 0,
      "max" : 0.0,
      "mean" : 0.0,
      "min" : 0.0,
      "p50" : 0.0,
      "p75" : 0.0,
      "p95" : 0.0,
      "p98" : 0.0,
      "p99" : 0.0,
      "p999" : 0.0,
      "values" : [ ],
      "stddev" : 0.0,
      "m15_rate" : 0.0,
      "m1_rate" : 0.0,
      "m5_rate" : 0.0,
      "mean_rate" : 0.0,
      "duration_units" : "seconds",
      "rate_units" : "calls/minute"
    },
    "jenkins.task.queuing.duration" : {
      "count" : 0,
      "max" : 0.0,
      "mean" : 0.0,
      "min" : 0.0,
      "p50" : 0.0,
      "p75" : 0.0,
      "p95" : 0.0,
      "p98" : 0.0,
      "p99" : 0.0,
      "p999" : 0.0,
      "values" : [ ],
      "stddev" : 0.0,
      "m15_rate" : 0.0,
      "m1_rate" : 0.0,
      "m5_rate" : 0.0,
      "mean_rate" : 0.0,
      "duration_units" : "seconds",
      "rate_units" : "calls/minute"
    },
    "jenkins.task.waiting.duration" : {
      "count" : 0,
      "max" : 0.0,
      "mean" : 0.0,
      "min" : 0.0,
      "p50" : 0.0,
      "p75" : 0.0,
      "p95" : 0.0,
      "p98" : 0.0,
      "p99" : 0.0,
      "p999" : 0.0,
      "values" : [ ],
      "stddev" : 0.0,
      "m15_rate" : 0.0,
      "m1_rate" : 0.0,
      "m5_rate" : 0.0,
      "mean_rate" : 0.0,
      "duration_units" : "seconds",
      "rate_units" : "calls/minute"
    }
  }
}