{
  "version" : "3.0.0",
  "gauges" : {
    "jenkins.executor.count.value" : {
      "value" : 2
    },
    "jenkins.executor.free.value" : {
      "value" : 2
    },
    "jenkins.executor.in-use.value" : {
      "value" : 0
    },
    "jenkins.health-check.count" : {
      "value" : 4
    },
    "jenkins.health-check.inverse-score" : {
      "value" : 0.0
    },
    "jenkins.health-check.score" : {
      "value" : 1.0
    },
    "jenkins.job.count.value" : {
      "value" : 36
    },
    "jenkins.node.count.value" : {
      "value" : 1
    },
    "jenkins.node.offline.value" : {
      "value" : 0
    },
    "jenkins.node.online.value" : {
      "value" : 1
    },
    "jenkins.plugins.active" : {
      "value" : 69
    },
    "jenkins.plugins.failed" : {
      "value" : 0
    },
    "jenkins.plugins.inactive" : {
      "value" : 0
    },
    "jenkins.plugins.withUpdate" : {
      "value" : 0
    },
    "jenkins.project.count.value" : {
      "value" : 36
    },
    "jenkins.project.disabled.count.value" : {
      "value" : 0
    },
    "jenkins.project.enabled.count.value" : {
      "value" : 36
    },
    "jenkins.queue.blocked.value" : {
      "value" : 0
    },
    "jenkins.queue.buildable.value" : {
      "value" : 0
    },
    "jenkins.queue.pending.value" : {
      "value" : 0
    },
    "jenkins.queue.size.value" : {
      "value" : 0
    },
    "jenkins.queue.stuck.value" : {
      "value" : 0
    },
    "jenkins.versions.core" : {
      "value" : "2.4"
    },
    "jenkins.versions.plugin.ace-editor" : {
      "value" : "1.1"
    },
    "jenkins.versions.plugin.ant" : {
      "value" : "1.3"
    },
    "jenkins.versions.plugin.antisamy-markup-formatter" : {
      "value" : "1.3"
    },
    "jenkins.versions.plugin.bitbucket" : {
      "value" : "1.1.5"
    },
    "jenkins.versions.plugin.branch-api" : {
      "value" : "1.8"
    },
    "jenkins.versions.plugin.cloudbees-folder" : {
      "value" : "5.10"
    },
    "jenkins.versions.plugin.conditional-buildstep" : {
      "value" : "1.3.3"
    },
    "jenkins.versions.plugin.credentials" : {
      "value" : "1.28"
    },
    "jenkins.versions.plugin.crowd2" : {
      "value" : "1.8"
    },
    "jenkins.versions.plugin.durable-task" : {
      "value" : "1.9"
    },
    "jenkins.versions.plugin.envinject" : {
      "value" : "1.92.1"
    },
    "jenkins.versions.plugin.external-monitor-job" : {
      "value" : "1.4"
    },
    "jenkins.versions.plugin.git" : {
      "value" : "2.4.4"
    },
    "jenkins.versions.plugin.git-changelog" : {
      "value" : "1.23"
    },
    "jenkins.versions.plugin.git-client" : {
      "value" : "1.19.6"
    },
    "jenkins.versions.plugin.git-server" : {
      "value" : "1.6"
    },
    "jenkins.versions.plugin.github" : {
      "value" : "1.19.1"
    },
    "jenkins.versions.plugin.github-api" : {
      "value" : "1.75"
    },
    "jenkins.versions.plugin.github-branch-source" : {
      "value" : "1.7"
    },
    "jenkins.versions.plugin.handlebars" : {
      "value" : "1.1.1"
    },
    "jenkins.versions.plugin.icon-shim" : {
      "value" : "2.0.3"
    },
    "jenkins.versions.plugin.jackson2-api" : {
      "value" : "2.7.3"
    },
    "jenkins.versions.plugin.javadoc" : {
      "value" : "1.3"
    },
    "jenkins.versions.plugin.jenkins-multijob-plugin" : {
      "value" : "1.21"
    },
    "jenkins.versions.plugin.jquery-detached" : {
      "value" : "1.2.1"
    },
    "jenkins.versions.plugin.junit" : {
      "value" : "1.13"
    },
    "jenkins.versions.plugin.ldap" : {
      "value" : "1.12"
    },
    "jenkins.versions.plugin.mailer" : {
      "value" : "1.17"
    },
    "jenkins.versions.plugin.mapdb-api" : {
      "value" : "1.0.6.0"
    },
    "jenkins.versions.plugin.matrix-auth" : {
      "value" : "1.3.2"
    },
    "jenkins.versions.plugin.matrix-project" : {
      "value" : "1.6"
    },
    "jenkins.versions.plugin.maven-plugin" : {
      "value" : "2.12.1"
    },
    "jenkins.versions.plugin.mercurial" : {
      "value" : "1.54"
    },
    "jenkins.versions.plugin.metrics" : {
      "value" : "3.1.2.7"
    },
    "jenkins.versions.plugin.momentjs" : {
      "value" : "1.1.1"
    },
    "jenkins.versions.plugin.pam-auth" : {
      "value" : "1.2"
    },
    "jenkins.versions.plugin.parameterized-trigger" : {
      "value" : "2.30"
    },
    "jenkins.versions.plugin.pipeline-build-step" : {
      "value" : "2.0"
    },
    "jenkins.versions.plugin.pipeline-input-step" : {
      "value" : "2.0"
    },
    "jenkins.versions.plugin.pipeline-rest-api" : {
      "value" : "1.4"
    },
    "jenkins.versions.plugin.pipeline-stage-step" : {
      "value" : "2.1"
    },
    "jenkins.versions.plugin.pipeline-stage-view" : {
      "value" : "1.4"
    },
    "jenkins.versions.plugin.plain-credentials" : {
      "value" : "1.1"
    },
    "jenkins.versions.plugin.publish-over-ssh" : {
      "value" : "1.14"
    },
    "jenkins.versions.plugin.run-condition" : {
      "value" : "1.0"
    },
    "jenkins.versions.plugin.scm-api" : {
      "value" : "1.2"
    },
    "jenkins.versions.plugin.scm-sync-configuration" : {
      "value" : "0.0.9"
    },
    "jenkins.versions.plugin.script-security" : {
      "value" : "1.19"
    },
    "jenkins.versions.plugin.ssh-agent" : {
      "value" : "1.10"
    },
    "jenkins.versions.plugin.ssh-credentials" : {
      "value" : "1.12"
    },
    "jenkins.versions.plugin.ssh-slaves" : {
      "value" : "1.11"
    },
    "jenkins.versions.plugin.stashNotifier" : {
      "value" : "1.10.4"
    },
    "jenkins.versions.plugin.structs" : {
      "value" : "1.1"
    },
    "jenkins.versions.plugin.subversion" : {
      "value" : "2.5.7"
    },
    "jenkins.versions.plugin.support-core" : {
      "value" : "2.32"
    },
    "jenkins.versions.plugin.token-macro" : {
      "value" : "1.12.1"
    },
    "jenkins.versions.plugin.translation" : {
      "value" : "1.14"
    },
    "jenkins.versions.plugin.windows-slaves" : {
      "value" : "1.1"
    },
    "jenkins.versions.plugin.workflow-aggregator" : {
      "value" : "2.1"
    },
    "jenkins.versions.plugin.workflow-api" : {
      "value" : "2.0"
    },
    "jenkins.versions.plugin.workflow-basic-steps" : {
      "value" : "2.0"
    },
    "jenkins.versions.plugin.workflow-cps" : {
      "value" : "2.2"
    },
    "jenkins.versions.plugin.workflow-cps-global-lib" : {
      "value" : "2.0"
    },
    "jenkins.versions.plugin.workflow-durable-task-step" : {
      "value" : "2.0"
    },
    "jenkins.versions.plugin.workflow-job" : {
      "value" : "2.1"
    },
    "jenkins.versions.plugin.workflow-multibranch" : {
      "value" : "2.3"
    },
    "jenkins.versions.plugin.workflow-scm-step" : {
      "value" : "2.0"
    },
    "jenkins.versions.plugin.workflow-step-api" : {
      "value" : "2.0"
    },
    "jenkins.versions.plugin.workflow-support" : {
      "value" : "2.0"
    },
    "system.cpu.load" : {
      "value" : 0.37
    },
    "vm.blocked.count" : {
      "value" : 0
    },
    "vm.count" : {
      "value" : 54
    },
    "vm.cpu.load" : {
      "value" : 0.13275600589049827
    },
    "vm.daemon.count" : {
      "value" : 46
    },
    "vm.deadlock.count" : {
      "value" : 0
    },
    "vm.deadlocks" : {
      "value" : [ ]
    },
    "vm.file.descriptor.ratio" : {
      "value" : 0.122314453125
    },
    "vm.gc.PS-MarkSweep.count" : {
      "value" : 3
    },
    "vm.gc.PS-MarkSweep.time" : {
      "value" : 436
    },
    "vm.gc.PS-Scavenge.count" : {
      "value" : 17
    },
    "vm.gc.PS-Scavenge.time" : {
      "value" : 417
    },
    "vm.memory.heap.committed" : {
      "value" : 771227648
    },
    "vm.memory.heap.init" : {
      "value" : 130023424
    },
    "vm.memory.heap.max" : {
      "value" : 1823473664
    },
    "vm.memory.heap.usage" : {
      "value" : 0.31647122927682714
    },
    "vm.memory.heap.used" : {
      "value" : 577076952
    },
    "vm.memory.non-heap.committed" : {
      "value" : 112328704
    },
    "vm.memory.non-heap.init" : {
      "value" : 2555904
    },
    "vm.memory.non-heap.max" : {
      "value" : -1
    },
    "vm.memory.non-heap.usage" : {
      "value" : -1.038662E8
    },
    "vm.memory.non-heap.used" : {
      "value" : 103868272
    },
    "vm.memory.pools.Code-Cache.committed" : {
      "value" : 22413312
    },
    "vm.memory.pools.Code-Cache.init" : {
      "value" : 2555904
    },
    "vm.memory.pools.Code-Cache.max" : {
      "value" : 251658240
    },
    "vm.memory.pools.Code-Cache.usage" : {
      "value" : 0.08833821614583333
    },
    "vm.memory.pools.Code-Cache.used" : {
      "value" : 22232320
    },
    "vm.memory.pools.Compressed-Class-Space.committed" : {
      "value" : 10223616
    },
    "vm.memory.pools.Compressed-Class-Space.init" : {
      "value" : 0
    },
    "vm.memory.pools.Compressed-Class-Space.max" : {
      "value" : 1073741824
    },
    "vm.memory.pools.Compressed-Class-Space.usage" : {
      "value" : 0.007819049060344696
    },
    "vm.memory.pools.Compressed-Class-Space.used" : {
      "value" : 8395640
    },
    "vm.memory.pools.Metaspace.committed" : {
      "value" : 79691776
    },
    "vm.memory.pools.Metaspace.init" : {
      "value" : 0
    },
    "vm.memory.pools.Metaspace.max" : {
      "value" : -1
    },
    "vm.memory.pools.Metaspace.usage" : {
      "value" : 0.9191233986302426
    },
    "vm.memory.pools.Metaspace.used" : {
      "value" : 73246912
    },
    "vm.memory.pools.PS-Eden-Space.committed" : {
      "value" : 632815616
    },
    "vm.memory.pools.PS-Eden-Space.init" : {
      "value" : 32505856
    },
    "vm.memory.pools.PS-Eden-Space.max" : {
      "value" : 635437056
    },
    "vm.memory.pools.PS-Eden-Space.usage" : {
      "value" : 0.8177074142808568
    },
    "vm.memory.pools.PS-Eden-Space.used" : {
      "value" : 519601592
    },
    "vm.memory.pools.PS-Old-Gen.committed" : {
      "value" : 113770496
    },
    "vm.memory.pools.PS-Old-Gen.init" : {
      "value" : 87031808
    },
    "vm.memory.pools.PS-Old-Gen.max" : {
      "value" : 1367343104
    },
    "vm.memory.pools.PS-Old-Gen.usage" : {
      "value" : 0.041051782713345954
    },
    "vm.memory.pools.PS-Old-Gen.used" : {
      "value" : 56131872
    },
    "vm.memory.pools.PS-Survivor-Space.committed" : {
      "value" : 24641536
    },
    "vm.memory.pools.PS-Survivor-Space.init" : {
      "value" : 5242880
    },
    "vm.memory.pools.PS-Survivor-Space.max" : {
      "value" : 24641536
    },
    "vm.memory.pools.PS-Survivor-Space.usage" : {
      "value" : 0.05452127659574468
    },
    "vm.memory.pools.PS-Survivor-Space.used" : {
      "value" : 1343488
    },
    "vm.memory.total.committed" : {
      "value" : 883556352
    },
    "vm.memory.total.init" : {
      "value" : 132579328
    },
    "vm.memory.total.max" : {
      "value" : 1823473663
    },
    "vm.memory.total.used" : {
      "value" : 680964576
    },
    "vm.new.count" : {
      "value" : 0
    },
    "vm.runnable.count" : {
      "value" : 10
    },
    "vm.terminated.count" : {
      "value" : 0
    },
    "vm.timed_waiting.count" : {
      "value" : 14
    },
    "vm.uptime.milliseconds" : {
      "value" : 74565
    },
    "vm.waiting.count" : {
      "value" : 30
    }
  },
  "counters" : {
    "http.activeRequests" : {
      "count" : 1
    }
  },
  "histograms" : {
    "jenkins.executor.count.history" : {
      "count" : 4,
      "max" : 2,
      "mean" : 2.0,
      "min" : 2,
      "p50" : 2.0,
      "p75" : 2.0,
      "p95" : 2.0,
      "p98" : 2.0,
      "p99" : 2.0,
      "p999" : 2.0,
      "values" : [ 2, 2, 2, 2 ],
      "stddev" : 0.0
    },
    "jenkins.executor.free.history" : {
      "count" : 4,
      "max" : 2,
      "mean" : 2.0,
      "min" : 2,
      "p50" : 2.0,
      "p75" : 2.0,
      "p95" : 2.0,
      "p98" : 2.0,
      "p99" : 2.0,
      "p999" : 2.0,
      "values" : [ 2, 2, 2, 2 ],
      "stddev" : 0.0
    },
    "jenkins.executor.in-use.history" : {
      "count" : 4,
      "max" : 0,
      "mean" : 0.0,
      "min" : 0,
      "p50" : 0.0,
      "p75" : 0.0,
      "p95" : 0.0,
      "p98" : 0.0,
      "p99" : 0.0,
      "p999" : 0.0,
      "values" : [ 0, 0, 0, 0 ],
      "stddev" : 0.0
    },
    "jenkins.job.count.history" : {
      "count" : 4,
      "max" : 36,
      "mean" : 36.0,
      "min" : 36,
      "p50" : 36.0,
      "p75" : 36.0,
      "p95" : 36.0,
      "p98" : 36.0,
      "p99" : 36.0,
      "p999" : 36.0,
      "values" : [ 36, 36, 36, 36 ],
      "stddev" : 0.0
    },
    "jenkins.node.count.history" : {
      "count" : 4,
      "max" : 1,
      "mean" : 1.0,
      "min" : 1,
      "p50" : 1.0,
      "p75" : 1.0,
      "p95" : 1.0,
      "p98" : 1.0,
      "p99" : 1.0,
      "p999" : 1.0,
      "values" : [ 1, 1, 1, 1 ],
      "stddev" : 0.0
    },
    "jenkins.node.offline.history" : {
      "count" : 4,
      "max" : 0,
      "mean" : 0.0,
      "min" : 0,
      "p50" : 0.0,
      "p75" : 0.0,
      "p95" : 0.0,
      "p98" : 0.0,
      "p99" : 0.0,
      "p999" : 0.0,
      "values" : [ 0, 0, 0, 0 ],
      "stddev" : 0.0
    },
    "jenkins.node.online.history" : {
      "count" : 4,
      "max" : 1,
      "mean" : 1.0,
      "min" : 1,
      "p50" : 1.0,
      "p75" : 1.0,
      "p95" : 1.0,
      "p98" : 1.0,
      "p99" : 1.0,
      "p999" : 1.0,
      "values" : [ 1, 1, 1, 1 ],
      "stddev" : 0.0
    },
    "jenkins.project.count.history" : {
      "count" : 4,
      "max" : 36,
      "mean" : 36.0,
      "min" : 36,
      "p50" : 36.0,
      "p75" : 36.0,
      "p95" : 36.0,
      "p98" : 36.0,
      "p99" : 36.0,
      "p999" : 36.0,
      "values" : [ 36, 36, 36, 36 ],
      "stddev" : 0.0
    },
    "jenkins.project.disabled.count.history" : {
      "count" : 4,
      "max" : 0,
      "mean" : 0.0,
      "min" : 0,
      "p50" : 0.0,
      "p75" : 0.0,
      "p95" : 0.0,
      "p98" : 0.0,
      "p99" : 0.0,
      "p999" : 0.0,
      "values" : [ 0, 0, 0, 0 ],
      "stddev" : 0.0
    },
    "jenkins.project.enabled.count.history" : {
      "count" : 4,
      "max" : 36,
      "mean" : 36.0,
      "min" : 36,
      "p50" : 36.0,
      "p75" : 36.0,
      "p95" : 36.0,
      "p98" : 36.0,
      "p99" : 36.0,
      "p999" : 36.0,
      "values" : [ 36, 36, 36, 36 ],
      "stddev" : 0.0
    },
    "jenkins.queue.blocked.history" : {
      "count" : 4,
      "max" : 0,
      "mean" : 0.0,
      "min" : 0,
      "p50" : 0.0,
      "p75" : 0.0,
      "p95" : 0.0,
      "p98" : 0.0,
      "p99" : 0.0,
      "p999" : 0.0,
      "values" : [ 0, 0, 0, 0 ],
      "stddev" : 0.0
    },
    "jenkins.queue.buildable.history" : {
      "count" : 4,
      "max" : 0,
      "mean" : 0.0,
      "min" : 0,
      "p50" : 0.0,
      "p75" : 0.0,
      "p95" : 0.0,
      "p98" : 0.0,
      "p99" : 0.0,
      "p999" : 0.0,
      "values" : [ 0, 0, 0, 0 ],
      "stddev" : 0.0
    },
    "jenkins.queue.pending.history" : {
      "count" : 4,
      "max" : 0,
      "mean" : 0.0,
      "min" : 0,
      "p50" : 0.0,
      "p75" : 0.0,
      "p95" : 0.0,
      "p98" : 0.0,
      "p99" : 0.0,
      "p999" : 0.0,
      "values" : [ 0, 0, 0, 0 ],
      "stddev" : 0.0
    },
    "jenkins.queue.size.history" : {
      "count" : 4,
      "max" : 0,
      "mean" : 0.0,
      "min" : 0,
      "p50" : 0.0,
      "p75" : 0.0,
      "p95" : 0.0,
      "p98" : 0.0,
      "p99" : 0.0,
      "p999" : 0.0,
      "values" : [ 0, 0, 0, 0 ],
      "stddev" : 0.0
    },
    "jenkins.queue.stuck.history" : {
      "count" : 4,
      "max" : 0,
      "mean" : 0.0,
      "min" : 0,
      "p50" : 0.0,
      "p75" : 0.0,
      "p95" : 0.0,
      "p98" : 0.0,
      "p99" : 0.0,
      "p999" : 0.0,
      "values" : [ 0, 0, 0, 0 ],
      "stddev" : 0.0
    }
  },
  "meters" : {
    "http.responseCodes.badRequest" : {
      "count" : 0,
      "m15_rate" : 0.0,
      "m1_rate" : 0.0,
      "m5_rate" : 0.0,
      "mean_rate" : 0.0,
      "units" : "events/minute"
    },
    "http.responseCodes.created" : {
      "count" : 0,
      "m15_rate" : 0.0,
      "m1_rate" : 0.0,
      "m5_rate" : 0.0,
      "mean_rate" : 0.0,
      "units" : "events/minute"
    },
    "http.responseCodes.forbidden" : {
      "count" : 0,
      "m15_rate" : 0.0,
      "m1_rate" : 0.0,
      "m5_rate" : 0.0,
      "mean_rate" : 0.0,
      "units" : "events/minute"
    },
    "http.responseCodes.noContent" : {
      "count" : 0,
      "m15_rate" : 0.0,
      "m1_rate" : 0.0,
      "m5_rate" : 0.0,
      "mean_rate" : 0.0,
      "units" : "events/minute"
    },
    "http.responseCodes.notFound" : {
      "count" : 0,
      "m15_rate" : 0.0,
      "m1_rate" : 0.0,
      "m5_rate" : 0.0,
      "mean_rate" : 0.0,
      "units" : "events/minute"
    },
    "http.responseCodes.notModified" : {
      "count" : 0,
      "m15_rate" : 0.0,
      "m1_rate" : 0.0,
      "m5_rate" : 0.0,
      "mean_rate" : 0.0,
      "units" : "events/minute"
    },
    "http.responseCodes.ok" : {
      "count" : 86,
      "m15_rate" : 5.428750673468034,
      "m1_rate" : 46.71434381538642,
      "m5_rate" : 14.966527393025748,
      "mean_rate" : 73.43347263314092,
      "units" : "events/minute"
    },
    "http.responseCodes.other" : {
      "count" : 0,
      "m15_rate" : 0.0,
      "m1_rate" : 0.0,
      "m5_rate" : 0.0,
      "mean_rate" : 0.0,
      "units" : "events/minute"
    },
    "http.responseCodes.serverError" : {
      "count" : 0,
      "m15_rate" : 0.0,
      "m1_rate" : 0.0,
      "m5_rate" : 0.0,
      "mean_rate" : 0.0,
      "units" : "events/minute"
    },
    "http.responseCodes.serviceUnavailable" : {
      "count" : 1,
      "m15_rate" : 0.062194210674671534,
      "m1_rate" : 0.3529681927764013,
      "m5_rate" : 0.1623891487189357,
      "mean_rate" : 0.8538747180786659,
      "units" : "events/minute"
    },
    "jenkins.job.scheduled" : {
      "count" : 0,
      "m15_rate" : 0.0,
      "m1_rate" : 0.0,
      "m5_rate" : 0.0,
      "mean_rate" : 0.0,
      "units" : "events/minute"
    },
    "jenkins.runs.aborted" : {
      "count" : 0,
      "m15_rate" : 0.0,
      "m1_rate" : 0.0,
      "m5_rate" : 0.0,
      "mean_rate" : 0.0,
      "units" : "events/minute"
    },
    "jenkins.runs.failure" : {
      "count" : 0,
      "m15_rate" : 0.0,
      "m1_rate" : 0.0,
      "m5_rate" : 0.0,
      "mean_rate" : 0.0,
      "units" : "events/minute"
    },
    "jenkins.runs.not_built" : {
      "count" : 0,
      "m15_rate" : 0.0,
      "m1_rate" : 0.0,
      "m5_rate" : 0.0,
      "mean_rate" : 0.0,
      "units" : "events/minute"
    },
    "jenkins.runs.success" : {
      "count" : 0,
      "m15_rate" : 0.0,
      "m1_rate" : 0.0,
      "m5_rate" : 0.0,
      "mean_rate" : 0.0,
      "units" : "events/minute"
    },
    "jenkins.runs.total" : {
      "count" : 0,
      "m15_rate" : 0.0,
      "m1_rate" : 0.0,
      "m5_rate" : 0.0,
      "mean_rate" : 0.0,
      "units" : "events/minute"
    },
    "jenkins.runs.unstable" : {
      "count" : 0,
      "m15_rate" : 0.0,
      "m1_rate" : 0.0,
      "m5_rate" : 0.0,
      "mean_rate" : 0.0,
      "units" : "events/minute"
    }
  },
  "timers" : {
    "http.requests" : {
      "count" : 87,
      "max" : 2.049058313,
      "mean" : 0.04151850287635306,
      "min" : 0.005156483,
      "p50" : 0.008263238000000001,
      "p75" : 0.01138194,
      "p95" : 0.12898010000000001,
      "p98" : 0.41089958600000004,
      "p99" : 0.503276802,
      "p999" : 2.049058313,
      "values" : [ 0.005156483, 0.005205981, 0.005429702000000001, 0.0054337560000000005, 0.005543509, 0.005547890000000001, 0.005693282, 0.005771957, 0.005789383, 0.005797815, 0.005798699, 0.0058753270000000005, 0.005876338, 0.005877953, 0.005878292, 0.005891520000000001, 0.005930666, 0.006009426, 0.006051328000000001, 0.006055912, 0.006088264, 0.006095352, 0.006307407, 0.006314318, 0.006316839, 0.006436871, 0.006490588, 0.006643043, 0.006682462, 0.006790040000000001, 0.007015035, 0.0070825670000000005, 0.007163289000000001, 0.0075662360000000005, 0.007604783, 0.007675282, 0.007684212, 0.007776522, 0.007894664000000001, 0.007973302, 0.008053498000000001, 0.008263238000000001, 0.008309265, 0.008453842000000001, 0.008647436000000001, 0.008705679000000001, 0.008745338, 0.008752600000000001, 0.008854089, 0.009060302000000001, 0.009136341000000001, 0.009355221, 0.009373351, 0.009486359, 0.009622932, 0.009743941, 0.009785045000000001, 0.009906158, 0.009949808000000001, 0.009964266000000001, 0.010078489000000001, 0.010350819, 0.01138194, 0.011880592, 0.012008216, 0.012438449, 0.013823924000000001, 0.013998323, 0.016102496, 0.016559969, 0.027008872000000003, 0.027152419, 0.028299608, 0.028811867, 0.030808026000000002, 0.030817380000000002, 0.03147813, 0.035130528, 0.035794549, 0.037751409, 0.048583199, 0.09461865900000001, 0.12898010000000001, 0.38980489500000004, 0.41089958600000004, 0.503276802, 2.049058313 ],
      "stddev" : 0.18791969985911064,
      "m15_rate" : 5.490944884142705,
      "m1_rate" : 47.06731200816283,
      "m5_rate" : 15.12891654174468,
      "mean_rate" : 74.29081154883416,
      "duration_units" : "seconds",
      "rate_units" : "calls/minute"
    },
    "jenkins.health-check.duration" : {
      "count" : 1,
      "max" : 0.013426278000000002,
      "mean" : 0.013426278000000002,
      "min" : 0.013426278000000002,
      "p50" : 0.013426278000000002,
      "p75" : 0.013426278000000002,
      "p95" : 0.013426278000000002,
      "p98" : 0.013426278000000002,
      "p99" : 0.013426278000000002,
      "p999" : 0.013426278000000002,
      "values" : [ 0.013426278000000002 ],
      "stddev" : 0.0,
      "m15_rate" : 0.06288911086740774,
      "m1_rate" : 0.4169826499467703,
      "m5_rate" : 0.1678933473481367,
      "mean_rate" : 0.9551367224494134,
      "duration_units" : "seconds",
      "rate_units" : "calls/minute"
    },
    "jenkins.job.blocked.duration" : {
      "count" : 0,
      "max" : 0.0,
      "mean" : 0.0,
      "min" : 0.0,
      "p50" : 0.0,
      "p75" : 0.0,
      "p95" : 0.0,
      "p98" : 0.0,
      "p99" : 0.0,
      "p999" : 0.0,
      "values" : [ ],
      "stddev" : 0.0,
      "m15_rate" : 0.0,
      "m1_rate" : 0.0,
      "m5_rate" : 0.0,
      "mean_rate" : 0.0,
      "duration_units" : "seconds",
      "rate_units" : "calls/minute"
    },
    "jenkins.job.buildable.duration" : {
      "count" : 0,
      "max" : 0.0,
      "mean" : 0.0,
      "min" : 0.0,
      "p50" : 0.0,
      "p75" : 0.0,
      "p95" : 0.0,
      "p98" : 0.0,
      "p99" : 0.0,
      "p999" : 0.0,
      "values" : [ ],
      "stddev" : 0.0,
      "m15_rate" : 0.0,
      "m1_rate" : 0.0,
      "m5_rate" : 0.0,
      "mean_rate" : 0.0,
      "duration_units" : "seconds",
      "rate_units" : "calls/minute"
    },
    "jenkins.job.building.duration" : {
      "count" : 0,
      "max" : 0.0,
      "mean" : 0.0,
      "min" : 0.0,
      "p50" : 0.0,
      "p75" : 0.0,
      "p95" : 0.0,
      "p98" : 0.0,
      "p99" : 0.0,
      "p999" : 0.0,
      "values" : [ ],
      "stddev" : 0.0,
      "m15_rate" : 0.0,
      "m1_rate" : 0.0,
      "m5_rate" : 0.0,
      "mean_rate" : 0.0,
      "duration_units" : "seconds",
      "rate_units" : "calls/minute"
    },
    "jenkins.job.queuing.duration" : {
      "count" : 0,
      "max" : 0.0,
      "mean" : 0.0,
      "min" : 0.0,
      "p50" : 0.0,
      "p75" : 0.0,
      "p95" : 0.0,
      "p98" : 0.0,
      "p99" : 0.0,
      "p999" : 0.0,
      "values" : [ ],
      "stddev" : 0.0,
      "m15_rate" : 0.0,
      "m1_rate" : 0.0,
      "m5_rate" : 0.0,
      "mean_rate" : 0.0,
      "duration_units" : "seconds",
      "rate_units" : "calls/minute"
    },
    "jenkins.job.total.duration" : {
      "count" : 0,
      "max" : 0.0,
      "mean" : 0.0,
      "min" : 0.0,
      "p50" : 0.0,
      "p75" : 0.0,
      "p95" : 0.0,
      "p98" : 0.0,
      "p99" : 0.0,
      "p999" : 0.0,
      "values" : [ ],
      "stddev" : 0.0,
      "m15_rate" : 0.0,
      "m1_rate" : 0.0,
      "m5_rate" : 0.0,
      "mean_rate" : 0.0,
      "duration_units" : "seconds",
      "rate_units" : "calls/minute"
    },
    "jenkins.job.waiting.duration" : {
      "count" : 0,
      "max" : 0.0,
      "mean" : 0.0,
      "min" : 0.0,
      "p50" : 0.0,
      "p75" : 0.0,
      "p95" : 0.0,
      "p98" : 0.0,
      "p99" : 0.0,
      "p999" : 0.0,
      "values" : [ ],
      "stddev" : 0.0,
      "m15_rate" : 0.0,
      "m1_rate" : 0.0,
      "m5_rate" : 0.0,
      "mean_rate" : 0.0,
      "duration_units" : "seconds",
      "rate_units" : "calls/minute"
    }
  }
}