{
  "version" : "3.0.0",
  "gauges" : {
    "jenkins.executor.count.value" : {
      "value" : 2
    },
    "jenkins.executor.free.value" : {
      "value" : 2
    },
    "jenkins.executor.in-use.value" : {
      "value" : 0
    },
    "jenkins.health-check.count" : {
      "value" : 4
    },
    "jenkins.health-check.inverse-score" : {
      "value" : 0.0
    },
    "jenkins.health-check.score" : {
      "value" : 1.0
    },
    "jenkins.job.averageDepth" : {
      "value" : 1.0
    },
    "jenkins.job.count.value" : {
      "value" : 4
    },
    "jenkins.node.count.value" : {
      "value" : 1
    },
    "jenkins.node.offline.value" : {
      "value" : 0
    },
    "jenkins.node.online.value" : {
      "value" : 1
    },
    "jenkins.plugins.active" : {
      "value" : 22
    },
    "jenkins.plugins.failed" : {
      "value" : 1
    },
    "jenkins.plugins.inactive" : {
      "value" : 0
    },
    "jenkins.plugins.withUpdate" : {
      "value" : 0
    },
    "jenkins.project.count.value" : {
      "value" : 4
    },
    "jenkins.project.disabled.count.value" : {
      "value" : 0
    },
    "jenkins.project.enabled.count.value" : {
      "value" : 4
    },
    "jenkins.queue.blocked.value" : {
      "value" : 0
    },
    "jenkins.queue.buildable.value" : {
      "value" : 0
    },
    "jenkins.queue.pending.value" : {
      "value" : 0
    },
    "jenkins.queue.size.value" : {
      "value" : 0
    },
    "jenkins.queue.stuck.value" : {
      "value" : 0
    },
    "jenkins.versions.core" : {
      "value" : "2.49"
    },
    "jenkins.versions.plugin.ant" : {
      "value" : "1.4"
    },
    "jenkins.versions.plugin.bouncycastle-api" : {
      "value" : "2.16.0"
    },
    "jenkins.versions.plugin.credentials" : {
      "value" : "2.1.13"
    },
    "jenkins.versions.plugin.display-url-api" : {
      "value" : "1.1.1"
    },
    "jenkins.versions.plugin.git" : {
      "value" : "3.1.0"
    },
    "jenkins.versions.plugin.git-client" : {
      "value" : "2.3.0"
    },
    "jenkins.versions.plugin.github" : {
      "value" : "1.26.1"
    },
    "jenkins.versions.plugin.github-api" : {
      "value" : "1.85"
    },
    "jenkins.versions.plugin.jackson2-api" : {
      "value" : "2.7.3"
    },
    "jenkins.versions.plugin.junit" : {
      "value" : "1.20"
    },
    "jenkins.versions.plugin.mailer" : {
      "value" : "1.19"
    },
    "jenkins.versions.plugin.matrix-project" : {
      "value" : "1.8"
    },
    "jenkins.versions.plugin.metrics" : {
      "value" : "3.1.2.9"
    },
    "jenkins.versions.plugin.plain-credentials" : {
      "value" : "1.4"
    },
    "jenkins.versions.plugin.scm-api" : {
      "value" : "2.1.0"
    },
    "jenkins.versions.plugin.script-security" : {
      "value" : "1.27"
    },
    "jenkins.versions.plugin.ssh-credentials" : {
      "value" : "1.13"
    },
    "jenkins.versions.plugin.structs" : {
      "value" : "1.6"
    },
    "jenkins.versions.plugin.token-macro" : {
      "value" : "2.0"
    },
    "jenkins.versions.plugin.workflow-scm-step" : {
      "value" : "2.4"
    },
    "jenkins.versions.plugin.workflow-step-api" : {
      "value" : "2.9"
    },
    "vm.blocked.count" : {
      "value" : 0
    },
    "vm.class.loaded" : {
      "value" : 11707
    },
    "vm.class.unloaded" : {
      "value" : 0
    },
    "vm.count" : {
      "value" : 41
    },
    "vm.cpu.load" : {
      "value" : 0.3405837258705089
    },
    "vm.daemon.count" : {
      "value" : 38
    },
    "vm.deadlock.count" : {
      "value" : 0
    },
    "vm.deadlocks" : {
      "value" : [ ]
    },
    "vm.file.descriptor.ratio" : {
      "value" : "NaN"
    },
    "vm.gc.Copy.count" : {
      "value" : 200
    },
    "vm.gc.Copy.time" : {
      "value" : 992
    },
    "vm.gc.MarkSweepCompact.count" : {
      "value" : 3
    },
    "vm.gc.MarkSweepCompact.time" : {
      "value" : 279
    },
    "vm.memory.heap.committed" : {
      "value" : 164388864
    },
    "vm.memory.heap.init" : {
      "value" : 134217728
    },
    "vm.memory.heap.max" : {
      "value" : 259522560
    },
    "vm.memory.heap.usage" : {
      "value" : 0.3978830973307292
    },
    "vm.memory.heap.used" : {
      "value" : 103259640
    },
    "vm.memory.non-heap.committed" : {
      "value" : 110452736
    },
    "vm.memory.non-heap.init" : {
      "value" : 2555904
    },
    "vm.memory.non-heap.max" : {
      "value" : -1
    },
    "vm.memory.non-heap.usage" : {
      "value" : -1.06432528E8
    },
    "vm.memory.non-heap.used" : {
      "value" : 106434616
    },
    "vm.memory.pools.Code-Cache.committed" : {
      "value" : 28704768
    },
    "vm.memory.pools.Code-Cache.init" : {
      "value" : 2555904
    },
    "vm.memory.pools.Code-Cache.max" : {
      "value" : 251658240
    },
    "vm.memory.pools.Code-Cache.usage" : {
      "value" : 0.11330362955729166
    },
    "vm.memory.pools.Code-Cache.used" : {
      "value" : 28513792
    },
    "vm.memory.pools.Compressed-Class-Space.committed" : {
      "value" : 8912896
    },
    "vm.memory.pools.Compressed-Class-Space.init" : {
      "value" : 0
    },
    "vm.memory.pools.Compressed-Class-Space.max" : {
      "value" : 1073741824
    },
    "vm.memory.pools.Compressed-Class-Space.usage" : {
      "value" : 0.007559590041637421
    },
    "vm.memory.pools.Compressed-Class-Space.used" : {
      "value" : 8117048
    },
    "vm.memory.pools.Eden-Space.committed" : {
      "value" : 45416448
    },
    "vm.memory.pools.Eden-Space.init" : {
      "value" : 35782656
    },
    "vm.memory.pools.Eden-Space.max" : {
      "value" : 71630848
    },
    "vm.memory.pools.Eden-Space.usage" : {
      "value" : 0.06010092188214776
    },
    "vm.memory.pools.Eden-Space.used" : {
      "value" : 4305080
    },
    "vm.memory.pools.Metaspace.committed" : {
      "value" : 72835072
    },
    "vm.memory.pools.Metaspace.init" : {
      "value" : 0
    },
    "vm.memory.pools.Metaspace.max" : {
      "value" : -1
    },
    "vm.memory.pools.Metaspace.usage" : {
      "value" : 0.9584025673785288
    },
    "vm.memory.pools.Metaspace.used" : {
      "value" : 69805320
    },
    "vm.memory.pools.Survivor-Space.committed" : {
      "value" : 5636096
    },
    "vm.memory.pools.Survivor-Space.init" : {
      "value" : 4456448
    },
    "vm.memory.pools.Survivor-Space.max" : {
      "value" : 8912896
    },
    "vm.memory.pools.Survivor-Space.usage" : {
      "value" : 0.16571852740119486
    },
    "vm.memory.pools.Survivor-Space.used" : {
      "value" : 1477032
    },
    "vm.memory.pools.Tenured-Gen.committed" : {
      "value" : 113336320
    },
    "vm.memory.pools.Tenured-Gen.init" : {
      "value" : 89522176
    },
    "vm.memory.pools.Tenured-Gen.max" : {
      "value" : 178978816
    },
    "vm.memory.pools.Tenured-Gen.usage" : {
      "value" : 0.544631650708875
    },
    "vm.memory.pools.Tenured-Gen.used" : {
      "value" : 97477528
    },
    "vm.memory.total.committed" : {
      "value" : 274841600
    },
    "vm.memory.total.init" : {
      "value" : 136773632
    },
    "vm.memory.total.max" : {
      "value" : 259522559
    },
    "vm.memory.total.used" : {
      "value" : 209663648
    },
    "vm.new.count" : {
      "value" : 0
    },
    "vm.runnable.count" : {
      "value" : 11
    },
    "vm.terminated.count" : {
      "value" : 0
    },
    "vm.timed_waiting.count" : {
      "value" : 9
    },
    "vm.uptime.milliseconds" : {
      "value" : 173270
    },
    "vm.waiting.count" : {
      "value" : 21
    }
  },
  "counters" : {
    "http.activeRequests" : {
      "count" : 1
    }
  },
  "histograms" : {
    "jenkins.executor.count.history" : {
      "count" : 0,
      "max" : 0,
      "mean" : 0.0,
      "min" : 0,
      "p50" : 0.0,
      "p75" : 0.0,
      "p95" : 0.0,
      "p98" : 0.0,
      "p99" : 0.0,
      "p999" : 0.0,
      "values" : [ ],
      "stddev" : 0.0
    },
    "jenkins.executor.free.history" : {
      "count" : 0,
      "max" : 0,
      "mean" : 0.0,
      "min" : 0,
      "p50" : 0.0,
      "p75" : 0.0,
      "p95" : 0.0,
      "p98" : 0.0,
      "p99" : 0.0,
      "p999" : 0.0,
      "values" : [ ],
      "stddev" : 0.0
    },
    "jenkins.executor.in-use.history" : {
      "count" : 0,
      "max" : 0,
      "mean" : 0.0,
      "min" : 0,
      "p50" : 0.0,
      "p75" : 0.0,
      "p95" : 0.0,
      "p98" : 0.0,
      "p99" : 0.0,
      "p999" : 0.0,
      "values" : [ ],
      "stddev" : 0.0
    },
    "jenkins.job.count.history" : {
      "count" : 0,
      "max" : 0,
      "mean" : 0.0,
      "min" : 0,
      "p50" : 0.0,
      "p75" : 0.0,
      "p95" : 0.0,
      "p98" : 0.0,
      "p99" : 0.0,
      "p999" : 0.0,
      "values" : [ ],
      "stddev" : 0.0
    },
    "jenkins.node.count.history" : {
      "count" : 0,
      "max" : 0,
      "mean" : 0.0,
      "min" : 0,
      "p50" : 0.0,
      "p75" : 0.0,
      "p95" : 0.0,
      "p98" : 0.0,
      "p99" : 0.0,
      "p999" : 0.0,
      "values" : [ ],
      "stddev" : 0.0
    },
    "jenkins.node.offline.history" : {
      "count" : 0,
      "max" : 0,
      "mean" : 0.0,
      "min" : 0,
      "p50" : 0.0,
      "p75" : 0.0,
      "p95" : 0.0,
      "p98" : 0.0,
      "p99" : 0.0,
      "p999" : 0.0,
      "values" : [ ],
      "stddev" : 0.0
    },
    "jenkins.node.online.history" : {
      "count" : 0,
      "max" : 0,
      "mean" : 0.0,
      "min" : 0,
      "p50" : 0.0,
      "p75" : 0.0,
      "p95" : 0.0,
      "p98" : 0.0,
      "p99" : 0.0,
      "p999" : 0.0,
      "values" : [ ],
      "stddev" : 0.0
    },
    "jenkins.project.count.history" : {
      "count" : 0,
      "max" : 0,
      "mean" : 0.0,
      "min" : 0,
      "p50" : 0.0,
      "p75" : 0.0,
      "p95" : 0.0,
      "p98" : 0.0,
      "p99" : 0.0,
      "p999" : 0.0,
      "values" : [ ],
      "stddev" : 0.0
    },
    "jenkins.project.disabled.count.history" : {
      "count" : 0,
      "max" : 0,
      "mean" : 0.0,
      "min" : 0,
      "p50" : 0.0,
      "p75" : 0.0,
      "p95" : 0.0,
      "p98" : 0.0,
      "p99" : 0.0,
      "p999" : 0.0,
      "values" : [ ],
      "stddev" : 0.0
    },
    "jenkins.project.enabled.count.history" : {
      "count" : 0,
      "max" : 0,
      "mean" : 0.0,
      "min" : 0,
      "p50" : 0.0,
      "p75" : 0.0,
      "p95" : 0.0,
      "p98" : 0.0,
      "p99" : 0.0,
      "p999" : 0.0,
      "values" : [ ],
      "stddev" : 0.0
    },
    "jenkins.queue.blocked.history" : {
      "count" : 0,
      "max" : 0,
      "mean" : 0.0,
      "min" : 0,
      "p50" : 0.0,
      "p75" : 0.0,
      "p95" : 0.0,
      "p98" : 0.0,
      "p99" : 0.0,
      "p999" : 0.0,
      "values" : [ ],
      "stddev" : 0.0
    },
    "jenkins.queue.buildable.history" : {
      "count" : 0,
      "max" : 0,
      "mean" : 0.0,
      "min" : 0,
      "p50" : 0.0,
      "p75" : 0.0,
      "p95" : 0.0,
      "p98" : 0.0,
      "p99" : 0.0,
      "p999" : 0.0,
      "values" : [ ],
      "stddev" : 0.0
    },
    "jenkins.queue.pending.history" : {
      "count" : 0,
      "max" : 0,
      "mean" : 0.0,
      "min" : 0,
      "p50" : 0.0,
      "p75" : 0.0,
      "p95" : 0.0,
      "p98" : 0.0,
      "p99" : 0.0,
      "p999" : 0.0,
      "values" : [ ],
      "stddev" : 0.0
    },
    "jenkins.queue.size.history" : {
      "count" : 0,
      "max" : 0,
      "mean" : 0.0,
      "min" : 0,
      "p50" : 0.0,
      "p75" : 0.0,
      "p95" : 0.0,
      "p98" : 0.0,
      "p99" : 0.0,
      "p999" : 0.0,
      "values" : [ ],
      "stddev" : 0.0
    },
    "jenkins.queue.stuck.history" : {
      "count" : 0,
      "max" : 0,
      "mean" : 0.0,
      "min" : 0,
      "p50" : 0.0,
      "p75" : 0.0,
      "p95" : 0.0,
      "p98" : 0.0,
      "p99" : 0.0,
      "p999" : 0.0,
      "values" : [ ],
      "stddev" : 0.0
    },
    "vm.cpu.load.x100.history" : {
      "count" : 0,
      "max" : 0,
      "mean" : 0.0,
      "min" : 0,
      "p50" : 0.0,
      "p75" : 0.0,
      "p95" : 0.0,
      "p98" : 0.0,
      "p99" : 0.0,
      "p999" : 0.0,
      "values" : [ ],
      "stddev" : 0.0
    },
    "vm.cpu.load.x100.window.15m" : {
      "count" : 0,
      "max" : 0,
      "mean" : 0.0,
      "min" : 0,
      "p50" : 0.0,
      "p75" : 0.0,
      "p95" : 0.0,
      "p98" : 0.0,
      "p99" : 0.0,
      "p999" : 0.0,
      "values" : [ ],
      "stddev" : 0.0
    },
    "vm.cpu.load.x100.window.1h" : {
      "count" : 0,
      "max" : 0,
      "mean" : 0.0,
      "min" : 0,
      "p50" : 0.0,
      "p75" : 0.0,
      "p95" : 0.0,
      "p98" : 0.0,
      "p99" : 0.0,
      "p999" : 0.0,
      "values" : [ ],
      "stddev" : 0.0
    },
    "vm.cpu.load.x100.window.5m" : {
      "count" : 0,
      "max" : 0,
      "mean" : 0.0,
      "min" : 0,
      "p50" : 0.0,
      "p75" : 0.0,
      "p95" : 0.0,
      "p98" : 0.0,
      "p99" : 0.0,
      "p999" : 0.0,
      "values" : [ ],
      "stddev" : 0.0
    },
    "vm.file.descriptor.ratio.x100.history" : {
      "count" : 0,
      "max" : 0,
      "mean" : 0.0,
      "min" : 0,
      "p50" : 0.0,
      "p75" : 0.0,
      "p95" : 0.0,
      "p98" : 0.0,
      "p99" : 0.0,
      "p999" : 0.0,
      "values" : [ ],
      "stddev" : 0.0
    },
    "vm.file.descriptor.ratio.x100.window.15m" : {
      "count" : 0,
      "max" : 0,
      "mean" : 0.0,
      "min" : 0,
      "p50" : 0.0,
      "p75" : 0.0,
      "p95" : 0.0,
      "p98" : 0.0,
      "p99" : 0.0,
      "p999" : 0.0,
      "values" : [ ],
      "stddev" : 0.0
    },
    "vm.file.descriptor.ratio.x100.window.1h" : {
      "count" : 0,
      "max" : 0,
      "mean" : 0.0,
      "min" : 0,
      "p50" : 0.0,
      "p75" : 0.0,
      "p95" : 0.0,
      "p98" : 0.0,
      "p99" : 0.0,
      "p999" : 0.0,
      "values" : [ ],
      "stddev" : 0.0
    },
    "vm.file.descriptor.ratio.x100.window.5m" : {
      "count" : 0,
      "max" : 0,
      "mean" : 0.0,
      "min" : 0,
      "p50" : 0.0,
      "p75" : 0.0,
      "p95" : 0.0,
      "p98" : 0.0,
      "p99" : 0.0,
      "p999" : 0.0,
      "values" : [ ],
      "stddev" : 0.0
    },
    "vm.memory.heap.committed.history" : {
      "count" : 0,
      "max" : 0,
      "mean" : 0.0,
      "min" : 0,
      "p50" : 0.0,
      "p75" : 0.0,
      "p95" : 0.0,
      "p98" : 0.0,
      "p99" : 0.0,
      "p999" : 0.0,
      "values" : [ ],
      "stddev" : 0.0
    },
    "vm.memory.heap.committed.window.15m" : {
      "count" : 0,
      "max" : 0,
      "mean" : 0.0,
      "min" : 0,
      "p50" : 0.0,
      "p75" : 0.0,
      "p95" : 0.0,
      "p98" : 0.0,
      "p99" : 0.0,
      "p999" : 0.0,
      "values" : [ ],
      "stddev" : 0.0
    },
    "vm.memory.heap.committed.window.1h" : {
      "count" : 0,
      "max" : 0,
      "mean" : 0.0,
      "min" : 0,
      "p50" : 0.0,
      "p75" : 0.0,
      "p95" : 0.0,
      "p98" : 0.0,
      "p99" : 0.0,
      "p999" : 0.0,
      "values" : [ ],
      "stddev" : 0.0
    },
    "vm.memory.heap.committed.window.5m" : {
      "count" : 0,
      "max" : 0,
      "mean" : 0.0,
      "min" : 0,
      "p50" : 0.0,
      "p75" : 0.0,
      "p95" : 0.0,
      "p98" : 0.0,
      "p99" : 0.0,
      "p999" : 0.0,
      "values" : [ ],
      "stddev" : 0.0
    },
    "vm.memory.heap.usage.x100.history" : {
      "count" : 0,
      "max" : 0,
      "mean" : 0.0,
      "min" : 0,
      "p50" : 0.0,
      "p75" : 0.0,
      "p95" : 0.0,
      "p98" : 0.0,
      "p99" : 0.0,
      "p999" : 0.0,
      "values" : [ ],
      "stddev" : 0.0
    },
    "vm.memory.heap.usage.x100.window.15m" : {
      "count" : 0,
      "max" : 0,
      "mean" : 0.0,
      "min" : 0,
      "p50" : 0.0,
      "p75" : 0.0,
      "p95" : 0.0,
      "p98" : 0.0,
      "p99" : 0.0,
      "p999" : 0.0,
      "values" : [ ],
      "stddev" : 0.0
    },
    "vm.memory.heap.usage.x100.window.1h" : {
      "count" : 0,
      "max" : 0,
      "mean" : 0.0,
      "min" : 0,
      "p50" : 0.0,
      "p75" : 0.0,
      "p95" : 0.0,
      "p98" : 0.0,
      "p99" : 0.0,
      "p999" : 0.0,
      "values" : [ ],
      "stddev" : 0.0
    },
    "vm.memory.heap.usage.x100.window.5m" : {
      "count" : 0,
      "max" : 0,
      "mean" : 0.0,
      "min" : 0,
      "p50" : 0.0,
      "p75" : 0.0,
      "p95" : 0.0,
      "p98" : 0.0,
      "p99" : 0.0,
      "p999" : 0.0,
      "values" : [ ],
      "stddev" : 0.0
    },
    "vm.memory.heap.used.history" : {
      "count" : 0,
      "max" : 0,
      "mean" : 0.0,
      "min" : 0,
      "p50" : 0.0,
      "p75" : 0.0,
      "p95" : 0.0,
      "p98" : 0.0,
      "p99" : 0.0,
      "p999" : 0.0,
      "values" : [ ],
      "stddev" : 0.0
    },
    "vm.memory.heap.used.window.15m" : {
      "count" : 0,
      "max" : 0,
      "mean" : 0.0,
      "min" : 0,
      "p50" : 0.0,
      "p75" : 0.0,
      "p95" : 0.0,
      "p98" : 0.0,
      "p99" : 0.0,
      "p999" : 0.0,
      "values" : [ ],
      "stddev" : 0.0
    },
    "vm.memory.heap.used.window.1h" : {
      "count" : 0,
      "max" : 0,
      "mean" : 0.0,
      "min" : 0,
      "p50" : 0.0,
      "p75" : 0.0,
      "p95" : 0.0,
      "p98" : 0.0,
      "p99" : 0.0,
      "p999" : 0.0,
      "values" : [ ],
      "stddev" : 0.0
    },
    "vm.memory.heap.used.window.5m" : {
      "count" : 0,
      "max" : 0,
      "mean" : 0.0,
      "min" : 0,
      "p50" : 0.0,
      "p75" : 0.0,
      "p95" : 0.0,
      "p98" : 0.0,
      "p99" : 0.0,
      "p999" : 0.0,
      "values" : [ ],
      "stddev" : 0.0
    },
    "vm.memory.non-heap.committed.history" : {
      "count" : 0,
      "max" : 0,
      "mean" : 0.0,
      "min" : 0,
      "p50" : 0.0,
      "p75" : 0.0,
      "p95" : 0.0,
      "p98" : 0.0,
      "p99" : 0.0,
      "p999" : 0.0,
      "values" : [ ],
      "stddev" : 0.0
    },
    "vm.memory.non-heap.committed.window.15m" : {
      "count" : 0,
      "max" : 0,
      "mean" : 0.0,
      "min" : 0,
      "p50" : 0.0,
      "p75" : 0.0,
      "p95" : 0.0,
      "p98" : 0.0,
      "p99" : 0.0,
      "p999" : 0.0,
      "values" : [ ],
      "stddev" : 0.0
    },
    "vm.memory.non-heap.committed.window.1h" : {
      "count" : 0,
      "max" : 0,
      "mean" : 0.0,
      "min" : 0,
      "p50" : 0.0,
      "p75" : 0.0,
      "p95" : 0.0,
      "p98" : 0.0,
      "p99" : 0.0,
      "p999" : 0.0,
      "values" : [ ],
      "stddev" : 0.0
    },
    "vm.memory.non-heap.committed.window.5m" : {
      "count" : 0,
      "max" : 0,
      "mean" : 0.0,
      "min" : 0,
      "p50" : 0.0,
      "p75" : 0.0,
      "p95" : 0.0,
      "p98" : 0.0,
      "p99" : 0.0,
      "p999" : 0.0,
      "values" : [ ],
      "stddev" : 0.0
    },
    "vm.memory.non-heap.usage.x100.history" : {
      "count" : 0,
      "max" : 0,
      "mean" : 0.0,
      "min" : 0,
      "p50" : 0.0,
      "p75" : 0.0,
      "p95" : 0.0,
      "p98" : 0.0,
      "p99" : 0.0,
      "p999" : 0.0,
      "values" : [ ],
      "stddev" : 0.0
    },
    "vm.memory.non-heap.usage.x100.window.15m" : {
      "count" : 0,
      "max" : 0,
      "mean" : 0.0,
      "min" : 0,
      "p50" : 0.0,
      "p75" : 0.0,
      "p95" : 0.0,
      "p98" : 0.0,
      "p99" : 0.0,
      "p999" : 0.0,
      "values" : [ ],
      "stddev" : 0.0
    },
    "vm.memory.non-heap.usage.x100.window.1h" : {
      "count" : 0,
      "max" : 0,
      "mean" : 0.0,
      "min" : 0,
      "p50" : 0.0,
      "p75" : 0.0,
      "p95" : 0.0,
      "p98" : 0.0,
      "p99" : 0.0,
      "p999" : 0.0,
      "values" : [ ],
      "stddev" : 0.0
    },
    "vm.memory.non-heap.usage.x100.window.5m" : {
      "count" : 0,
      "max" : 0,
      "mean" : 0.0,
      "min" : 0,
      "p50" : 0.0,
      "p75" : 0.0,
      "p95" : 0.0,
      "p98" : 0.0,
      "p99" : 0.0,
      "p999" : 0.0,
      "values" : [ ],
      "stddev" : 0.0
    },
    "vm.memory.non-heap.used.history" : {
      "count" : 0,
      "max" : 0,
      "mean" : 0.0,
      "min" : 0,
      "p50" : 0.0,
      "p75" : 0.0,
      "p95" : 0.0,
      "p98" : 0.0,
      "p99" : 0.0,
      "p999" : 0.0,
      "values" : [ ],
      "stddev" : 0.0
    },
    "vm.memory.non-heap.used.window.15m" : {
      "count" : 0,
      "max" : 0,
      "mean" : 0.0,
      "min" : 0,
      "p50" : 0.0,
      "p75" : 0.0,
      "p95" : 0.0,
      "p98" : 0.0,
      "p99" : 0.0,
      "p999" : 0.0,
      "values" : [ ],
      "stddev" : 0.0
    },
    "vm.memory.non-heap.used.window.1h" : {
      "count" : 0,
      "max" : 0,
      "mean" : 0.0,
      "min" : 0,
      "p50" : 0.0,
      "p75" : 0.0,
      "p95" : 0.0,
      "p98" : 0.0,
      "p99" : 0.0,
      "p999" : 0.0,
      "values" : [ ],
      "stddev" : 0.0
    },
    "vm.memory.non-heap.used.window.5m" : {
      "count" : 0,
      "max" : 0,
      "mean" : 0.0,
      "min" : 0,
      "p50" : 0.0,
      "p75" : 0.0,
      "p95" : 0.0,
      "p98" : 0.0,
      "p99" : 0.0,
      "p999" : 0.0,
      "values" : [ ],
      "stddev" : 0.0
    },
    "vm.memory.pools.Code-Cache.committed.history" : {
      "count" : 0,
      "max" : 0,
      "mean" : 0.0,
      "min" : 0,
      "p50" : 0.0,
      "p75" : 0.0,
      "p95" : 0.0,
      "p98" : 0.0,
      "p99" : 0.0,
      "p999" : 0.0,
      "values" : [ ],
      "stddev" : 0.0
    },
    "vm.memory.pools.Code-Cache.committed.window.15m" : {
      "count" : 0,
      "max" : 0,
      "mean" : 0.0,
      "min" : 0,
      "p50" : 0.0,
      "p75" : 0.0,
      "p95" : 0.0,
      "p98" : 0.0,
      "p99" : 0.0,
      "p999" : 0.0,
      "values" : [ ],
      "stddev" : 0.0
    },
    "vm.memory.pools.Code-Cache.committed.window.1h" : {
      "count" : 0,
      "max" : 0,
      "mean" : 0.0,
      "min" : 0,
      "p50" : 0.0,
      "p75" : 0.0,
      "p95" : 0.0,
      "p98" : 0.0,
      "p99" : 0.0,
      "p999" : 0.0,
      "values" : [ ],
      "stddev" : 0.0
    },
    "vm.memory.pools.Code-Cache.committed.window.5m" : {
      "count" : 0,
      "max" : 0,
      "mean" : 0.0,
      "min" : 0,
      "p50" : 0.0,
      "p75" : 0.0,
      "p95" : 0.0,
      "p98" : 0.0,
      "p99" : 0.0,
      "p999" : 0.0,
      "values" : [ ],
      "stddev" : 0.0
    },
    "vm.memory.pools.Code-Cache.usage.x100.history" : {
      "count" : 0,
      "max" : 0,
      "mean" : 0.0,
      "min" : 0,
      "p50" : 0.0,
      "p75" : 0.0,
      "p95" : 0.0,
      "p98" : 0.0,
      "p99" : 0.0,
      "p999" : 0.0,
      "values" : [ ],
      "stddev" : 0.0
    },
    "vm.memory.pools.Code-Cache.usage.x100.window.15m" : {
      "count" : 0,
      "max" : 0,
      "mean" : 0.0,
      "min" : 0,
      "p50" : 0.0,
      "p75" : 0.0,
      "p95" : 0.0,
      "p98" : 0.0,
      "p99" : 0.0,
      "p999" : 0.0,
      "values" : [ ],
      "stddev" : 0.0
    },
    "vm.memory.pools.Code-Cache.usage.x100.window.1h" : {
      "count" : 0,
      "max" : 0,
      "mean" : 0.0,
      "min" : 0,
      "p50" : 0.0,
      "p75" : 0.0,
      "p95" : 0.0,
      "p98" : 0.0,
      "p99" : 0.0,
      "p999" : 0.0,
      "values" : [ ],
      "stddev" : 0.0
    },
    "vm.memory.pools.Code-Cache.usage.x100.window.5m" : {
      "count" : 0,
      "max" : 0,
      "mean" : 0.0,
      "min" : 0,
      "p50" : 0.0,
      "p75" : 0.0,
      "p95" : 0.0,
      "p98" : 0.0,
      "p99" : 0.0,
      "p999" : 0.0,
      "values" : [ ],
      "stddev" : 0.0
    },
    "vm.memory.pools.Code-Cache.used.history" : {
      "count" : 0,
      "max" : 0,
      "mean" : 0.0,
      "min" : 0,
      "p50" : 0.0,
      "p75" : 0.0,
      "p95" : 0.0,
      "p98" : 0.0,
      "p99" : 0.0,
      "p999" : 0.0,
      "values" : [ ],
      "stddev" : 0.0
    },
    "vm.memory.pools.Code-Cache.used.window.15m" : {
      "count" : 0,
      "max" : 0,
      "mean" : 0.0,
      "min" : 0,
      "p50" : 0.0,
      "p75" : 0.0,
      "p95" : 0.0,
      "p98" : 0.0,
      "p99" : 0.0,
      "p999" : 0.0,
      "values" : [ ],
      "stddev" : 0.0
    },
    "vm.memory.pools.Code-Cache.used.window.1h" : {
      "count" : 0,
      "max" : 0,
      "mean" : 0.0,
      "min" : 0,
      "p50" : 0.0,
      "p75" : 0.0,
      "p95" : 0.0,
      "p98" : 0.0,
      "p99" : 0.0,
      "p999" : 0.0,
      "values" : [ ],
      "stddev" : 0.0
    },
    "vm.memory.pools.Code-Cache.used.window.5m" : {
      "count" : 0,
      "max" : 0,
      "mean" : 0.0,
      "min" : 0,
      "p50" : 0.0,
      "p75" : 0.0,
      "p95" : 0.0,
      "p98" : 0.0,
      "p99" : 0.0,
      "p999" : 0.0,
      "values" : [ ],
      "stddev" : 0.0
    },
    "vm.memory.pools.Compressed-Class-Space.committed.history" : {
      "count" : 0,
      "max" : 0,
      "mean" : 0.0,
      "min" : 0,
      "p50" : 0.0,
      "p75" : 0.0,
      "p95" : 0.0,
      "p98" : 0.0,
      "p99" : 0.0,
      "p999" : 0.0,
      "values" : [ ],
      "stddev" : 0.0
    },
    "vm.memory.pools.Compressed-Class-Space.committed.window.15m" : {
      "count" : 0,
      "max" : 0,
      "mean" : 0.0,
      "min" : 0,
      "p50" : 0.0,
      "p75" : 0.0,
      "p95" : 0.0,
      "p98" : 0.0,
      "p99" : 0.0,
      "p999" : 0.0,
      "values" : [ ],
      "stddev" : 0.0
    },
    "vm.memory.pools.Compressed-Class-Space.committed.window.1h" : {
      "count" : 0,
      "max" : 0,
      "mean" : 0.0,
      "min" : 0,
      "p50" : 0.0,
      "p75" : 0.0,
      "p95" : 0.0,
      "p98" : 0.0,
      "p99" : 0.0,
      "p999" : 0.0,
      "values" : [ ],
      "stddev" : 0.0
    },
    "vm.memory.pools.Compressed-Class-Space.committed.window.5m" : {
      "count" : 0,
      "max" : 0,
      "mean" : 0.0,
      "min" : 0,
      "p50" : 0.0,
      "p75" : 0.0,
      "p95" : 0.0,
      "p98" : 0.0,
      "p99" : 0.0,
      "p999" : 0.0,
      "values" : [ ],
      "stddev" : 0.0
    },
    "vm.memory.pools.Compressed-Class-Space.usage.x100.history" : {
      "count" : 0,
      "max" : 0,
      "mean" : 0.0,
      "min" : 0,
      "p50" : 0.0,
      "p75" : 0.0,
      "p95" : 0.0,
      "p98" : 0.0,
      "p99" : 0.0,
      "p999" : 0.0,
      "values" : [ ],
      "stddev" : 0.0
    },
    "vm.memory.pools.Compressed-Class-Space.usage.x100.window.15m" : {
      "count" : 0,
      "max" : 0,
      "mean" : 0.0,
      "min" : 0,
      "p50" : 0.0,
      "p75" : 0.0,
      "p95" : 0.0,
      "p98" : 0.0,
      "p99" : 0.0,
      "p999" : 0.0,
      "values" : [ ],
      "stddev" : 0.0
    },
    "vm.memory.pools.Compressed-Class-Space.usage.x100.window.1h" : {
      "count" : 0,
      "max" : 0,
      "mean" : 0.0,
      "min" : 0,
      "p50" : 0.0,
      "p75" : 0.0,
      "p95" : 0.0,
      "p98" : 0.0,
      "p99" : 0.0,
      "p999" : 0.0,
      "values" : [ ],
      "stddev" : 0.0
    },
    "vm.memory.pools.Compressed-Class-Space.usage.x100.window.5m" : {
      "count" : 0,
      "max" : 0,
      "mean" : 0.0,
      "min" : 0,
      "p50" : 0.0,
      "p75" : 0.0,
      "p95" : 0.0,
      "p98" : 0.0,
      "p99" : 0.0,
      "p999" : 0.0,
      "values" : [ ],
      "stddev" : 0.0
    },
    "vm.memory.pools.Compressed-Class-Space.used.history" : {
      "count" : 0,
      "max" : 0,
      "mean" : 0.0,
      "min" : 0,
      "p50" : 0.0,
      "p75" : 0.0,
      "p95" : 0.0,
      "p98" : 0.0,
      "p99" : 0.0,
      "p999" : 0.0,
      "values" : [ ],
      "stddev" : 0.0
    },
    "vm.memory.pools.Compressed-Class-Space.used.window.15m" : {
      "count" : 0,
      "max" : 0,
      "mean" : 0.0,
      "min" : 0,
      "p50" : 0.0,
      "p75" : 0.0,
      "p95" : 0.0,
      "p98" : 0.0,
      "p99" : 0.0,
      "p999" : 0.0,
      "values" : [ ],
      "stddev" : 0.0
    },
    "vm.memory.pools.Compressed-Class-Space.used.window.1h" : {
      "count" : 0,
      "max" : 0,
      "mean" : 0.0,
      "min" : 0,
      "p50" : 0.0,
      "p75" : 0.0,
      "p95" : 0.0,
      "p98" : 0.0,
      "p99" : 0.0,
      "p999" : 0.0,
      "values" : [ ],
      "stddev" : 0.0
    },
    "vm.memory.pools.Compressed-Class-Space.used.window.5m" : {
      "count" : 0,
      "max" : 0,
      "mean" : 0.0,
      "min" : 0,
      "p50" : 0.0,
      "p75" : 0.0,
      "p95" : 0.0,
      "p98" : 0.0,
      "p99" : 0.0,
      "p999" : 0.0,
      "values" : [ ],
      "stddev" : 0.0
    },
    "vm.memory.pools.Eden-Space.committed.history" : {
      "count" : 0,
      "max" : 0,
      "mean" : 0.0,
      "min" : 0,
      "p50" : 0.0,
      "p75" : 0.0,
      "p95" : 0.0,
      "p98" : 0.0,
      "p99" : 0.0,
      "p999" : 0.0,
      "values" : [ ],
      "stddev" : 0.0
    },
    "vm.memory.pools.Eden-Space.committed.window.15m" : {
      "count" : 0,
      "max" : 0,
      "mean" : 0.0,
      "min" : 0,
      "p50" : 0.0,
      "p75" : 0.0,
      "p95" : 0.0,
      "p98" : 0.0,
      "p99" : 0.0,
      "p999" : 0.0,
      "values" : [ ],
      "stddev" : 0.0
    },
    "vm.memory.pools.Eden-Space.committed.window.1h" : {
      "count" : 0,
      "max" : 0,
      "mean" : 0.0,
      "min" : 0,
      "p50" : 0.0,
      "p75" : 0.0,
      "p95" : 0.0,
      "p98" : 0.0,
      "p99" : 0.0,
      "p999" : 0.0,
      "values" : [ ],
      "stddev" : 0.0
    },
    "vm.memory.pools.Eden-Space.committed.window.5m" : {
      "count" : 0,
      "max" : 0,
      "mean" : 0.0,
      "min" : 0,
      "p50" : 0.0,
      "p75" : 0.0,
      "p95" : 0.0,
      "p98" : 0.0,
      "p99" : 0.0,
      "p999" : 0.0,
      "values" : [ ],
      "stddev" : 0.0
    },
    "vm.memory.pools.Eden-Space.usage.x100.history" : {
      "count" : 0,
      "max" : 0,
      "mean" : 0.0,
      "min" : 0,
      "p50" : 0.0,
      "p75" : 0.0,
      "p95" : 0.0,
      "p98" : 0.0,
      "p99" : 0.0,
      "p999" : 0.0,
      "values" : [ ],
      "stddev" : 0.0
    },
    "vm.memory.pools.Eden-Space.usage.x100.window.15m" : {
      "count" : 0,
      "max" : 0,
      "mean" : 0.0,
      "min" : 0,
      "p50" : 0.0,
      "p75" : 0.0,
      "p95" : 0.0,
      "p98" : 0.0,
      "p99" : 0.0,
      "p999" : 0.0,
      "values" : [ ],
      "stddev" : 0.0
    },
    "vm.memory.pools.Eden-Space.usage.x100.window.1h" : {
      "count" : 0,
      "max" : 0,
      "mean" : 0.0,
      "min" : 0,
      "p50" : 0.0,
      "p75" : 0.0,
      "p95" : 0.0,
      "p98" : 0.0,
      "p99" : 0.0,
      "p999" : 0.0,
      "values" : [ ],
      "stddev" : 0.0
    },
    "vm.memory.pools.Eden-Space.usage.x100.window.5m" : {
      "count" : 0,
      "max" : 0,
      "mean" : 0.0,
      "min" : 0,
      "p50" : 0.0,
      "p75" : 0.0,
      "p95" : 0.0,
      "p98" : 0.0,
      "p99" : 0.0,
      "p999" : 0.0,
      "values" : [ ],
      "stddev" : 0.0
    },
    "vm.memory.pools.Eden-Space.used.history" : {
      "count" : 0,
      "max" : 0,
      "mean" : 0.0,
      "min" : 0,
      "p50" : 0.0,
      "p75" : 0.0,
      "p95" : 0.0,
      "p98" : 0.0,
      "p99" : 0.0,
      "p999" : 0.0,
      "values" : [ ],
      "stddev" : 0.0
    },
    "vm.memory.pools.Eden-Space.used.window.15m" : {
      "count" : 0,
      "max" : 0,
      "mean" : 0.0,
      "min" : 0,
      "p50" : 0.0,
      "p75" : 0.0,
      "p95" : 0.0,
      "p98" : 0.0,
      "p99" : 0.0,
      "p999" : 0.0,
      "values" : [ ],
      "stddev" : 0.0
    },
    "vm.memory.pools.Eden-Space.used.window.1h" : {
      "count" : 0,
      "max" : 0,
      "mean" : 0.0,
      "min" : 0,
      "p50" : 0.0,
      "p75" : 0.0,
      "p95" : 0.0,
      "p98" : 0.0,
      "p99" : 0.0,
      "p999" : 0.0,
      "values" : [ ],
      "stddev" : 0.0
    },
    "vm.memory.pools.Eden-Space.used.window.5m" : {
      "count" : 0,
      "max" : 0,
      "mean" : 0.0,
      "min" : 0,
      "p50" : 0.0,
      "p75" : 0.0,
      "p95" : 0.0,
      "p98" : 0.0,
      "p99" : 0.0,
      "p999" : 0.0,
      "values" : [ ],
      "stddev" : 0.0
    },
    "vm.memory.pools.Metaspace.committed.history" : {
      "count" : 0,
      "max" : 0,
      "mean" : 0.0,
      "min" : 0,
      "p50" : 0.0,
      "p75" : 0.0,
      "p95" : 0.0,
      "p98" : 0.0,
      "p99" : 0.0,
      "p999" : 0.0,
      "values" : [ ],
      "stddev" : 0.0
    },
    "vm.memory.pools.Metaspace.committed.window.15m" : {
      "count" : 0,
      "max" : 0,
      "mean" : 0.0,
      "min" : 0,
      "p50" : 0.0,
      "p75" : 0.0,
      "p95" : 0.0,
      "p98" : 0.0,
      "p99" : 0.0,
      "p999" : 0.0,
      "values" : [ ],
      "stddev" : 0.0
    },
    "vm.memory.pools.Metaspace.committed.window.1h" : {
      "count" : 0,
      "max" : 0,
      "mean" : 0.0,
      "min" : 0,
      "p50" : 0.0,
      "p75" : 0.0,
      "p95" : 0.0,
      "p98" : 0.0,
      "p99" : 0.0,
      "p999" : 0.0,
      "values" : [ ],
      "stddev" : 0.0
    },
    "vm.memory.pools.Metaspace.committed.window.5m" : {
      "count" : 0,
      "max" : 0,
      "mean" : 0.0,
      "min" : 0,
      "p50" : 0.0,
      "p75" : 0.0,
      "p95" : 0.0,
      "p98" : 0.0,
      "p99" : 0.0,
      "p999" : 0.0,
      "values" : [ ],
      "stddev" : 0.0
    },
    "vm.memory.pools.Metaspace.usage.x100.history" : {
      "count" : 0,
      "max" : 0,
      "mean" : 0.0,
      "min" : 0,
      "p50" : 0.0,
      "p75" : 0.0,
      "p95" : 0.0,
      "p98" : 0.0,
      "p99" : 0.0,
      "p999" : 0.0,
      "values" : [ ],
      "stddev" : 0.0
    },
    "vm.memory.pools.Metaspace.usage.x100.window.15m" : {
      "count" : 0,
      "max" : 0,
      "mean" : 0.0,
      "min" : 0,
      "p50" : 0.0,
      "p75" : 0.0,
      "p95" : 0.0,
      "p98" : 0.0,
      "p99" : 0.0,
      "p999" : 0.0,
      "values" : [ ],
      "stddev" : 0.0
    },
    "vm.memory.pools.Metaspace.usage.x100.window.1h" : {
      "count" : 0,
      "max" : 0,
      "mean" : 0.0,
      "min" : 0,
      "p50" : 0.0,
      "p75" : 0.0,
      "p95" : 0.0,
      "p98" : 0.0,
      "p99" : 0.0,
      "p999" : 0.0,
      "values" : [ ],
      "stddev" : 0.0
    },
    "vm.memory.pools.Metaspace.usage.x100.window.5m" : {
      "count" : 0,
      "max" : 0,
      "mean" : 0.0,
      "min" : 0,
      "p50" : 0.0,
      "p75" : 0.0,
      "p95" : 0.0,
      "p98" : 0.0,
      "p99" : 0.0,
      "p999" : 0.0,
      "values" : [ ],
      "stddev" : 0.0
    },
    "vm.memory.pools.Metaspace.used.history" : {
      "count" : 0,
      "max" : 0,
      "mean" : 0.0,
      "min" : 0,
      "p50" : 0.0,
      "p75" : 0.0,
      "p95" : 0.0,
      "p98" : 0.0,
      "p99" : 0.0,
      "p999" : 0.0,
      "values" : [ ],
      "stddev" : 0.0
    },
    "vm.memory.pools.Metaspace.used.window.15m" : {
      "count" : 0,
      "max" : 0,
      "mean" : 0.0,
      "min" : 0,
      "p50" : 0.0,
      "p75" : 0.0,
      "p95" : 0.0,
      "p98" : 0.0,
      "p99" : 0.0,
      "p999" : 0.0,
      "values" : [ ],
      "stddev" : 0.0
    },
    "vm.memory.pools.Metaspace.used.window.1h" : {
      "count" : 0,
      "max" : 0,
      "mean" : 0.0,
      "min" : 0,
      "p50" : 0.0,
      "p75" : 0.0,
      "p95" : 0.0,
      "p98" : 0.0,
      "p99" : 0.0,
      "p999" : 0.0,
      "values" : [ ],
      "stddev" : 0.0
    },
    "vm.memory.pools.Metaspace.used.window.5m" : {
      "count" : 0,
      "max" : 0,
      "mean" : 0.0,
      "min" : 0,
      "p50" : 0.0,
      "p75" : 0.0,
      "p95" : 0.0,
      "p98" : 0.0,
      "p99" : 0.0,
      "p999" : 0.0,
      "values" : [ ],
      "stddev" : 0.0
    },
    "vm.memory.pools.Survivor-Space.committed.history" : {
      "count" : 0,
      "max" : 0,
      "mean" : 0.0,
      "min" : 0,
      "p50" : 0.0,
      "p75" : 0.0,
      "p95" : 0.0,
      "p98" : 0.0,
      "p99" : 0.0,
      "p999" : 0.0,
      "values" : [ ],
      "stddev" : 0.0
    },
    "vm.memory.pools.Survivor-Space.committed.window.15m" : {
      "count" : 0,
      "max" : 0,
      "mean" : 0.0,
      "min" : 0,
      "p50" : 0.0,
      "p75" : 0.0,
      "p95" : 0.0,
      "p98" : 0.0,
      "p99" : 0.0,
      "p999" : 0.0,
      "values" : [ ],
      "stddev" : 0.0
    },
    "vm.memory.pools.Survivor-Space.committed.window.1h" : {
      "count" : 0,
      "max" : 0,
      "mean" : 0.0,
      "min" : 0,
      "p50" : 0.0,
      "p75" : 0.0,
      "p95" : 0.0,
      "p98" : 0.0,
      "p99" : 0.0,
      "p999" : 0.0,
      "values" : [ ],
      "stddev" : 0.0
    },
    "vm.memory.pools.Survivor-Space.committed.window.5m" : {
      "count" : 0,
      "max" : 0,
      "mean" : 0.0,
      "min" : 0,
      "p50" : 0.0,
      "p75" : 0.0,
      "p95" : 0.0,
      "p98" : 0.0,
      "p99" : 0.0,
      "p999" : 0.0,
      "values" : [ ],
      "stddev" : 0.0
    },
    "vm.memory.pools.Survivor-Space.usage.x100.history" : {
      "count" : 0,
      "max" : 0,
      "mean" : 0.0,
      "min" : 0,
      "p50" : 0.0,
      "p75" : 0.0,
      "p95" : 0.0,
      "p98" : 0.0,
      "p99" : 0.0,
      "p999" : 0.0,
      "values" : [ ],
      "stddev" : 0.0
    },
    "vm.memory.pools.Survivor-Space.usage.x100.window.15m" : {
      "count" : 0,
      "max" : 0,
      "mean" : 0.0,
      "min" : 0,
      "p50" : 0.0,
      "p75" : 0.0,
      "p95" : 0.0,
      "p98" : 0.0,
      "p99" : 0.0,
      "p999" : 0.0,
      "values" : [ ],
      "stddev" : 0.0
    },
    "vm.memory.pools.Survivor-Space.usage.x100.window.1h" : {
      "count" : 0,
      "max" : 0,
      "mean" : 0.0,
      "min" : 0,
      "p50" : 0.0,
      "p75" : 0.0,
      "p95" : 0.0,
      "p98" : 0.0,
      "p99" : 0.0,
      "p999" : 0.0,
      "values" : [ ],
      "stddev" : 0.0
    },
    "vm.memory.pools.Survivor-Space.usage.x100.window.5m" : {
      "count" : 0,
      "max" : 0,
      "mean" : 0.0,
      "min" : 0,
      "p50" : 0.0,
      "p75" : 0.0,
      "p95" : 0.0,
      "p98" : 0.0,
      "p99" : 0.0,
      "p999" : 0.0,
      "values" : [ ],
      "stddev" : 0.0
    },
    "vm.memory.pools.Survivor-Space.used.history" : {
      "count" : 0,
      "max" : 0,
      "mean" : 0.0,
      "min" : 0,
      "p50" : 0.0,
      "p75" : 0.0,
      "p95" : 0.0,
      "p98" : 0.0,
      "p99" : 0.0,
      "p999" : 0.0,
      "values" : [ ],
      "stddev" : 0.0
    },
    "vm.memory.pools.Survivor-Space.used.window.15m" : {
      "count" : 0,
      "max" : 0,
      "mean" : 0.0,
      "min" : 0,
      "p50" : 0.0,
      "p75" : 0.0,
      "p95" : 0.0,
      "p98" : 0.0,
      "p99" : 0.0,
      "p999" : 0.0,
      "values" : [ ],
      "stddev" : 0.0
    },
    "vm.memory.pools.Survivor-Space.used.window.1h" : {
      "count" : 0,
      "max" : 0,
      "mean" : 0.0,
      "min" : 0,
      "p50" : 0.0,
      "p75" : 0.0,
      "p95" : 0.0,
      "p98" : 0.0,
      "p99" : 0.0,
      "p999" : 0.0,
      "values" : [ ],
      "stddev" : 0.0
    },
    "vm.memory.pools.Survivor-Space.used.window.5m" : {
      "count" : 0,
      "max" : 0,
      "mean" : 0.0,
      "min" : 0,
      "p50" : 0.0,
      "p75" : 0.0,
      "p95" : 0.0,
      "p98" : 0.0,
      "p99" : 0.0,
      "p999" : 0.0,
      "values" : [ ],
      "stddev" : 0.0
    },
    "vm.memory.pools.Tenured-Gen.committed.history" : {
      "count" : 0,
      "max" : 0,
      "mean" : 0.0,
      "min" : 0,
      "p50" : 0.0,
      "p75" : 0.0,
      "p95" : 0.0,
      "p98" : 0.0,
      "p99" : 0.0,
      "p999" : 0.0,
      "values" : [ ],
      "stddev" : 0.0
    },
    "vm.memory.pools.Tenured-Gen.committed.window.15m" : {
      "count" : 0,
      "max" : 0,
      "mean" : 0.0,
      "min" : 0,
      "p50" : 0.0,
      "p75" : 0.0,
      "p95" : 0.0,
      "p98" : 0.0,
      "p99" : 0.0,
      "p999" : 0.0,
      "values" : [ ],
      "stddev" : 0.0
    },
    "vm.memory.pools.Tenured-Gen.committed.window.1h" : {
      "count" : 0,
      "max" : 0,
      "mean" : 0.0,
      "min" : 0,
      "p50" : 0.0,
      "p75" : 0.0,
      "p95" : 0.0,
      "p98" : 0.0,
      "p99" : 0.0,
      "p999" : 0.0,
      "values" : [ ],
      "stddev" : 0.0
    },
    "vm.memory.pools.Tenured-Gen.committed.window.5m" : {
      "count" : 0,
      "max" : 0,
      "mean" : 0.0,
      "min" : 0,
      "p50" : 0.0,
      "p75" : 0.0,
      "p95" : 0.0,
      "p98" : 0.0,
      "p99" : 0.0,
      "p999" : 0.0,
      "values" : [ ],
      "stddev" : 0.0
    },
    "vm.memory.pools.Tenured-Gen.usage.x100.history" : {
      "count" : 0,
      "max" : 0,
      "mean" : 0.0,
      "min" : 0,
      "p50" : 0.0,
      "p75" : 0.0,
      "p95" : 0.0,
      "p98" : 0.0,
      "p99" : 0.0,
      "p999" : 0.0,
      "values" : [ ],
      "stddev" : 0.0
    },
    "vm.memory.pools.Tenured-Gen.usage.x100.window.15m" : {
      "count" : 0,
      "max" : 0,
      "mean" : 0.0,
      "min" : 0,
      "p50" : 0.0,
      "p75" : 0.0,
      "p95" : 0.0,
      "p98" : 0.0,
      "p99" : 0.0,
      "p999" : 0.0,
      "values" : [ ],
      "stddev" : 0.0
    },
    "vm.memory.pools.Tenured-Gen.usage.x100.window.1h" : {
      "count" : 0,
      "max" : 0,
      "mean" : 0.0,
      "min" : 0,
      "p50" : 0.0,
      "p75" : 0.0,
      "p95" : 0.0,
      "p98" : 0.0,
      "p99" : 0.0,
      "p999" : 0.0,
      "values" : [ ],
      "stddev" : 0.0
    },
    "vm.memory.pools.Tenured-Gen.usage.x100.window.5m" : {
      "count" : 0,
      "max" : 0,
      "mean" : 0.0,
      "min" : 0,
      "p50" : 0.0,
      "p75" : 0.0,
      "p95" : 0.0,
      "p98" : 0.0,
      "p99" : 0.0,
      "p999" : 0.0,
      "values" : [ ],
      "stddev" : 0.0
    },
    "vm.memory.pools.Tenured-Gen.used.history" : {
      "count" : 0,
      "max" : 0,
      "mean" : 0.0,
      "min" : 0,
      "p50" : 0.0,
      "p75" : 0.0,
      "p95" : 0.0,
      "p98" : 0.0,
      "p99" : 0.0,
      "p999" : 0.0,
      "values" : [ ],
      "stddev" : 0.0
    },
    "vm.memory.pools.Tenured-Gen.used.window.15m" : {
      "count" : 0,
      "max" : 0,
      "mean" : 0.0,
      "min" : 0,
      "p50" : 0.0,
      "p75" : 0.0,
      "p95" : 0.0,
      "p98" : 0.0,
      "p99" : 0.0,
      "p999" : 0.0,
      "values" : [ ],
      "stddev" : 0.0
    },
    "vm.memory.pools.Tenured-Gen.used.window.1h" : {
      "count" : 0,
      "max" : 0,
      "mean" : 0.0,
      "min" : 0,
      "p50" : 0.0,
      "p75" : 0.0,
      "p95" : 0.0,
      "p98" : 0.0,
      "p99" : 0.0,
      "p999" : 0.0,
      "values" : [ ],
      "stddev" : 0.0
    },
    "vm.memory.pools.Tenured-Gen.used.window.5m" : {
      "count" : 0,
      "max" : 0,
      "mean" : 0.0,
      "min" : 0,
      "p50" : 0.0,
      "p75" : 0.0,
      "p95" : 0.0,
      "p98" : 0.0,
      "p99" : 0.0,
      "p999" : 0.0,
      "values" : [ ],
      "stddev" : 0.0
    },
    "vm.memory.total.committed.history" : {
      "count" : 0,
      "max" : 0,
      "mean" : 0.0,
      "min" : 0,
      "p50" : 0.0,
      "p75" : 0.0,
      "p95" : 0.0,
      "p98" : 0.0,
      "p99" : 0.0,
      "p999" : 0.0,
      "values" : [ ],
      "stddev" : 0.0
    },
    "vm.memory.total.committed.window.15m" : {
      "count" : 0,
      "max" : 0,
      "mean" : 0.0,
      "min" : 0,
      "p50" : 0.0,
      "p75" : 0.0,
      "p95" : 0.0,
      "p98" : 0.0,
      "p99" : 0.0,
      "p999" : 0.0,
      "values" : [ ],
      "stddev" : 0.0
    },
    "vm.memory.total.committed.window.1h" : {
      "count" : 0,
      "max" : 0,
      "mean" : 0.0,
      "min" : 0,
      "p50" : 0.0,
      "p75" : 0.0,
      "p95" : 0.0,
      "p98" : 0.0,
      "p99" : 0.0,
      "p999" : 0.0,
      "values" : [ ],
      "stddev" : 0.0
    },
    "vm.memory.total.committed.window.5m" : {
      "count" : 0,
      "max" : 0,
      "mean" : 0.0,
      "min" : 0,
      "p50" : 0.0,
      "p75" : 0.0,
      "p95" : 0.0,
      "p98" : 0.0,
      "p99" : 0.0,
      "p999" : 0.0,
      "values" : [ ],
      "stddev" : 0.0
    },
    "vm.memory.total.used.history" : {
      "count" : 0,
      "max" : 0,
      "mean" : 0.0,
      "min" : 0,
      "p50" : 0.0,
      "p75" : 0.0,
      "p95" : 0.0,
      "p98" : 0.0,
      "p99" : 0.0,
      "p999" : 0.0,
      "values" : [ ],
      "stddev" : 0.0
    },
    "vm.memory.total.used.window.15m" : {
      "count" : 0,
      "max" : 0,
      "mean" : 0.0,
      "min" : 0,
      "p50" : 0.0,
      "p75" : 0.0,
      "p95" : 0.0,
      "p98" : 0.0,
      "p99" : 0.0,
      "p999" : 0.0,
      "values" : [ ],
      "stddev" : 0.0
    },
    "vm.memory.total.used.window.1h" : {
      "count" : 0,
      "max" : 0,
      "mean" : 0.0,
      "min" : 0,
      "p50" : 0.0,
      "p75" : 0.0,
      "p95" : 0.0,
      "p98" : 0.0,
      "p99" : 0.0,
      "p999" : 0.0,
      "values" : [ ],
      "stddev" : 0.0
    },
    "vm.memory.total.used.window.5m" : {
      "count" : 0,
      "max" : 0,
      "mean" : 0.0,
      "min" : 0,
      "p50" : 0.0,
      "p75" : 0.0,
      "p95" : 0.0,
      "p98" : 0.0,
      "p99" : 0.0,
      "p999" : 0.0,
      "values" : [ ],
      "stddev" : 0.0
    }
  },
  "meters" : {
    "http.responseCodes.badRequest" : {
      "count" : 0,
      "m15_rate" : 0.0,
      "m1_rate" : 0.0,
      "m5_rate" : 0.0,
      "mean_rate" : 0.0,
      "units" : "events/minute"
    },
    "http.responseCodes.created" : {
      "count" : 0,
      "m15_rate" : 0.0,
      "m1_rate" : 0.0,
      "m5_rate" : 0.0,
      "mean_rate" : 0.0,
      "units" : "events/minute"
    },
    "http.responseCodes.forbidden" : {
      "count" : 0,
      "m15_rate" : 0.0,
      "m1_rate" : 0.0,
      "m5_rate" : 0.0,
      "mean_rate" : 0.0,
      "units" : "events/minute"
    },
    "http.responseCodes.noContent" : {
      "count" : 0,
      "m15_rate" : 0.0,
      "m1_rate" : 0.0,
      "m5_rate" : 0.0,
      "mean_rate" : 0.0,
      "units" : "events/minute"
    },
    "http.responseCodes.notFound" : {
      "count" : 0,
      "m15_rate" : 0.0,
      "m1_rate" : 0.0,
      "m5_rate" : 0.0,
      "mean_rate" : 0.0,
      "units" : "events/minute"
    },
    "http.responseCodes.notModified" : {
      "count" : 0,
      "m15_rate" : 0.0,
      "m1_rate" : 0.0,
      "m5_rate" : 0.0,
      "mean_rate" : 0.0,
      "units" : "events/minute"
    },
    "http.responseCodes.ok" : {
      "count" : 53,
      "m15_rate" : 14.650835004423023,
      "m1_rate" : 38.136319869373295,
      "m5_rate" : 19.481678403794895,
      "mean_rate" : 52.905363304074044,
      "units" : "events/minute"
    },
    "http.responseCodes.other" : {
      "count" : 0,
      "m15_rate" : 0.0,
      "m1_rate" : 0.0,
      "m5_rate" : 0.0,
      "mean_rate" : 0.0,
      "units" : "events/minute"
    },
    "http.responseCodes.serverError" : {
      "count" : 0,
      "m15_rate" : 0.0,
      "m1_rate" : 0.0,
      "m5_rate" : 0.0,
      "mean_rate" : 0.0,
      "units" : "events/minute"
    },
    "http.responseCodes.serviceUnavailable" : {
      "count" : 0,
      "m15_rate" : 0.0,
      "m1_rate" : 0.0,
      "m5_rate" : 0.0,
      "mean_rate" : 0.0,
      "units" : "events/minute"
    },
    "jenkins.job.scheduled" : {
      "count" : 0,
      "m15_rate" : 0.0,
      "m1_rate" : 0.0,
      "m5_rate" : 0.0,
      "mean_rate" : 0.0,
      "units" : "events/minute"
    },
    "jenkins.runs.aborted" : {
      "count" : 0,
      "m15_rate" : 0.0,
      "m1_rate" : 0.0,
      "m5_rate" : 0.0,
      "mean_rate" : 0.0,
      "units" : "events/minute"
    },
    "jenkins.runs.failure" : {
      "count" : 0,
      "m15_rate" : 0.0,
      "m1_rate" : 0.0,
      "m5_rate" : 0.0,
      "mean_rate" : 0.0,
      "units" : "events/minute"
    },
    "jenkins.runs.not_built" : {
      "count" : 0,
      "m15_rate" : 0.0,
      "m1_rate" : 0.0,
      "m5_rate" : 0.0,
      "mean_rate" : 0.0,
      "units" : "events/minute"
    },
    "jenkins.runs.success" : {
      "count" : 0,
      "m15_rate" : 0.0,
      "m1_rate" : 0.0,
      "m5_rate" : 0.0,
      "mean_rate" : 0.0,
      "units" : "events/minute"
    },
    "jenkins.runs.total" : {
      "count" : 0,
      "m15_rate" : 0.0,
      "m1_rate" : 0.0,
      "m5_rate" : 0.0,
      "mean_rate" : 0.0,
      "units" : "events/minute"
    },
    "jenkins.runs.unstable" : {
      "count" : 0,
      "m15_rate" : 0.0,
      "m1_rate" : 0.0,
      "m5_rate" : 0.0,
      "mean_rate" : 0.0,
      "units" : "events/minute"
    }
  },
  "timers" : {
    "http.requests" : {
      "count" : 53,
      "max" : 4.018332946,
      "mean" : 0.1089754717194656,
      "min" : 6.929E-6,
      "p50" : 0.0069477900000000006,
      "p75" : 0.025956114000000002,
      "p95" : 0.152775889,
      "p98" : 1.221383307,
      "p99" : 4.018332946,
      "p999" : 4.018332946,
      "values" : [ 6.929E-6, 0.0019342370000000001, 0.0025778890000000003, 0.003385644, 0.003411901, 0.0034483670000000004, 0.003664984, 0.003697441, 0.003830548, 0.003975688000000001, 0.003988086, 0.004242266000000001, 0.004254665, 0.004484409, 0.004546404, 0.004583237, 0.004838145, 0.0049628630000000005, 0.005074454, 0.0051072750000000005, 0.005212666, 0.005324621000000001, 0.005413602, 0.006042666, 0.006154256, 0.006327112, 0.006465689, 0.0069477900000000006, 0.006957271, 0.007814258000000001, 0.008068072, 0.009051235000000001, 0.010074514000000001, 0.011104721000000001, 0.013342367, 0.013635567000000001, 0.014540326000000001, 0.015219351, 0.025754085000000003, 0.025956114000000002, 0.027082595, 0.028349842, 0.029137540000000003, 0.029280128000000002, 0.029493462, 0.039459668, 0.045863363000000004, 0.10110835700000001, 0.102287716, 0.152775889, 0.296456051, 1.221383307, 4.018332946 ],
      "stddev" : 0.5436774387596987,
      "m15_rate" : 14.650835004423023,
      "m1_rate" : 38.136319869373295,
      "m5_rate" : 19.481678403794895,
      "mean_rate" : 52.900818292464955,
      "duration_units" : "seconds",
      "rate_units" : "calls/minute"
    },
    "jenkins.health-check.duration" : {
      "count" : 0,
      "max" : 0.0,
      "mean" : 0.0,
      "min" : 0.0,
      "p50" : 0.0,
      "p75" : 0.0,
      "p95" : 0.0,
      "p98" : 0.0,
      "p99" : 0.0,
      "p999" : 0.0,
      "values" : [ ],
      "stddev" : 0.0,
      "m15_rate" : 0.0,
      "m1_rate" : 0.0,
      "m5_rate" : 0.0,
      "mean_rate" : 0.0,
      "duration_units" : "seconds",
      "rate_units" : "calls/minute"
    },
    "jenkins.job.blocked.duration" : {
      "count" : 0,
      "max" : 0.0,
      "mean" : 0.0,
      "min" : 0.0,
      "p50" : 0.0,
      "p75" : 0.0,
      "p95" : 0.0,
      "p98" : 0.0,
      "p99" : 0.0,
      "p999" : 0.0,
      "values" : [ ],
      "stddev" : 0.0,
      "m15_rate" : 0.0,
      "m1_rate" : 0.0,
      "m5_rate" : 0.0,
      "mean_rate" : 0.0,
      "duration_units" : "seconds",
      "rate_units" : "calls/minute"
    },
    "jenkins.job.buildable.duration" : {
      "count" : 0,
      "max" : 0.0,
      "mean" : 0.0,
      "min" : 0.0,
      "p50" : 0.0,
      "p75" : 0.0,
      "p95" : 0.0,
      "p98" : 0.0,
      "p99" : 0.0,
      "p999" : 0.0,
      "values" : [ ],
      "stddev" : 0.0,
      "m15_rate" : 0.0,
      "m1_rate" : 0.0,
      "m5_rate" : 0.0,
      "mean_rate" : 0.0,
      "duration_units" : "seconds",
      "rate_units" : "calls/minute"
    },
    "jenkins.job.building.duration" : {
      "count" : 0,
      "max" : 0.0,
      "mean" : 0.0,
      "min" : 0.0,
      "p50" : 0.0,
      "p75" : 0.0,
      "p95" : 0.0,
      "p98" : 0.0,
      "p99" : 0.0,
      "p999" : 0.0,
      "values" : [ ],
      "stddev" : 0.0,
      "m15_rate" : 0.0,
      "m1_rate" : 0.0,
      "m5_rate" : 0.0,
      "mean_rate" : 0.0,
      "duration_units" : "seconds",
      "rate_units" : "calls/minute"
    },
    "jenkins.job.queuing.duration" : {
      "count" : 0,
      "max" : 0.0,
      "mean" : 0.0,
      "min" : 0.0,
      "p50" : 0.0,
      "p75" : 0.0,
      "p95" : 0.0,
      "p98" : 0.0,
      "p99" : 0.0,
      "p999" : 0.0,
      "values" : [ ],
      "stddev" : 0.0,
      "m15_rate" : 0.0,
      "m1_rate" : 0.0,
      "m5_rate" : 0.0,
      "mean_rate" : 0.0,
      "duration_units" : "seconds",
      "rate_units" : "calls/minute"
    },
    "jenkins.job.total.duration" : {
      "count" : 0,
      "max" : 0.0,
      "mean" : 0.0,
      "min" : 0.0,
      "p50" : 0.0,
      "p75" : 0.0,
      "p95" : 0.0,
      "p98" : 0.0,
      "p99" : 0.0,
      "p999" : 0.0,
      "values" : [ ],
      "stddev" : 0.0,
      "m15_rate" : 0.0,
      "m1_rate" : 0.0,
      "m5_rate" : 0.0,
      "mean_rate" : 0.0,
      "duration_units" : "seconds",
      "rate_units" : "calls/minute"
    },
    "jenkins.job.waiting.duration" : {
      "count" : 0,
      "max" : 0.0,
      "mean" : 0.0,
      "min" : 0.0,
      "p50" : 0.0,
      "p75" : 0.0,
      "p95" : 0.0,
      "p98" : 0.0,
      "p99" : 0.0,
      "p999" : 0.0,
      "values" : [ ],
      "stddev" : 0.0,
      "m15_rate" : 0.0,
      "m1_rate" : 0.0,
      "m5_rate" : 0.0,
      "mean_rate" : 0.0,
      "duration_units" : "seconds",
      "rate_units" : "calls/minute"
    }
  }
}