{
  "version" : "4.0.0",
  "gauges" : {
    "jenkins.executor.count.value" : {
      "value" : 11
    },
    "jenkins.executor.free.value" : {
      "value" : 11
    },
    "jenkins.executor.in-use.value" : {
      "value" : 0
    },
    "jenkins.health-check.count" : {
      "value" : 4
    },
    "jenkins.health-check.inverse-score" : {
      "value" : 0.25
    },
    "jenkins.health-check.score" : {
      "value" : 0.75
    },
    "jenkins.job.averageDepth" : {
      "value" : 1.0241935483870968
    },
    "jenkins.job.count.value" : {
      "value" : 248
    },
    "jenkins.node.count.value" : {
      "value" : 8
    },
    "jenkins.node.offline.value" : {
      "value" : 4
    },
    "jenkins.node.online.value" : {
      "value" : 4
    },
    "jenkins.plugins.active" : {
      "value" : 160
    },
    "jenkins.plugins.failed" : {
      "value" : 0
    },
    "jenkins.plugins.inactive" : {
      "value" : 0
    },
    "jenkins.plugins.withUpdate" : {
      "value" : 9
    },
    "jenkins.project.count.value" : {
      "value" : 241
    },
    "jenkins.project.disabled.count.value" : {
      "value" : 6
    },
    "jenkins.project.enabled.count.value" : {
      "value" : 235
    },
    "jenkins.queue.blocked.value" : {
      "value" : 0
    },
    "jenkins.queue.buildable.value" : {
      "value" : 0
    },
    "jenkins.queue.pending.value" : {
      "value" : 0
    },
    "jenkins.queue.size.value" : {
      "value" : 0
    },
    "jenkins.queue.stuck.value" : {
      "value" : 0
    },
    "jenkins.versions.core" : {
      "value" : "2.222.4"
    },
    "jenkins.versions.plugin.ace-editor" : {
      "value" : "1.1"
    },
    "jenkins.versions.plugin.analysis-core" : {
      "value" : "1.96"
    },
    "jenkins.versions.plugin.ansible" : {
      "value" : "1.0"
    },
    "jenkins.versions.plugin.ansicolor" : {
      "value" : "0.7.0"
    },
    "jenkins.versions.plugin.ant" : {
      "value" : "1.11"
    },
    "jenkins.versions.plugin.antisamy-markup-formatter" : {
      "value" : "2.0"
    },
    "jenkins.versions.plugin.apache-httpcomponents-client-4-api" : {
      "value" : "4.5.10-2.0"
    },
    "jenkins.versions.plugin.audit-trail" : {
      "value" : "3.5"
    },
    "jenkins.versions.plugin.authentication-tokens" : {
      "value" : "1.3"
    },
    "jenkins.versions.plugin.aws-java-sdk" : {
      "value" : "1.11.791"
    },
    "jenkins.versions.plugin.batch-task" : {
      "value" : "1.19"
    },
    "jenkins.versions.plugin.blueocean" : {
      "value" : "1.23.2"
    },
    "jenkins.versions.plugin.blueocean-autofavorite" : {
      "value" : "1.2.4"
    },
    "jenkins.versions.plugin.blueocean-bitbucket-pipeline" : {
      "value" : "1.23.2"
    },
    "jenkins.versions.plugin.blueocean-commons" : {
      "value" : "1.23.2"
    },
    "jenkins.versions.plugin.blueocean-config" : {
      "value" : "1.23.2"
    },
    "jenkins.versions.plugin.blueocean-core-js" : {
      "value" : "1.23.2"
    },
    "jenkins.versions.plugin.blueocean-dashboard" : {
      "value" : "1.23.2"
    },
    "jenkins.versions.plugin.blueocean-display-url" : {
      "value" : "2.3.1"
    },
    "jenkins.versions.plugin.blueocean-events" : {
      "value" : "1.23.2"
    },
    "jenkins.versions.plugin.blueocean-git-pipeline" : {
      "value" : "1.23.2"
    },
    "jenkins.versions.plugin.blueocean-github-pipeline" : {
      "value" : "1.23.2"
    },
    "jenkins.versions.plugin.blueocean-i18n" : {
      "value" : "1.23.2"
    },
    "jenkins.versions.plugin.blueocean-jira" : {
      "value" : "1.23.2"
    },
    "jenkins.versions.plugin.blueocean-jwt" : {
      "value" : "1.23.2"
    },
    "jenkins.versions.plugin.blueocean-personalization" : {
      "value" : "1.23.2"
    },
    "jenkins.versions.plugin.blueocean-pipeline-api-impl" : {
      "value" : "1.23.2"
    },
    "jenkins.versions.plugin.blueocean-pipeline-editor" : {
      "value" : "1.23.2"
    },
    "jenkins.versions.plugin.blueocean-pipeline-scm-api" : {
      "value" : "1.23.2"
    },
    "jenkins.versions.plugin.blueocean-rest" : {
      "value" : "1.23.2"
    },
    "jenkins.versions.plugin.blueocean-rest-impl" : {
      "value" : "1.23.2"
    },
    "jenkins.versions.plugin.blueocean-web" : {
      "value" : "1.23.2"
    },
    "jenkins.versions.plugin.bouncycastle-api" : {
      "value" : "2.18"
    },
    "jenkins.versions.plugin.branch-api" : {
      "value" : "2.5.6"
    },
    "jenkins.versions.plugin.build-name-setter" : {
      "value" : "2.1.0"
    },
    "jenkins.versions.plugin.build-timeout" : {
      "value" : "1.20"
    },
    "jenkins.versions.plugin.build-user-vars-plugin" : {
      "value" : "1.5"
    },
    "jenkins.versions.plugin.cloudbees-bitbucket-branch-source" : {
      "value" : "2.8.0"
    },
    "jenkins.versions.plugin.cloudbees-folder" : {
      "value" : "6.13"
    },
    "jenkins.versions.plugin.command-launcher" : {
      "value" : "1.4"
    },
    "jenkins.versions.plugin.conditional-buildstep" : {
      "value" : "1.3.6"
    },
    "jenkins.versions.plugin.config-file-provider" : {
      "value" : "3.6.3"
    },
    "jenkins.versions.plugin.credentials" : {
      "value" : "2.3.8"
    },
    "jenkins.versions.plugin.credentials-binding" : {
      "value" : "1.23"
    },
    "jenkins.versions.plugin.custom-tools-plugin" : {
      "value" : "0.7"
    },
    "jenkins.versions.plugin.dashboard-view" : {
      "value" : "2.12"
    },
    "jenkins.versions.plugin.display-url-api" : {
      "value" : "2.3.2"
    },
    "jenkins.versions.plugin.docker-commons" : {
      "value" : "1.16"
    },
    "jenkins.versions.plugin.docker-workflow" : {
      "value" : "1.23"
    },
    "jenkins.versions.plugin.dropdown-viewstabbar-plugin" : {
      "value" : "1.7"
    },
    "jenkins.versions.plugin.durable-task" : {
      "value" : "1.34"
    },
    "jenkins.versions.plugin.email-ext" : {
      "value" : "2.69"
    },
    "jenkins.versions.plugin.embeddable-build-status" : {
      "value" : "2.0.3"
    },
    "jenkins.versions.plugin.envinject" : {
      "value" : "2.3.0"
    },
    "jenkins.versions.plugin.envinject-api" : {
      "value" : "1.7"
    },
    "jenkins.versions.plugin.extended-choice-parameter" : {
      "value" : "0.78"
    },
    "jenkins.versions.plugin.extended-read-permission" : {
      "value" : "3.2"
    },
    "jenkins.versions.plugin.external-monitor-job" : {
      "value" : "1.7"
    },
    "jenkins.versions.plugin.fail-the-build-plugin" : {
      "value" : "1.0"
    },
    "jenkins.versions.plugin.favorite" : {
      "value" : "2.3.2"
    },
    "jenkins.versions.plugin.flexible-publish" : {
      "value" : "0.15.2"
    },
    "jenkins.versions.plugin.gatling" : {
      "value" : "1.3.0"
    },
    "jenkins.versions.plugin.git" : {
      "value" : "4.2.2"
    },
    "jenkins.versions.plugin.git-client" : {
      "value" : "3.2.1"
    },
    "jenkins.versions.plugin.git-server" : {
      "value" : "1.9"
    },
    "jenkins.versions.plugin.github" : {
      "value" : "1.30.0"
    },
    "jenkins.versions.plugin.github-api" : {
      "value" : "1.112.0"
    },
    "jenkins.versions.plugin.github-branch-source" : {
      "value" : "2.8.0"
    },
    "jenkins.versions.plugin.gitlab-api" : {
      "value" : "1.0.6"
    },
    "jenkins.versions.plugin.gitlab-branch-source" : {
      "value" : "1.5.1"
    },
    "jenkins.versions.plugin.gitlab-hook" : {
      "value" : "1.4.2"
    },
    "jenkins.versions.plugin.gitlab-plugin" : {
      "value" : "1.5.13"
    },
    "jenkins.versions.plugin.greenballs" : {
      "value" : "1.15"
    },
    "jenkins.versions.plugin.handy-uri-templates-2-api" : {
      "value" : "2.1.8-1.0"
    },
    "jenkins.versions.plugin.heavy-job" : {
      "value" : "1.1"
    },
    "jenkins.versions.plugin.htmlpublisher" : {
      "value" : "1.23"
    },
    "jenkins.versions.plugin.icon-shim" : {
      "value" : "2.0.3"
    },
    "jenkins.versions.plugin.jackson2-api" : {
      "value" : "2.11.0"
    },
    "jenkins.versions.plugin.javadoc" : {
      "value" : "1.5"
    },
    "jenkins.versions.plugin.jdk-tool" : {
      "value" : "1.4"
    },
    "jenkins.versions.plugin.jenkins-design-language" : {
      "value" : "1.23.2"
    },
    "jenkins.versions.plugin.jira" : {
      "value" : "3.0.18"
    },
    "jenkins.versions.plugin.jobConfigHistory" : {
      "value" : "2.26"
    },
    "jenkins.versions.plugin.jquery" : {
      "value" : "1.12.4-1"
    },
    "jenkins.versions.plugin.jquery-detached" : {
      "value" : "1.2.1"
    },
    "jenkins.versions.plugin.jsch" : {
      "value" : "0.1.55.2"
    },
    "jenkins.versions.plugin.junit" : {
      "value" : "1.29"
    },
    "jenkins.versions.plugin.ldap" : {
      "value" : "1.24"
    },
    "jenkins.versions.plugin.mailer" : {
      "value" : "1.32"
    },
    "jenkins.versions.plugin.mapdb-api" : {
      "value" : "1.0.9.0"
    },
    "jenkins.versions.plugin.matrix-auth" : {
      "value" : "2.6.1"
    },
    "jenkins.versions.plugin.matrix-project" : {
      "value" : "1.14"
    },
    "jenkins.versions.plugin.maven-plugin" : {
      "value" : "3.6"
    },
    "jenkins.versions.plugin.mercurial" : {
      "value" : "2.10"
    },
    "jenkins.versions.plugin.metrics" : {
      "value" : "4.0.2.6"
    },
    "jenkins.versions.plugin.node-iterator-api" : {
      "value" : "1.5"
    },
    "jenkins.versions.plugin.nodelabelparameter" : {
      "value" : "1.7.2"
    },
    "jenkins.versions.plugin.pam-auth" : {
      "value" : "1.6"
    },
    "jenkins.versions.plugin.parameterized-scheduler" : {
      "value" : "0.8"
    },
    "jenkins.versions.plugin.parameterized-trigger" : {
      "value" : "2.36"
    },
    "jenkins.versions.plugin.pipeline-build-step" : {
      "value" : "2.12"
    },
    "jenkins.versions.plugin.pipeline-graph-analysis" : {
      "value" : "1.10"
    },
    "jenkins.versions.plugin.pipeline-input-step" : {
      "value" : "2.11"
    },
    "jenkins.versions.plugin.pipeline-milestone-step" : {
      "value" : "1.3.1"
    },
    "jenkins.versions.plugin.pipeline-model-api" : {
      "value" : "1.7.0"
    },
    "jenkins.versions.plugin.pipeline-model-definition" : {
      "value" : "1.7.0"
    },
    "jenkins.versions.plugin.pipeline-model-extensions" : {
      "value" : "1.7.0"
    },
    "jenkins.versions.plugin.pipeline-stage-step" : {
      "value" : "2.3"
    },
    "jenkins.versions.plugin.pipeline-stage-tags-metadata" : {
      "value" : "1.7.0"
    },
    "jenkins.versions.plugin.plain-credentials" : {
      "value" : "1.7"
    },
    "jenkins.versions.plugin.publish-over" : {
      "value" : "0.22"
    },
    "jenkins.versions.plugin.publish-over-ssh" : {
      "value" : "1.20.1"
    },
    "jenkins.versions.plugin.pubsub-light" : {
      "value" : "1.13"
    },
    "jenkins.versions.plugin.read-only-configurations" : {
      "value" : "1.10"
    },
    "jenkins.versions.plugin.rebuild" : {
      "value" : "1.31"
    },
    "jenkins.versions.plugin.resource-disposer" : {
      "value" : "0.14"
    },
    "jenkins.versions.plugin.rich-text-publisher-plugin" : {
      "value" : "1.4"
    },
    "jenkins.versions.plugin.role-strategy" : {
      "value" : "3.0"
    },
    "jenkins.versions.plugin.ruby-runtime" : {
      "value" : "0.12"
    },
    "jenkins.versions.plugin.run-condition" : {
      "value" : "1.3"
    },
    "jenkins.versions.plugin.sauce-ondemand" : {
      "value" : "1.188"
    },
    "jenkins.versions.plugin.schedule-build" : {
      "value" : "0.5.1"
    },
    "jenkins.versions.plugin.scm-api" : {
      "value" : "2.6.3"
    },
    "jenkins.versions.plugin.script-security" : {
      "value" : "1.73"
    },
    "jenkins.versions.plugin.simple-parameterized-builds-report" : {
      "value" : "1.5"
    },
    "jenkins.versions.plugin.slack" : {
      "value" : "2.40"
    },
    "jenkins.versions.plugin.slave-setup" : {
      "value" : "1.10"
    },
    "jenkins.versions.plugin.sonar" : {
      "value" : "2.11"
    },
    "jenkins.versions.plugin.sse-gateway" : {
      "value" : "1.23"
    },
    "jenkins.versions.plugin.ssh" : {
      "value" : "2.6.1"
    },
    "jenkins.versions.plugin.ssh-credentials" : {
      "value" : "1.18.1"
    },
    "jenkins.versions.plugin.ssh-slaves" : {
      "value" : "1.31.2"
    },
    "jenkins.versions.plugin.structs" : {
      "value" : "1.20"
    },
    "jenkins.versions.plugin.subversion" : {
      "value" : "2.13.1"
    },
    "jenkins.versions.plugin.support-core" : {
      "value" : "2.68"
    },
    "jenkins.versions.plugin.terraform" : {
      "value" : "1.0.10"
    },
    "jenkins.versions.plugin.test-results-analyzer" : {
      "value" : "0.3.5"
    },
    "jenkins.versions.plugin.testng-plugin" : {
      "value" : "1.15"
    },
    "jenkins.versions.plugin.text-finder" : {
      "value" : "1.12"
    },
    "jenkins.versions.plugin.text-finder-run-condition" : {
      "value" : "0.1"
    },
    "jenkins.versions.plugin.thinBackup" : {
      "value" : "1.9"
    },
    "jenkins.versions.plugin.throttle-concurrents" : {
      "value" : "2.0.2"
    },
    "jenkins.versions.plugin.timestamper" : {
      "value" : "1.11.3"
    },
    "jenkins.versions.plugin.token-macro" : {
      "value" : "2.12"
    },
    "jenkins.versions.plugin.trilead-api" : {
      "value" : "1.0.8"
    },
    "jenkins.versions.plugin.uno-choice" : {
      "value" : "2.3"
    },
    "jenkins.versions.plugin.validating-string-parameter" : {
      "value" : "2.4"
    },
    "jenkins.versions.plugin.variant" : {
      "value" : "1.3"
    },
    "jenkins.versions.plugin.windows-slaves" : {
      "value" : "1.6"
    },
    "jenkins.versions.plugin.workflow-api" : {
      "value" : "2.40"
    },
    "jenkins.versions.plugin.workflow-basic-steps" : {
      "value" : "2.20"
    },
    "jenkins.versions.plugin.workflow-cps" : {
      "value" : "2.80"
    },
    "jenkins.versions.plugin.workflow-cps-global-lib" : {
      "value" : "2.16"
    },
    "jenkins.versions.plugin.workflow-durable-task-step" : {
      "value" : "2.35"
    },
    "jenkins.versions.plugin.workflow-job" : {
      "value" : "2.39"
    },
    "jenkins.versions.plugin.workflow-multibranch" : {
      "value" : "2.21"
    },
    "jenkins.versions.plugin.workflow-scm-step" : {
      "value" : "2.11"
    },
    "jenkins.versions.plugin.workflow-step-api" : {
      "value" : "2.22"
    },
    "jenkins.versions.plugin.workflow-support" : {
      "value" : "3.4"
    },
    "jenkins.versions.plugin.ws-cleanup" : {
      "value" : "0.38"
    },
    "system.cpu.load" : {
      "value" : 0.31
    },
    "vm.blocked.count" : {
      "value" : 0
    },
    "vm.class.loaded" : {
      "value" : 25426
    },
    "vm.class.unloaded" : {
      "value" : 72
    },
    "vm.count" : {
      "value" : 93
    },
    "vm.cpu.load" : {
      "value" : 0.6695815115552779
    },
    "vm.daemon.count" : {
      "value" : 71
    },
    "vm.deadlock.count" : {
      "value" : 0
    },
    "vm.deadlocks" : {
      "value" : [ ]
    },
    "vm.file.descriptor.ratio" : {
      "value" : 0.015533447265625
    },
    "vm.gc.PS-MarkSweep.count" : {
      "value" : 4
    },
    "vm.gc.PS-MarkSweep.time" : {
      "value" : 566
    },
    "vm.gc.PS-Scavenge.count" : {
      "value" : 48
    },
    "vm.gc.PS-Scavenge.time" : {
      "value" : 768
    },
    "vm.memory.heap.committed" : {
      "value" : 1625817088
    },
    "vm.memory.heap.init" : {
      "value" : 253755392
    },
    "vm.memory.heap.max" : {
      "value" : 3594518528
    },
    "vm.memory.heap.usage" : {
      "value" : 0.2877252171448537
    },
    "vm.memory.heap.used" : {
      "value" : 1034233624
    },
    "vm.memory.non-heap.committed" : {
      "value" : 229990400
    },
    "vm.memory.non-heap.init" : {
      "value" : 2555904
    },
    "vm.memory.non-heap.max" : {
      "value" : -1
    },
    "vm.memory.non-heap.usage" : {
      "value" : -2.08875E8
    },
    "vm.memory.non-heap.used" : {
      "value" : 208875000
    },
    "vm.memory.pools.Code-Cache.committed" : {
      "value" : 51773440
    },
    "vm.memory.pools.Code-Cache.init" : {
      "value" : 2555904
    },
    "vm.memory.pools.Code-Cache.max" : {
      "value" : 251658240
    },
    "vm.memory.pools.Code-Cache.usage" : {
      "value" : 0.2046905517578125
    },
    "vm.memory.pools.Code-Cache.used" : {
      "value" : 51513024
    },
    "vm.memory.pools.Compressed-Class-Space.committed" : {
      "value" : 22413312
    },
    "vm.memory.pools.Compressed-Class-Space.init" : {
      "value" : 0
    },
    "vm.memory.pools.Compressed-Class-Space.max" : {
      "value" : 1073741824
    },
    "vm.memory.pools.Compressed-Class-Space.usage" : {
      "value" : 0.017030760645866394
    },
    "vm.memory.pools.Compressed-Class-Space.used" : {
      "value" : 18286640
    },
    "vm.memory.pools.Metaspace.committed" : {
      "value" : 155803648
    },
    "vm.memory.pools.Metaspace.init" : {
      "value" : 0
    },
    "vm.memory.pools.Metaspace.max" : {
      "value" : -1
    },
    "vm.memory.pools.Metaspace.usage" : {
      "value" : 0.8926980194969504
    },
    "vm.memory.pools.Metaspace.used" : {
      "value" : 139085608
    },
    "vm.memory.pools.PS-Eden-Space.committed" : {
      "value" : 1302331392
    },
    "vm.memory.pools.PS-Eden-Space.init" : {
      "value" : 63438848
    },
    "vm.memory.pools.PS-Eden-Space.max" : {
      "value" : 1305477120
    },
    "vm.memory.pools.PS-Eden-Space.usage" : {
      "value" : 0.6359269965604606
    },
    "vm.memory.pools.PS-Eden-Space.used" : {
      "value" : 830188144
    },
    "vm.memory.pools.PS-Eden-Space.used-after-gc" : {
      "value" : 0
    },
    "vm.memory.pools.PS-Old-Gen.committed" : {
      "value" : 304087040
    },
    "vm.memory.pools.PS-Old-Gen.init" : {
      "value" : 169345024
    },
    "vm.memory.pools.PS-Old-Gen.max" : {
      "value" : 2695888896
    },
    "vm.memory.pools.PS-Old-Gen.usage" : {
      "value" : 0.06982807944322643
    },
    "vm.memory.pools.PS-Old-Gen.used" : {
      "value" : 188248744
    },
    "vm.memory.pools.PS-Old-Gen.used-after-gc" : {
      "value" : 68552016
    },
    "vm.memory.pools.PS-Survivor-Space.committed" : {
      "value" : 19398656
    },
    "vm.memory.pools.PS-Survivor-Space.init" : {
      "value" : 10485760
    },
    "vm.memory.pools.PS-Survivor-Space.max" : {
      "value" : 19398656
    },
    "vm.memory.pools.PS-Survivor-Space.usage" : {
      "value" : 0.8143211570945946
    },
    "vm.memory.pools.PS-Survivor-Space.used" : {
      "value" : 15796736
    },
    "vm.memory.pools.PS-Survivor-Space.used-after-gc" : {
      "value" : 15796736
    },
    "vm.memory.total.committed" : {
      "value" : 1855807488
    },
    "vm.memory.total.init" : {
      "value" : 256311296
    },
    "vm.memory.total.max" : {
      "value" : 3594518527
    },
    "vm.memory.total.used" : {
      "value" : 1243122968
    },
    "vm.new.count" : {
      "value" : 0
    },
    "vm.runnable.count" : {
      "value" : 12
    },
    "vm.terminated.count" : {
      "value" : 0
    },
    "vm.timed_waiting.count" : {
      "value" : 54
    },
    "vm.uptime.milliseconds" : {
      "value" : 165879
    },
    "vm.waiting.count" : {
      "value" : 27
    }
  },
  "counters" : {
    "http.activeRequests" : {
      "count" : 1
    }
  },
  "histograms" : {
    "jenkins.executor.count.history" : {
      "count" : 4,
      "max" : 11,
      "mean" : 11.0,
      "min" : 11,
      "p50" : 11.0,
      "p75" : 11.0,
      "p95" : 11.0,
      "p98" : 11.0,
      "p99" : 11.0,
      "p999" : 11.0,
      "values" : [ 11, 11, 11, 11 ],
      "stddev" : 0.0
    },
    "jenkins.executor.free.history" : {
      "count" : 4,
      "max" : 11,
      "mean" : 11.0,
      "min" : 11,
      "p50" : 11.0,
      "p75" : 11.0,
      "p95" : 11.0,
      "p98" : 11.0,
      "p99" : 11.0,
      "p999" : 11.0,
      "values" : [ 11, 11, 11, 11 ],
      "stddev" : 0.0
    },
    "jenkins.executor.in-use.history" : {
      "count" : 4,
      "max" : 0,
      "mean" : 0.0,
      "min" : 0,
      "p50" : 0.0,
      "p75" : 0.0,
      "p95" : 0.0,
      "p98" : 0.0,
      "p99" : 0.0,
      "p999" : 0.0,
      "values" : [ 0, 0, 0, 0 ],
      "stddev" : 0.0
    },
    "jenkins.job.count.history" : {
      "count" : 4,
      "max" : 248,
      "mean" : 248.00000000000003,
      "min" : 248,
      "p50" : 248.0,
      "p75" : 248.0,
      "p95" : 248.0,
      "p98" : 248.0,
      "p99" : 248.0,
      "p999" : 248.0,
      "values" : [ 248, 248, 248, 248 ],
      "stddev" : 2.8421709430404007E-14
    },
    "jenkins.node.count.history" : {
      "count" : 4,
      "max" : 8,
      "mean" : 8.0,
      "min" : 8,
      "p50" : 8.0,
      "p75" : 8.0,
      "p95" : 8.0,
      "p98" : 8.0,
      "p99" : 8.0,
      "p999" : 8.0,
      "values" : [ 8, 8, 8, 8 ],
      "stddev" : 0.0
    },
    "jenkins.node.offline.history" : {
      "count" : 4,
      "max" : 4,
      "mean" : 4.0,
      "min" : 4,
      "p50" : 4.0,
      "p75" : 4.0,
      "p95" : 4.0,
      "p98" : 4.0,
      "p99" : 4.0,
      "p999" : 4.0,
      "values" : [ 4, 4, 4, 4 ],
      "stddev" : 0.0
    },
    "jenkins.node.online.history" : {
      "count" : 4,
      "max" : 4,
      "mean" : 4.0,
      "min" : 4,
      "p50" : 4.0,
      "p75" : 4.0,
      "p95" : 4.0,
      "p98" : 4.0,
      "p99" : 4.0,
      "p999" : 4.0,
      "values" : [ 4, 4, 4, 4 ],
      "stddev" : 0.0
    },
    "jenkins.project.count.history" : {
      "count" : 4,
      "max" : 241,
      "mean" : 241.0,
      "min" : 241,
      "p50" : 241.0,
      "p75" : 241.0,
      "p95" : 241.0,
      "p98" : 241.0,
      "p99" : 241.0,
      "p999" : 241.0,
      "values" : [ 241, 241, 241, 241 ],
      "stddev" : 0.0
    },
    "jenkins.project.disabled.count.history" : {
      "count" : 4,
      "max" : 6,
      "mean" : 6.0,
      "min" : 6,
      "p50" : 6.0,
      "p75" : 6.0,
      "p95" : 6.0,
      "p98" : 6.0,
      "p99" : 6.0,
      "p999" : 6.0,
      "values" : [ 6, 6, 6, 6 ],
      "stddev" : 0.0
    },
    "jenkins.project.enabled.count.history" : {
      "count" : 4,
      "max" : 235,
      "mean" : 235.00000000000003,
      "min" : 235,
      "p50" : 235.0,
      "p75" : 235.0,
      "p95" : 235.0,
      "p98" : 235.0,
      "p99" : 235.0,
      "p999" : 235.0,
      "values" : [ 235, 235, 235, 235 ],
      "stddev" : 2.8421709430404007E-14
    },
    "jenkins.queue.blocked.history" : {
      "count" : 4,
      "max" : 0,
      "mean" : 0.0,
      "min" : 0,
      "p50" : 0.0,
      "p75" : 0.0,
      "p95" : 0.0,
      "p98" : 0.0,
      "p99" : 0.0,
      "p999" : 0.0,
      "values" : [ 0, 0, 0, 0 ],
      "stddev" : 0.0
    },
    "jenkins.queue.buildable.history" : {
      "count" : 4,
      "max" : 0,
      "mean" : 0.0,
      "min" : 0,
      "p50" : 0.0,
      "p75" : 0.0,
      "p95" : 0.0,
      "p98" : 0.0,
      "p99" : 0.0,
      "p999" : 0.0,
      "values" : [ 0, 0, 0, 0 ],
      "stddev" : 0.0
    },
    "jenkins.queue.pending.history" : {
      "count" : 4,
      "max" : 0,
      "mean" : 0.0,
      "min" : 0,
      "p50" : 0.0,
      "p75" : 0.0,
      "p95" : 0.0,
      "p98" : 0.0,
      "p99" : 0.0,
      "p999" : 0.0,
      "values" : [ 0, 0, 0, 0 ],
      "stddev" : 0.0
    },
    "jenkins.queue.size.history" : {
      "count" : 4,
      "max" : 0,
      "mean" : 0.0,
      "min" : 0,
      "p50" : 0.0,
      "p75" : 0.0,
      "p95" : 0.0,
      "p98" : 0.0,
      "p99" : 0.0,
      "p999" : 0.0,
      "values" : [ 0, 0, 0, 0 ],
      "stddev" : 0.0
    },
    "jenkins.queue.stuck.history" : {
      "count" : 4,
      "max" : 0,
      "mean" : 0.0,
      "min" : 0,
      "p50" : 0.0,
      "p75" : 0.0,
      "p95" : 0.0,
      "p98" : 0.0,
      "p99" : 0.0,
      "p999" : 0.0,
      "values" : [ 0, 0, 0, 0 ],
      "stddev" : 0.0
    },
    "system.cpu.load.x100.history" : {
      "count" : 4,
      "max" : 71,
      "mean" : 47.04302257783163,
      "min" : 33,
      "p50" : 43.0,
      "p75" : 55.0,
      "p95" : 71.0,
      "p98" : 71.0,
      "p99" : 71.0,
      "p999" : 71.0,
      "values" : [ 33, 43, 55, 71 ],
      "stddev" : 13.576140918869175
    },
    "system.cpu.load.x100.window.15m" : {
      "count" : 4,
      "max" : 71,
      "mean" : 50.5,
      "min" : 33,
      "p50" : 49.0,
      "p75" : 67.0,
      "p95" : 71.0,
      "p98" : 71.0,
      "p99" : 71.0,
      "p999" : 71.0,
      "values" : [ 33, 43, 55, 71 ],
      "stddev" : 16.36052158907737
    },
    "system.cpu.load.x100.window.1h" : {
      "count" : 4,
      "max" : 71,
      "mean" : 50.5,
      "min" : 33,
      "p50" : 49.0,
      "p75" : 67.0,
      "p95" : 71.0,
      "p98" : 71.0,
      "p99" : 71.0,
      "p999" : 71.0,
      "values" : [ 33, 43, 55, 71 ],
      "stddev" : 16.36052158907737
    },
    "system.cpu.load.x100.window.5m" : {
      "count" : 4,
      "max" : 71,
      "mean" : 50.5,
      "min" : 33,
      "p50" : 49.0,
      "p75" : 67.0,
      "p95" : 71.0,
      "p98" : 71.0,
      "p99" : 71.0,
      "p999" : 71.0,
      "values" : [ 33, 43, 55, 71 ],
      "stddev" : 16.36052158907737
    },
    "vm.cpu.load.x100.history" : {
      "count" : 4,
      "max" : 101,
      "mean" : 22.493143248564326,
      "min" : 1,
      "p50" : 7.0,
      "p75" : 9.0,
      "p95" : 101.0,
      "p98" : 101.0,
      "p99" : 101.0,
      "p999" : 101.0,
      "values" : [ 1, 7, 9, 101 ],
      "stddev" : 36.004537937747706
    },
    "vm.cpu.load.x100.window.15m" : {
      "count" : 4,
      "max" : 101,
      "mean" : 29.5,
      "min" : 1,
      "p50" : 8.0,
      "p75" : 78.0,
      "p95" : 101.0,
      "p98" : 101.0,
      "p99" : 101.0,
      "p999" : 101.0,
      "values" : [ 1, 7, 9, 101 ],
      "stddev" : 47.7877250626839
    },
    "vm.cpu.load.x100.window.1h" : {
      "count" : 4,
      "max" : 101,
      "mean" : 29.5,
      "min" : 1,
      "p50" : 8.0,
      "p75" : 78.0,
      "p95" : 101.0,
      "p98" : 101.0,
      "p99" : 101.0,
      "p999" : 101.0,
      "values" : [ 1, 7, 9, 101 ],
      "stddev" : 47.7877250626839
    },
    "vm.cpu.load.x100.window.5m" : {
      "count" : 4,
      "max" : 101,
      "mean" : 29.5,
      "min" : 1,
      "p50" : 8.0,
      "p75" : 78.0,
      "p95" : 101.0,
      "p98" : 101.0,
      "p99" : 101.0,
      "p999" : 101.0,
      "values" : [ 1, 7, 9, 101 ],
      "stddev" : 47.7877250626839
    },
    "vm.file.descriptor.ratio.x100.history" : {
      "count" : 4,
      "max" : 2,
      "mean" : 2.0,
      "min" : 2,
      "p50" : 2.0,
      "p75" : 2.0,
      "p95" : 2.0,
      "p98" : 2.0,
      "p99" : 2.0,
      "p999" : 2.0,
      "values" : [ 2, 2, 2, 2 ],
      "stddev" : 0.0
    },
    "vm.file.descriptor.ratio.x100.window.15m" : {
      "count" : 4,
      "max" : 2,
      "mean" : 2.0,
      "min" : 2,
      "p50" : 2.0,
      "p75" : 2.0,
      "p95" : 2.0,
      "p98" : 2.0,
      "p99" : 2.0,
      "p999" : 2.0,
      "values" : [ 2, 2, 2, 2 ],
      "stddev" : 0.0
    },
    "vm.file.descriptor.ratio.x100.window.1h" : {
      "count" : 4,
      "max" : 2,
      "mean" : 2.0,
      "min" : 2,
      "p50" : 2.0,
      "p75" : 2.0,
      "p95" : 2.0,
      "p98" : 2.0,
      "p99" : 2.0,
      "p999" : 2.0,
      "values" : [ 2, 2, 2, 2 ],
      "stddev" : 0.0
    },
    "vm.file.descriptor.ratio.x100.window.5m" : {
      "count" : 4,
      "max" : 2,
      "mean" : 2.0,
      "min" : 2,
      "p50" : 2.0,
      "p75" : 2.0,
      "p95" : 2.0,
      "p98" : 2.0,
      "p99" : 2.0,
      "p999" : 2.0,
      "values" : [ 2, 2, 2, 2 ],
      "stddev" : 0.0
    },
    "vm.memory.heap.committed.history" : {
      "count" : 4,
      "max" : 1625817088,
      "mean" : 1.625817088E9,
      "min" : 1625817088,
      "p50" : 1.625817088E9,
      "p75" : 1.625817088E9,
      "p95" : 1.625817088E9,
      "p98" : 1.625817088E9,
      "p99" : 1.625817088E9,
      "p999" : 1.625817088E9,
      "values" : [ 1625817088, 1625817088, 1625817088, 1625817088 ],
      "stddev" : 0.0
    },
    "vm.memory.heap.committed.window.15m" : {
      "count" : 4,
      "max" : 1625817088,
      "mean" : 1.625817088E9,
      "min" : 1625817088,
      "p50" : 1.625817088E9,
      "p75" : 1.625817088E9,
      "p95" : 1.625817088E9,
      "p98" : 1.625817088E9,
      "p99" : 1.625817088E9,
      "p999" : 1.625817088E9,
      "values" : [ 1625817088, 1625817088, 1625817088, 1625817088 ],
      "stddev" : 0.0
    },
    "vm.memory.heap.committed.window.1h" : {
      "count" : 4,
      "max" : 1625817088,
      "mean" : 1.625817088E9,
      "min" : 1625817088,
      "p50" : 1.625817088E9,
      "p75" : 1.625817088E9,
      "p95" : 1.625817088E9,
      "p98" : 1.625817088E9,
      "p99" : 1.625817088E9,
      "p999" : 1.625817088E9,
      "values" : [ 1625817088, 1625817088, 1625817088, 1625817088 ],
      "stddev" : 0.0
    },
    "vm.memory.heap.committed.window.5m" : {
      "count" : 4,
      "max" : 1625817088,
      "mean" : 1.625817088E9,
      "min" : 1625817088,
      "p50" : 1.625817088E9,
      "p75" : 1.625817088E9,
      "p95" : 1.625817088E9,
      "p98" : 1.625817088E9,
      "p99" : 1.625817088E9,
      "p999" : 1.625817088E9,
      "values" : [ 1625817088, 1625817088, 1625817088, 1625817088 ],
      "stddev" : 0.0
    },
    "vm.memory.heap.usage.x100.history" : {
      "count" : 4,
      "max" : 21,
      "mean" : 20.610639233949225,
      "min" : 20,
      "p50" : 21.0,
      "p75" : 21.0,
      "p95" : 21.0,
      "p98" : 21.0,
      "p99" : 21.0,
      "p999" : 21.0,
      "values" : [ 20, 20, 21, 21 ],
      "stddev" : 0.4876053321192554
    },
    "vm.memory.heap.usage.x100.window.15m" : {
      "count" : 4,
      "max" : 21,
      "mean" : 20.5,
      "min" : 20,
      "p50" : 20.5,
      "p75" : 21.0,
      "p95" : 21.0,
      "p98" : 21.0,
      "p99" : 21.0,
      "p999" : 21.0,
      "values" : [ 20, 20, 21, 21 ],
      "stddev" : 0.5773502691896257
    },
    "vm.memory.heap.usage.x100.window.1h" : {
      "count" : 4,
      "max" : 21,
      "mean" : 20.5,
      "min" : 20,
      "p50" : 20.5,
      "p75" : 21.0,
      "p95" : 21.0,
      "p98" : 21.0,
      "p99" : 21.0,
      "p999" : 21.0,
      "values" : [ 20, 20, 21, 21 ],
      "stddev" : 0.5773502691896257
    },
    "vm.memory.heap.usage.x100.window.5m" : {
      "count" : 4,
      "max" : 21,
      "mean" : 20.5,
      "min" : 20,
      "p50" : 20.5,
      "p75" : 21.0,
      "p95" : 21.0,
      "p98" : 21.0,
      "p99" : 21.0,
      "p999" : 21.0,
      "values" : [ 20, 20, 21, 21 ],
      "stddev" : 0.5773502691896257
    },
    "vm.memory.heap.used.history" : {
      "count" : 4,
      "max" : 763541568,
      "mean" : 7.409110431787093E8,
      "min" : 711516136,
      "p50" : 7.49726344E8,
      "p75" : 7.63541568E8,
      "p95" : 7.63541568E8,
      "p98" : 7.63541568E8,
      "p99" : 7.63541568E8,
      "p999" : 7.63541568E8,
      "values" : [ 711516136, 717852024, 749726344, 763541568 ],
      "stddev" : 2.143442927517355E7
    },
    "vm.memory.heap.used.window.15m" : {
      "count" : 4,
      "max" : 763541568,
      "mean" : 7.35659018E8,
      "min" : 711516136,
      "p50" : 7.33789184E8,
      "p75" : 7.60087762E8,
      "p95" : 7.63541568E8,
      "p98" : 7.63541568E8,
      "p99" : 7.63541568E8,
      "p999" : 7.63541568E8,
      "values" : [ 711516136, 717852024, 749726344, 763541568 ],
      "stddev" : 2.5001960202317044E7
    },
    "vm.memory.heap.used.window.1h" : {
      "count" : 4,
      "max" : 763541568,
      "mean" : 7.35659018E8,
      "min" : 711516136,
      "p50" : 7.33789184E8,
      "p75" : 7.60087762E8,
      "p95" : 7.63541568E8,
      "p98" : 7.63541568E8,
      "p99" : 7.63541568E8,
      "p999" : 7.63541568E8,
      "values" : [ 711516136, 717852024, 749726344, 763541568 ],
      "stddev" : 2.5001960202317044E7
    },
    "vm.memory.heap.used.window.5m" : {
      "count" : 4,
      "max" : 763541568,
      "mean" : 7.35659018E8,
      "min" : 711516136,
      "p50" : 7.33789184E8,
      "p75" : 7.60087762E8,
      "p95" : 7.63541568E8,
      "p98" : 7.63541568E8,
      "p99" : 7.63541568E8,
      "p999" : 7.63541568E8,
      "values" : [ 711516136, 717852024, 749726344, 763541568 ],
      "stddev" : 2.5001960202317044E7
    },
    "vm.memory.non-heap.committed.history" : {
      "count" : 4,
      "max" : 226713600,
      "mean" : 2.2625547030980495E8,
      "min" : 225665024,
      "p50" : 2.26320384E8,
      "p75" : 2.267136E8,
      "p95" : 2.267136E8,
      "p98" : 2.267136E8,
      "p99" : 2.267136E8,
      "p999" : 2.267136E8,
      "values" : [ 225665024, 225927168, 226320384, 226713600 ],
      "stddev" : 394973.2358621507
    },
    "vm.memory.non-heap.committed.window.15m" : {
      "count" : 4,
      "max" : 226713600,
      "mean" : 2.26156544E8,
      "min" : 225665024,
      "p50" : 2.26123776E8,
      "p75" : 2.26615296E8,
      "p95" : 2.267136E8,
      "p98" : 2.267136E8,
      "p99" : 2.267136E8,
      "p999" : 2.267136E8,
      "values" : [ 225665024, 225927168, 226320384, 226713600 ],
      "stddev" : 458752.0
    },
    "vm.memory.non-heap.committed.window.1h" : {
      "count" : 4,
      "max" : 226713600,
      "mean" : 2.26156544E8,
      "min" : 225665024,
      "p50" : 2.26123776E8,
      "p75" : 2.26615296E8,
      "p95" : 2.267136E8,
      "p98" : 2.267136E8,
      "p99" : 2.267136E8,
      "p999" : 2.267136E8,
      "values" : [ 225665024, 225927168, 226320384, 226713600 ],
      "stddev" : 458752.0
    },
    "vm.memory.non-heap.committed.window.5m" : {
      "count" : 4,
      "max" : 226713600,
      "mean" : 2.26156544E8,
      "min" : 225665024,
      "p50" : 2.26123776E8,
      "p75" : 2.26615296E8,
      "p95" : 2.267136E8,
      "p98" : 2.267136E8,
      "p99" : 2.267136E8,
      "p999" : 2.267136E8,
      "values" : [ 225665024, 225927168, 226320384, 226713600 ],
      "stddev" : 458752.0
    },
    "vm.memory.non-heap.usage.x100.history" : {
      "count" : 4,
      "max" : -20471920000,
      "mean" : -2.0526173161345234E10,
      "min" : -20569360800,
      "p50" : -2.0549692E10,
      "p75" : -2.04724088E10,
      "p95" : -2.047192E10,
      "p98" : -2.047192E10,
      "p99" : -2.047192E10,
      "p999" : -2.047192E10,
      "values" : [ -20569360800, -20549692000, -20472408800, -20471920000 ],
      "stddev" : 4.381955419359223E7
    },
    "vm.memory.non-heap.usage.x100.window.15m" : {
      "count" : 4,
      "max" : -20471920000,
      "mean" : -2.05158454E10,
      "min" : -20569360800,
      "p50" : -2.05110504E10,
      "p75" : -2.04720422E10,
      "p95" : -2.047192E10,
      "p98" : -2.047192E10,
      "p99" : -2.047192E10,
      "p999" : -2.047192E10,
      "values" : [ -20569360800, -20549692000, -20472408800, -20471920000 ],
      "stddev" : 5.107402912583524E7
    },
    "vm.memory.non-heap.usage.x100.window.1h" : {
      "count" : 4,
      "max" : -20471920000,
      "mean" : -2.05158678E10,
      "min" : -20569360800,
      "p50" : -2.05110952E10,
      "p75" : -2.04720646E10,
      "p95" : -2.047192E10,
      "p98" : -2.047192E10,
      "p99" : -2.047192E10,
      "p999" : -2.047192E10,
      "values" : [ -20569360800, -20549692000, -20472498400, -20471920000 ],
      "stddev" : 5.104864195333701E7
    },
    "vm.memory.non-heap.usage.x100.window.5m" : {
      "count" : 4,
      "max" : -20471920000,
      "mean" : -2.05158678E10,
      "min" : -20569360800,
      "p50" : -2.05110952E10,
      "p75" : -2.04720646E10,
      "p95" : -2.047192E10,
      "p98" : -2.047192E10,
      "p99" : -2.047192E10,
      "p999" : -2.047192E10,
      "values" : [ -20569360800, -20549692000, -20472498400, -20471920000 ],
      "stddev" : 5.104864195333701E7
    },
    "vm.memory.non-heap.used.history" : {
      "count" : 4,
      "max" : 205693608,
      "mean" : 2.0526189756939316E8,
      "min" : 204719200,
      "p50" : 2.0549692E8,
      "p75" : 2.05693608E8,
      "p95" : 2.05693608E8,
      "p98" : 2.05693608E8,
      "p99" : 2.05693608E8,
      "p999" : 2.05693608E8,
      "values" : [ 204719200, 204725048, 205496920, 205693608 ],
      "stddev" : 437992.02555006254
    },
    "vm.memory.non-heap.used.window.15m" : {
      "count" : 4,
      "max" : 205693608,
      "mean" : 2.05158694E8,
      "min" : 204719200,
      "p50" : 2.05110984E8,
      "p75" : 2.05644436E8,
      "p95" : 2.05693608E8,
      "p98" : 2.05693608E8,
      "p99" : 2.05693608E8,
      "p999" : 2.05693608E8,
      "values" : [ 204719200, 204725048, 205496920, 205693608 ],
      "stddev" : 510468.29605242546
    },
    "vm.memory.non-heap.used.window.1h" : {
      "count" : 4,
      "max" : 205693608,
      "mean" : 2.05158694E8,
      "min" : 204719200,
      "p50" : 2.05110984E8,
      "p75" : 2.05644436E8,
      "p95" : 2.05693608E8,
      "p98" : 2.05693608E8,
      "p99" : 2.05693608E8,
      "p999" : 2.05693608E8,
      "values" : [ 204719200, 204725048, 205496920, 205693608 ],
      "stddev" : 510468.29605242546
    },
    "vm.memory.non-heap.used.window.5m" : {
      "count" : 4,
      "max" : 205693608,
      "mean" : 2.05158694E8,
      "min" : 204719200,
      "p50" : 2.05110984E8,
      "p75" : 2.05644436E8,
      "p95" : 2.05693608E8,
      "p98" : 2.05693608E8,
      "p99" : 2.05693608E8,
      "p999" : 2.05693608E8,
      "values" : [ 204719200, 204725048, 205496920, 205693608 ],
      "stddev" : 510468.29605242546
    },
    "vm.memory.pools.Code-Cache.committed.history" : {
      "count" : 4,
      "max" : 50855936,
      "mean" : 5.061626319313764E7,
      "min" : 50331648,
      "p50" : 5.0724864E7,
      "p75" : 5.0855936E7,
      "p95" : 5.0855936E7,
      "p98" : 5.0855936E7,
      "p99" : 5.0855936E7,
      "p999" : 5.0855936E7,
      "values" : [ 50331648, 50331648, 50724864, 50855936 ],
      "stddev" : 232897.7116791688
    },
    "vm.memory.pools.Code-Cache.committed.window.15m" : {
      "count" : 4,
      "max" : 50855936,
      "mean" : 5.0561024E7,
      "min" : 50331648,
      "p50" : 5.0528256E7,
      "p75" : 5.0823168E7,
      "p95" : 5.0855936E7,
      "p98" : 5.0855936E7,
      "p99" : 5.0855936E7,
      "p999" : 5.0855936E7,
      "values" : [ 50331648, 50331648, 50724864, 50855936 ],
      "stddev" : 270211.850280479
    },
    "vm.memory.pools.Code-Cache.committed.window.1h" : {
      "count" : 4,
      "max" : 50855936,
      "mean" : 5.0561024E7,
      "min" : 50331648,
      "p50" : 5.0528256E7,
      "p75" : 5.0823168E7,
      "p95" : 5.0855936E7,
      "p98" : 5.0855936E7,
      "p99" : 5.0855936E7,
      "p999" : 5.0855936E7,
      "values" : [ 50331648, 50331648, 50724864, 50855936 ],
      "stddev" : 270211.850280479
    },
    "vm.memory.pools.Code-Cache.committed.window.5m" : {
      "count" : 4,
      "max" : 50855936,
      "mean" : 5.0561024E7,
      "min" : 50331648,
      "p50" : 5.0528256E7,
      "p75" : 5.0823168E7,
      "p95" : 5.0855936E7,
      "p98" : 5.0855936E7,
      "p99" : 5.0855936E7,
      "p999" : 5.0855936E7,
      "values" : [ 50331648, 50331648, 50724864, 50855936 ],
      "stddev" : 270211.850280479
    },
    "vm.memory.pools.Code-Cache.usage.x100.history" : {
      "count" : 4,
      "max" : 20,
      "mean" : 20.0,
      "min" : 20,
      "p50" : 20.0,
      "p75" : 20.0,
      "p95" : 20.0,
      "p98" : 20.0,
      "p99" : 20.0,
      "p999" : 20.0,
      "values" : [ 20, 20, 20, 20 ],
      "stddev" : 0.0
    },
    "vm.memory.pools.Code-Cache.usage.x100.window.15m" : {
      "count" : 4,
      "max" : 20,
      "mean" : 20.0,
      "min" : 20,
      "p50" : 20.0,
      "p75" : 20.0,
      "p95" : 20.0,
      "p98" : 20.0,
      "p99" : 20.0,
      "p999" : 20.0,
      "values" : [ 20, 20, 20, 20 ],
      "stddev" : 0.0
    },
    "vm.memory.pools.Code-Cache.usage.x100.window.1h" : {
      "count" : 4,
      "max" : 20,
      "mean" : 20.0,
      "min" : 20,
      "p50" : 20.0,
      "p75" : 20.0,
      "p95" : 20.0,
      "p98" : 20.0,
      "p99" : 20.0,
      "p999" : 20.0,
      "values" : [ 20, 20, 20, 20 ],
      "stddev" : 0.0
    },
    "vm.memory.pools.Code-Cache.usage.x100.window.5m" : {
      "count" : 4,
      "max" : 20,
      "mean" : 20.0,
      "min" : 20,
      "p50" : 20.0,
      "p75" : 20.0,
      "p95" : 20.0,
      "p98" : 20.0,
      "p99" : 20.0,
      "p999" : 20.0,
      "values" : [ 20, 20, 20, 20 ],
      "stddev" : 0.0
    },
    "vm.memory.pools.Code-Cache.used.history" : {
      "count" : 4,
      "max" : 50462720,
      "mean" : 5.019648919160168E7,
      "min" : 49809984,
      "p50" : 5.0376576E7,
      "p75" : 5.046272E7,
      "p95" : 5.046272E7,
      "p98" : 5.046272E7,
      "p99" : 5.046272E7,
      "p999" : 5.046272E7,
      "values" : [ 49809984, 49875200, 50376576, 50462720 ],
      "stddev" : 288172.15503060276
    },
    "vm.memory.pools.Code-Cache.used.window.15m" : {
      "count" : 4,
      "max" : 50462720,
      "mean" : 5.013112E7,
      "min" : 49809984,
      "p50" : 5.0125888E7,
      "p75" : 5.0441184E7,
      "p95" : 5.046272E7,
      "p98" : 5.046272E7,
      "p99" : 5.046272E7,
      "p999" : 5.046272E7,
      "values" : [ 49809984, 49875200, 50376576, 50462720 ],
      "stddev" : 336070.7191609131
    },
    "vm.memory.pools.Code-Cache.used.window.1h" : {
      "count" : 4,
      "max" : 50462720,
      "mean" : 5.013112E7,
      "min" : 49809984,
      "p50" : 5.0125888E7,
      "p75" : 5.0441184E7,
      "p95" : 5.046272E7,
      "p98" : 5.046272E7,
      "p99" : 5.046272E7,
      "p999" : 5.046272E7,
      "values" : [ 49809984, 49875200, 50376576, 50462720 ],
      "stddev" : 336070.7191609131
    },
    "vm.memory.pools.Code-Cache.used.window.5m" : {
      "count" : 4,
      "max" : 50462720,
      "mean" : 5.013112E7,
      "min" : 49809984,
      "p50" : 5.0125888E7,
      "p75" : 5.0441184E7,
      "p95" : 5.046272E7,
      "p98" : 5.046272E7,
      "p99" : 5.046272E7,
      "p999" : 5.046272E7,
      "values" : [ 49809984, 49875200, 50376576, 50462720 ],
      "stddev" : 336070.7191609131
    },
    "vm.memory.pools.Compressed-Class-Space.committed.history" : {
      "count" : 4,
      "max" : 22020096,
      "mean" : 2.2020096E7,
      "min" : 22020096,
      "p50" : 2.2020096E7,
      "p75" : 2.2020096E7,
      "p95" : 2.2020096E7,
      "p98" : 2.2020096E7,
      "p99" : 2.2020096E7,
      "p999" : 2.2020096E7,
      "values" : [ 22020096, 22020096, 22020096, 22020096 ],
      "stddev" : 0.0
    },
    "vm.memory.pools.Compressed-Class-Space.committed.window.15m" : {
      "count" : 4,
      "max" : 22020096,
      "mean" : 2.2020096E7,
      "min" : 22020096,
      "p50" : 2.2020096E7,
      "p75" : 2.2020096E7,
      "p95" : 2.2020096E7,
      "p98" : 2.2020096E7,
      "p99" : 2.2020096E7,
      "p999" : 2.2020096E7,
      "values" : [ 22020096, 22020096, 22020096, 22020096 ],
      "stddev" : 0.0
    },
    "vm.memory.pools.Compressed-Class-Space.committed.window.1h" : {
      "count" : 4,
      "max" : 22020096,
      "mean" : 2.2020096E7,
      "min" : 22020096,
      "p50" : 2.2020096E7,
      "p75" : 2.2020096E7,
      "p95" : 2.2020096E7,
      "p98" : 2.2020096E7,
      "p99" : 2.2020096E7,
      "p999" : 2.2020096E7,
      "values" : [ 22020096, 22020096, 22020096, 22020096 ],
      "stddev" : 0.0
    },
    "vm.memory.pools.Compressed-Class-Space.committed.window.5m" : {
      "count" : 4,
      "max" : 22020096,
      "mean" : 2.2020096E7,
      "min" : 22020096,
      "p50" : 2.2020096E7,
      "p75" : 2.2020096E7,
      "p95" : 2.2020096E7,
      "p98" : 2.2020096E7,
      "p99" : 2.2020096E7,
      "p999" : 2.2020096E7,
      "values" : [ 22020096, 22020096, 22020096, 22020096 ],
      "stddev" : 0.0
    },
    "vm.memory.pools.Compressed-Class-Space.usage.x100.history" : {
      "count" : 4,
      "max" : 2,
      "mean" : 2.0,
      "min" : 2,
      "p50" : 2.0,
      "p75" : 2.0,
      "p95" : 2.0,
      "p98" : 2.0,
      "p99" : 2.0,
      "p999" : 2.0,
      "values" : [ 2, 2, 2, 2 ],
      "stddev" : 0.0
    },
    "vm.memory.pools.Compressed-Class-Space.usage.x100.window.15m" : {
      "count" : 4,
      "max" : 2,
      "mean" : 2.0,
      "min" : 2,
      "p50" : 2.0,
      "p75" : 2.0,
      "p95" : 2.0,
      "p98" : 2.0,
      "p99" : 2.0,
      "p999" : 2.0,
      "values" : [ 2, 2, 2, 2 ],
      "stddev" : 0.0
    },
    "vm.memory.pools.Compressed-Class-Space.usage.x100.window.1h" : {
      "count" : 4,
      "max" : 2,
      "mean" : 2.0,
      "min" : 2,
      "p50" : 2.0,
      "p75" : 2.0,
      "p95" : 2.0,
      "p98" : 2.0,
      "p99" : 2.0,
      "p999" : 2.0,
      "values" : [ 2, 2, 2, 2 ],
      "stddev" : 0.0
    },
    "vm.memory.pools.Compressed-Class-Space.usage.x100.window.5m" : {
      "count" : 4,
      "max" : 2,
      "mean" : 2.0,
      "min" : 2,
      "p50" : 2.0,
      "p75" : 2.0,
      "p95" : 2.0,
      "p98" : 2.0,
      "p99" : 2.0,
      "p999" : 2.0,
      "values" : [ 2, 2, 2, 2 ],
      "stddev" : 0.0
    },
    "vm.memory.pools.Compressed-Class-Space.used.history" : {
      "count" : 4,
      "max" : 18018416,
      "mean" : 1.8003680583855946E7,
      "min" : 17984120,
      "p50" : 1.8009288E7,
      "p75" : 1.8018416E7,
      "p95" : 1.8018416E7,
      "p98" : 1.8018416E7,
      "p99" : 1.8018416E7,
      "p999" : 1.8018416E7,
      "values" : [ 17984120, 17989168, 18009288, 18018416 ],
      "stddev" : 13927.872725652573
    },
    "vm.memory.pools.Compressed-Class-Space.used.window.15m" : {
      "count" : 4,
      "max" : 18018416,
      "mean" : 1.8000248E7,
      "min" : 17984120,
      "p50" : 1.7999228E7,
      "p75" : 1.8016134E7,
      "p95" : 1.8018416E7,
      "p98" : 1.8018416E7,
      "p99" : 1.8018416E7,
      "p999" : 1.8018416E7,
      "values" : [ 17984120, 17989168, 18009288, 18018416 ],
      "stddev" : 16275.509290546537
    },
    "vm.memory.pools.Compressed-Class-Space.used.window.1h" : {
      "count" : 4,
      "max" : 18018416,
      "mean" : 1.8000248E7,
      "min" : 17984120,
      "p50" : 1.7999228E7,
      "p75" : 1.8016134E7,
      "p95" : 1.8018416E7,
      "p98" : 1.8018416E7,
      "p99" : 1.8018416E7,
      "p999" : 1.8018416E7,
      "values" : [ 17984120, 17989168, 18009288, 18018416 ],
      "stddev" : 16275.509290546537
    },
    "vm.memory.pools.Compressed-Class-Space.used.window.5m" : {
      "count" : 4,
      "max" : 18018416,
      "mean" : 1.8000248E7,
      "min" : 17984120,
      "p50" : 1.7999228E7,
      "p75" : 1.8016134E7,
      "p95" : 1.8018416E7,
      "p98" : 1.8018416E7,
      "p99" : 1.8018416E7,
      "p999" : 1.8018416E7,
      "values" : [ 17984120, 17989168, 18009288, 18018416 ],
      "stddev" : 16275.509290546537
    },
    "vm.memory.pools.Metaspace.committed.history" : {
      "count" : 4,
      "max" : 153837568,
      "mean" : 1.536191111166673E8,
      "min" : 153313280,
      "p50" : 1.53575424E8,
      "p75" : 1.53837568E8,
      "p95" : 1.53837568E8,
      "p98" : 1.53837568E8,
      "p99" : 1.53837568E8,
      "p999" : 1.53837568E8,
      "values" : [ 153313280, 153575424, 153575424, 153837568 ],
      "stddev" : 182490.90195507774
    },
    "vm.memory.pools.Metaspace.committed.window.15m" : {
      "count" : 4,
      "max" : 153837568,
      "mean" : 1.53575424E8,
      "min" : 153313280,
      "p50" : 1.53575424E8,
      "p75" : 1.53772032E8,
      "p95" : 1.53837568E8,
      "p98" : 1.53837568E8,
      "p99" : 1.53837568E8,
      "p999" : 1.53837568E8,
      "values" : [ 153313280, 153575424, 153575424, 153837568 ],
      "stddev" : 214039.6797107178
    },
    "vm.memory.pools.Metaspace.committed.window.1h" : {
      "count" : 4,
      "max" : 153837568,
      "mean" : 1.53575424E8,
      "min" : 153313280,
      "p50" : 1.53575424E8,
      "p75" : 1.53772032E8,
      "p95" : 1.53837568E8,
      "p98" : 1.53837568E8,
      "p99" : 1.53837568E8,
      "p999" : 1.53837568E8,
      "values" : [ 153313280, 153575424, 153575424, 153837568 ],
      "stddev" : 214039.6797107178
    },
    "vm.memory.pools.Metaspace.committed.window.5m" : {
      "count" : 4,
      "max" : 153837568,
      "mean" : 1.53575424E8,
      "min" : 153313280,
      "p50" : 1.53575424E8,
      "p75" : 1.53772032E8,
      "p95" : 1.53837568E8,
      "p98" : 1.53837568E8,
      "p99" : 1.53837568E8,
      "p999" : 1.53837568E8,
      "values" : [ 153313280, 153575424, 153575424, 153837568 ],
      "stddev" : 214039.6797107178
    },
    "vm.memory.pools.Metaspace.usage.x100.history" : {
      "count" : 4,
      "max" : 89,
      "mean" : 89.0,
      "min" : 89,
      "p50" : 89.0,
      "p75" : 89.0,
      "p95" : 89.0,
      "p98" : 89.0,
      "p99" : 89.0,
      "p999" : 89.0,
      "values" : [ 89, 89, 89, 89 ],
      "stddev" : 0.0
    },
    "vm.memory.pools.Metaspace.usage.x100.window.15m" : {
      "count" : 4,
      "max" : 89,
      "mean" : 89.0,
      "min" : 89,
      "p50" : 89.0,
      "p75" : 89.0,
      "p95" : 89.0,
      "p98" : 89.0,
      "p99" : 89.0,
      "p999" : 89.0,
      "values" : [ 89, 89, 89, 89 ],
      "stddev" : 0.0
    },
    "vm.memory.pools.Metaspace.usage.x100.window.1h" : {
      "count" : 4,
      "max" : 89,
      "mean" : 89.0,
      "min" : 89,
      "p50" : 89.0,
      "p75" : 89.0,
      "p95" : 89.0,
      "p98" : 89.0,
      "p99" : 89.0,
      "p999" : 89.0,
      "values" : [ 89, 89, 89, 89 ],
      "stddev" : 0.0
    },
    "vm.memory.pools.Metaspace.usage.x100.window.5m" : {
      "count" : 4,
      "max" : 89,
      "mean" : 89.0,
      "min" : 89,
      "p50" : 89.0,
      "p75" : 89.0,
      "p95" : 89.0,
      "p98" : 89.0,
      "p99" : 89.0,
      "p999" : 89.0,
      "values" : [ 89, 89, 89, 89 ],
      "stddev" : 0.0
    },
    "vm.memory.pools.Metaspace.used.history" : {
      "count" : 4,
      "max" : 137212816,
      "mean" : 1.3706188331320867E8,
      "min" : 136865952,
      "p50" : 1.37111056E8,
      "p75" : 1.37212816E8,
      "p95" : 1.37212816E8,
      "p98" : 1.37212816E8,
      "p99" : 1.37212816E8,
      "p999" : 1.37212816E8,
      "values" : [ 136865952, 136920048, 137111056, 137212816 ],
      "stddev" : 139218.0393587544
    },
    "vm.memory.pools.Metaspace.used.window.15m" : {
      "count" : 4,
      "max" : 137212816,
      "mean" : 1.37027468E8,
      "min" : 136865952,
      "p50" : 1.37015552E8,
      "p75" : 1.37187376E8,
      "p95" : 1.37212816E8,
      "p98" : 1.37212816E8,
      "p99" : 1.37212816E8,
      "p999" : 1.37212816E8,
      "values" : [ 136865952, 136920048, 137111056, 137212816 ],
      "stddev" : 162241.90735236483
    },
    "vm.memory.pools.Metaspace.used.window.1h" : {
      "count" : 4,
      "max" : 137212816,
      "mean" : 1.37027468E8,
      "min" : 136865952,
      "p50" : 1.37015552E8,
      "p75" : 1.37187376E8,
      "p95" : 1.37212816E8,
      "p98" : 1.37212816E8,
      "p99" : 1.37212816E8,
      "p999" : 1.37212816E8,
      "values" : [ 136865952, 136920048, 137111056, 137212816 ],
      "stddev" : 162241.90735236483
    },
    "vm.memory.pools.Metaspace.used.window.5m" : {
      "count" : 4,
      "max" : 137212816,
      "mean" : 1.37027468E8,
      "min" : 136865952,
      "p50" : 1.37015552E8,
      "p75" : 1.37187376E8,
      "p95" : 1.37212816E8,
      "p98" : 1.37212816E8,
      "p99" : 1.37212816E8,
      "p999" : 1.37212816E8,
      "values" : [ 136865952, 136920048, 137111056, 137212816 ],
      "stddev" : 162241.90735236483
    },
    "vm.memory.pools.PS-Eden-Space.committed.history" : {
      "count" : 4,
      "max" : 1302331392,
      "mean" : 1.302331392E9,
      "min" : 1302331392,
      "p50" : 1.302331392E9,
      "p75" : 1.302331392E9,
      "p95" : 1.302331392E9,
      "p98" : 1.302331392E9,
      "p99" : 1.302331392E9,
      "p999" : 1.302331392E9,
      "values" : [ 1302331392, 1302331392, 1302331392, 1302331392 ],
      "stddev" : 0.0
    },
    "vm.memory.pools.PS-Eden-Space.committed.window.15m" : {
      "count" : 4,
      "max" : 1302331392,
      "mean" : 1.302331392E9,
      "min" : 1302331392,
      "p50" : 1.302331392E9,
      "p75" : 1.302331392E9,
      "p95" : 1.302331392E9,
      "p98" : 1.302331392E9,
      "p99" : 1.302331392E9,
      "p999" : 1.302331392E9,
      "values" : [ 1302331392, 1302331392, 1302331392, 1302331392 ],
      "stddev" : 0.0
    },
    "vm.memory.pools.PS-Eden-Space.committed.window.1h" : {
      "count" : 4,
      "max" : 1302331392,
      "mean" : 1.302331392E9,
      "min" : 1302331392,
      "p50" : 1.302331392E9,
      "p75" : 1.302331392E9,
      "p95" : 1.302331392E9,
      "p98" : 1.302331392E9,
      "p99" : 1.302331392E9,
      "p999" : 1.302331392E9,
      "values" : [ 1302331392, 1302331392, 1302331392, 1302331392 ],
      "stddev" : 0.0
    },
    "vm.memory.pools.PS-Eden-Space.committed.window.5m" : {
      "count" : 4,
      "max" : 1302331392,
      "mean" : 1.302331392E9,
      "min" : 1302331392,
      "p50" : 1.302331392E9,
      "p75" : 1.302331392E9,
      "p95" : 1.302331392E9,
      "p98" : 1.302331392E9,
      "p99" : 1.302331392E9,
      "p999" : 1.302331392E9,
      "values" : [ 1302331392, 1302331392, 1302331392, 1302331392 ],
      "stddev" : 0.0
    },
    "vm.memory.pools.PS-Eden-Space.usage.x100.history" : {
      "count" : 4,
      "max" : 43,
      "mean" : 41.17144159803496,
      "min" : 39,
      "p50" : 42.0,
      "p75" : 43.0,
      "p95" : 43.0,
      "p98" : 43.0,
      "p99" : 43.0,
      "p999" : 43.0,
      "values" : [ 39, 39, 42, 43 ],
      "stddev" : 1.7768685278256897
    },
    "vm.memory.pools.PS-Eden-Space.usage.x100.window.15m" : {
      "count" : 4,
      "max" : 43,
      "mean" : 40.75,
      "min" : 39,
      "p50" : 40.5,
      "p75" : 42.75,
      "p95" : 43.0,
      "p98" : 43.0,
      "p99" : 43.0,
      "p999" : 43.0,
      "values" : [ 39, 39, 42, 43 ],
      "stddev" : 2.0615528128088303
    },
    "vm.memory.pools.PS-Eden-Space.usage.x100.window.1h" : {
      "count" : 4,
      "max" : 43,
      "mean" : 40.75,
      "min" : 39,
      "p50" : 40.5,
      "p75" : 42.75,
      "p95" : 43.0,
      "p98" : 43.0,
      "p99" : 43.0,
      "p999" : 43.0,
      "values" : [ 39, 39, 42, 43 ],
      "stddev" : 2.0615528128088303
    },
    "vm.memory.pools.PS-Eden-Space.usage.x100.window.5m" : {
      "count" : 4,
      "max" : 43,
      "mean" : 40.75,
      "min" : 39,
      "p50" : 40.5,
      "p75" : 42.75,
      "p95" : 43.0,
      "p98" : 43.0,
      "p99" : 43.0,
      "p999" : 43.0,
      "values" : [ 39, 39, 42, 43 ],
      "stddev" : 2.0615528128088303
    },
    "vm.memory.pools.PS-Eden-Space.used.history" : {
      "count" : 4,
      "max" : 559496088,
      "mean" : 5.368655631787092E8,
      "min" : 507470656,
      "p50" : 5.45680864E8,
      "p75" : 5.59496088E8,
      "p95" : 5.59496088E8,
      "p98" : 5.59496088E8,
      "p99" : 5.59496088E8,
      "p999" : 5.59496088E8,
      "values" : [ 507470656, 513806544, 545680864, 559496088 ],
      "stddev" : 2.1434429275173545E7
    },
    "vm.memory.pools.PS-Eden-Space.used.window.15m" : {
      "count" : 4,
      "max" : 559496088,
      "mean" : 5.31613538E8,
      "min" : 507470656,
      "p50" : 5.29743704E8,
      "p75" : 5.56042282E8,
      "p95" : 5.59496088E8,
      "p98" : 5.59496088E8,
      "p99" : 5.59496088E8,
      "p999" : 5.59496088E8,
      "values" : [ 507470656, 513806544, 545680864, 559496088 ],
      "stddev" : 2.5001960202317044E7
    },
    "vm.memory.pools.PS-Eden-Space.used.window.1h" : {
      "count" : 4,
      "max" : 559496088,
      "mean" : 5.31613538E8,
      "min" : 507470656,
      "p50" : 5.29743704E8,
      "p75" : 5.56042282E8,
      "p95" : 5.59496088E8,
      "p98" : 5.59496088E8,
      "p99" : 5.59496088E8,
      "p999" : 5.59496088E8,
      "values" : [ 507470656, 513806544, 545680864, 559496088 ],
      "stddev" : 2.5001960202317044E7
    },
    "vm.memory.pools.PS-Eden-Space.used.window.5m" : {
      "count" : 4,
      "max" : 559496088,
      "mean" : 5.31613538E8,
      "min" : 507470656,
      "p50" : 5.29743704E8,
      "p75" : 5.56042282E8,
      "p95" : 5.59496088E8,
      "p98" : 5.59496088E8,
      "p99" : 5.59496088E8,
      "p999" : 5.59496088E8,
      "values" : [ 507470656, 513806544, 545680864, 559496088 ],
      "stddev" : 2.5001960202317044E7
    },
    "vm.memory.pools.PS-Old-Gen.committed.history" : {
      "count" : 4,
      "max" : 304087040,
      "mean" : 3.0408704E8,
      "min" : 304087040,
      "p50" : 3.0408704E8,
      "p75" : 3.0408704E8,
      "p95" : 3.0408704E8,
      "p98" : 3.0408704E8,
      "p99" : 3.0408704E8,
      "p999" : 3.0408704E8,
      "values" : [ 304087040, 304087040, 304087040, 304087040 ],
      "stddev" : 0.0
    },
    "vm.memory.pools.PS-Old-Gen.committed.window.15m" : {
      "count" : 4,
      "max" : 304087040,
      "mean" : 3.0408704E8,
      "min" : 304087040,
      "p50" : 3.0408704E8,
      "p75" : 3.0408704E8,
      "p95" : 3.0408704E8,
      "p98" : 3.0408704E8,
      "p99" : 3.0408704E8,
      "p999" : 3.0408704E8,
      "values" : [ 304087040, 304087040, 304087040, 304087040 ],
      "stddev" : 0.0
    },
    "vm.memory.pools.PS-Old-Gen.committed.window.1h" : {
      "count" : 4,
      "max" : 304087040,
      "mean" : 3.0408704E8,
      "min" : 304087040,
      "p50" : 3.0408704E8,
      "p75" : 3.0408704E8,
      "p95" : 3.0408704E8,
      "p98" : 3.0408704E8,
      "p99" : 3.0408704E8,
      "p999" : 3.0408704E8,
      "values" : [ 304087040, 304087040, 304087040, 304087040 ],
      "stddev" : 0.0
    },
    "vm.memory.pools.PS-Old-Gen.committed.window.5m" : {
      "count" : 4,
      "max" : 304087040,
      "mean" : 3.0408704E8,
      "min" : 304087040,
      "p50" : 3.0408704E8,
      "p75" : 3.0408704E8,
      "p95" : 3.0408704E8,
      "p98" : 3.0408704E8,
      "p99" : 3.0408704E8,
      "p999" : 3.0408704E8,
      "values" : [ 304087040, 304087040, 304087040, 304087040 ],
      "stddev" : 0.0
    },
    "vm.memory.pools.PS-Old-Gen.usage.x100.history" : {
      "count" : 4,
      "max" : 7,
      "mean" : 7.0,
      "min" : 7,
      "p50" : 7.0,
      "p75" : 7.0,
      "p95" : 7.0,
      "p98" : 7.0,
      "p99" : 7.0,
      "p999" : 7.0,
      "values" : [ 7, 7, 7, 7 ],
      "stddev" : 0.0
    },
    "vm.memory.pools.PS-Old-Gen.usage.x100.window.15m" : {
      "count" : 4,
      "max" : 7,
      "mean" : 7.0,
      "min" : 7,
      "p50" : 7.0,
      "p75" : 7.0,
      "p95" : 7.0,
      "p98" : 7.0,
      "p99" : 7.0,
      "p999" : 7.0,
      "values" : [ 7, 7, 7, 7 ],
      "stddev" : 0.0
    },
    "vm.memory.pools.PS-Old-Gen.usage.x100.window.1h" : {
      "count" : 4,
      "max" : 7,
      "mean" : 7.0,
      "min" : 7,
      "p50" : 7.0,
      "p75" : 7.0,
      "p95" : 7.0,
      "p98" : 7.0,
      "p99" : 7.0,
      "p999" : 7.0,
      "values" : [ 7, 7, 7, 7 ],
      "stddev" : 0.0
    },
    "vm.memory.pools.PS-Old-Gen.usage.x100.window.5m" : {
      "count" : 4,
      "max" : 7,
      "mean" : 7.0,
      "min" : 7,
      "p50" : 7.0,
      "p75" : 7.0,
      "p95" : 7.0,
      "p98" : 7.0,
      "p99" : 7.0,
      "p999" : 7.0,
      "values" : [ 7, 7, 7, 7 ],
      "stddev" : 0.0
    },
    "vm.memory.pools.PS-Old-Gen.used.history" : {
      "count" : 4,
      "max" : 188248744,
      "mean" : 1.88248744E8,
      "min" : 188248744,
      "p50" : 1.88248744E8,
      "p75" : 1.88248744E8,
      "p95" : 1.88248744E8,
      "p98" : 1.88248744E8,
      "p99" : 1.88248744E8,
      "p999" : 1.88248744E8,
      "values" : [ 188248744, 188248744, 188248744, 188248744 ],
      "stddev" : 0.0
    },
    "vm.memory.pools.PS-Old-Gen.used.window.15m" : {
      "count" : 4,
      "max" : 188248744,
      "mean" : 1.88248744E8,
      "min" : 188248744,
      "p50" : 1.88248744E8,
      "p75" : 1.88248744E8,
      "p95" : 1.88248744E8,
      "p98" : 1.88248744E8,
      "p99" : 1.88248744E8,
      "p999" : 1.88248744E8,
      "values" : [ 188248744, 188248744, 188248744, 188248744 ],
      "stddev" : 0.0
    },
    "vm.memory.pools.PS-Old-Gen.used.window.1h" : {
      "count" : 4,
      "max" : 188248744,
      "mean" : 1.88248744E8,
      "min" : 188248744,
      "p50" : 1.88248744E8,
      "p75" : 1.88248744E8,
      "p95" : 1.88248744E8,
      "p98" : 1.88248744E8,
      "p99" : 1.88248744E8,
      "p999" : 1.88248744E8,
      "values" : [ 188248744, 188248744, 188248744, 188248744 ],
      "stddev" : 0.0
    },
    "vm.memory.pools.PS-Old-Gen.used.window.5m" : {
      "count" : 4,
      "max" : 188248744,
      "mean" : 1.88248744E8,
      "min" : 188248744,
      "p50" : 1.88248744E8,
      "p75" : 1.88248744E8,
      "p95" : 1.88248744E8,
      "p98" : 1.88248744E8,
      "p99" : 1.88248744E8,
      "p999" : 1.88248744E8,
      "values" : [ 188248744, 188248744, 188248744, 188248744 ],
      "stddev" : 0.0
    },
    "vm.memory.pools.PS-Survivor-Space.committed.history" : {
      "count" : 4,
      "max" : 19398656,
      "mean" : 1.9398656E7,
      "min" : 19398656,
      "p50" : 1.9398656E7,
      "p75" : 1.9398656E7,
      "p95" : 1.9398656E7,
      "p98" : 1.9398656E7,
      "p99" : 1.9398656E7,
      "p999" : 1.9398656E7,
      "values" : [ 19398656, 19398656, 19398656, 19398656 ],
      "stddev" : 0.0
    },
    "vm.memory.pools.PS-Survivor-Space.committed.window.15m" : {
      "count" : 4,
      "max" : 19398656,
      "mean" : 1.9398656E7,
      "min" : 19398656,
      "p50" : 1.9398656E7,
      "p75" : 1.9398656E7,
      "p95" : 1.9398656E7,
      "p98" : 1.9398656E7,
      "p99" : 1.9398656E7,
      "p999" : 1.9398656E7,
      "values" : [ 19398656, 19398656, 19398656, 19398656 ],
      "stddev" : 0.0
    },
    "vm.memory.pools.PS-Survivor-Space.committed.window.1h" : {
      "count" : 4,
      "max" : 19398656,
      "mean" : 1.9398656E7,
      "min" : 19398656,
      "p50" : 1.9398656E7,
      "p75" : 1.9398656E7,
      "p95" : 1.9398656E7,
      "p98" : 1.9398656E7,
      "p99" : 1.9398656E7,
      "p999" : 1.9398656E7,
      "values" : [ 19398656, 19398656, 19398656, 19398656 ],
      "stddev" : 0.0
    },
    "vm.memory.pools.PS-Survivor-Space.committed.window.5m" : {
      "count" : 4,
      "max" : 19398656,
      "mean" : 1.9398656E7,
      "min" : 19398656,
      "p50" : 1.9398656E7,
      "p75" : 1.9398656E7,
      "p95" : 1.9398656E7,
      "p98" : 1.9398656E7,
      "p99" : 1.9398656E7,
      "p999" : 1.9398656E7,
      "values" : [ 19398656, 19398656, 19398656, 19398656 ],
      "stddev" : 0.0
    },
    "vm.memory.pools.PS-Survivor-Space.usage.x100.history" : {
      "count" : 4,
      "max" : 81,
      "mean" : 81.0,
      "min" : 81,
      "p50" : 81.0,
      "p75" : 81.0,
      "p95" : 81.0,
      "p98" : 81.0,
      "p99" : 81.0,
      "p999" : 81.0,
      "values" : [ 81, 81, 81, 81 ],
      "stddev" : 0.0
    },
    "vm.memory.pools.PS-Survivor-Space.usage.x100.window.15m" : {
      "count" : 4,
      "max" : 81,
      "mean" : 81.0,
      "min" : 81,
      "p50" : 81.0,
      "p75" : 81.0,
      "p95" : 81.0,
      "p98" : 81.0,
      "p99" : 81.0,
      "p999" : 81.0,
      "values" : [ 81, 81, 81, 81 ],
      "stddev" : 0.0
    },
    "vm.memory.pools.PS-Survivor-Space.usage.x100.window.1h" : {
      "count" : 4,
      "max" : 81,
      "mean" : 81.0,
      "min" : 81,
      "p50" : 81.0,
      "p75" : 81.0,
      "p95" : 81.0,
      "p98" : 81.0,
      "p99" : 81.0,
      "p999" : 81.0,
      "values" : [ 81, 81, 81, 81 ],
      "stddev" : 0.0
    },
    "vm.memory.pools.PS-Survivor-Space.usage.x100.window.5m" : {
      "count" : 4,
      "max" : 81,
      "mean" : 81.0,
      "min" : 81,
      "p50" : 81.0,
      "p75" : 81.0,
      "p95" : 81.0,
      "p98" : 81.0,
      "p99" : 81.0,
      "p999" : 81.0,
      "values" : [ 81, 81, 81, 81 ],
      "stddev" : 0.0
    },
    "vm.memory.pools.PS-Survivor-Space.used.history" : {
      "count" : 4,
      "max" : 15796736,
      "mean" : 1.5796736E7,
      "min" : 15796736,
      "p50" : 1.5796736E7,
      "p75" : 1.5796736E7,
      "p95" : 1.5796736E7,
      "p98" : 1.5796736E7,
      "p99" : 1.5796736E7,
      "p999" : 1.5796736E7,
      "values" : [ 15796736, 15796736, 15796736, 15796736 ],
      "stddev" : 0.0
    },
    "vm.memory.pools.PS-Survivor-Space.used.window.15m" : {
      "count" : 4,
      "max" : 15796736,
      "mean" : 1.5796736E7,
      "min" : 15796736,
      "p50" : 1.5796736E7,
      "p75" : 1.5796736E7,
      "p95" : 1.5796736E7,
      "p98" : 1.5796736E7,
      "p99" : 1.5796736E7,
      "p999" : 1.5796736E7,
      "values" : [ 15796736, 15796736, 15796736, 15796736 ],
      "stddev" : 0.0
    },
    "vm.memory.pools.PS-Survivor-Space.used.window.1h" : {
      "count" : 4,
      "max" : 15796736,
      "mean" : 1.5796736E7,
      "min" : 15796736,
      "p50" : 1.5796736E7,
      "p75" : 1.5796736E7,
      "p95" : 1.5796736E7,
      "p98" : 1.5796736E7,
      "p99" : 1.5796736E7,
      "p999" : 1.5796736E7,
      "values" : [ 15796736, 15796736, 15796736, 15796736 ],
      "stddev" : 0.0
    },
    "vm.memory.pools.PS-Survivor-Space.used.window.5m" : {
      "count" : 4,
      "max" : 15796736,
      "mean" : 1.5796736E7,
      "min" : 15796736,
      "p50" : 1.5796736E7,
      "p75" : 1.5796736E7,
      "p95" : 1.5796736E7,
      "p98" : 1.5796736E7,
      "p99" : 1.5796736E7,
      "p999" : 1.5796736E7,
      "values" : [ 15796736, 15796736, 15796736, 15796736 ],
      "stddev" : 0.0
    },
    "vm.memory.total.committed.history" : {
      "count" : 4,
      "max" : 1852530688,
      "mean" : 1.852072558309805E9,
      "min" : 1851482112,
      "p50" : 1.852137472E9,
      "p75" : 1.852530688E9,
      "p95" : 1.852530688E9,
      "p98" : 1.852530688E9,
      "p99" : 1.852530688E9,
      "p999" : 1.852530688E9,
      "values" : [ 1851482112, 1851744256, 1852137472, 1852530688 ],
      "stddev" : 394973.2358621507
    },
    "vm.memory.total.committed.window.15m" : {
      "count" : 4,
      "max" : 1852530688,
      "mean" : 1.851973632E9,
      "min" : 1851482112,
      "p50" : 1.851940864E9,
      "p75" : 1.852432384E9,
      "p95" : 1.852530688E9,
      "p98" : 1.852530688E9,
      "p99" : 1.852530688E9,
      "p999" : 1.852530688E9,
      "values" : [ 1851482112, 1851744256, 1852137472, 1852530688 ],
      "stddev" : 458752.0
    },
    "vm.memory.total.committed.window.1h" : {
      "count" : 4,
      "max" : 1852530688,
      "mean" : 1.851973632E9,
      "min" : 1851482112,
      "p50" : 1.851940864E9,
      "p75" : 1.852432384E9,
      "p95" : 1.852530688E9,
      "p98" : 1.852530688E9,
      "p99" : 1.852530688E9,
      "p999" : 1.852530688E9,
      "values" : [ 1851482112, 1851744256, 1852137472, 1852530688 ],
      "stddev" : 458752.0
    },
    "vm.memory.total.committed.window.5m" : {
      "count" : 4,
      "max" : 1852530688,
      "mean" : 1.851973632E9,
      "min" : 1851482112,
      "p50" : 1.851940864E9,
      "p75" : 1.852432384E9,
      "p95" : 1.852530688E9,
      "p98" : 1.852530688E9,
      "p99" : 1.852530688E9,
      "p999" : 1.852530688E9,
      "values" : [ 1851482112, 1851744256, 1852137472, 1852530688 ],
      "stddev" : 458752.0
    },
    "vm.memory.total.used.history" : {
      "count" : 4,
      "max" : 969236416,
      "mean" : 9.461736349856687E8,
      "min" : 916241536,
      "p50" : 9.55223696E8,
      "p75" : 9.69236416E8,
      "p95" : 9.69236416E8,
      "p98" : 9.69236416E8,
      "p99" : 9.69236416E8,
      "p999" : 9.69236416E8,
      "values" : [ 916241536, 922571664, 955223696, 969236416 ],
      "stddev" : 2.1869429269133754E7
    },
    "vm.memory.total.used.window.15m" : {
      "count" : 4,
      "max" : 969236416,
      "mean" : 9.40818328E8,
      "min" : 916241536,
      "p50" : 9.3889768E8,
      "p75" : 9.65733236E8,
      "p95" : 9.69236416E8,
      "p98" : 9.69236416E8,
      "p99" : 9.69236416E8,
      "p999" : 9.69236416E8,
      "values" : [ 916241536, 922571664, 955223696, 969236416 ],
      "stddev" : 2.5508572447521295E7
    },
    "vm.memory.total.used.window.1h" : {
      "count" : 4,
      "max" : 969236416,
      "mean" : 9.408186E8,
      "min" : 916242624,
      "p50" : 9.3889768E8,
      "p75" : 9.65733236E8,
      "p95" : 9.69236416E8,
      "p98" : 9.69236416E8,
      "p99" : 9.69236416E8,
      "p999" : 9.69236416E8,
      "values" : [ 916242624, 922571664, 955223696, 969236416 ],
      "stddev" : 2.550822303179731E7
    },
    "vm.memory.total.used.window.5m" : {
      "count" : 4,
      "max" : 969236416,
      "mean" : 9.408186E8,
      "min" : 916242624,
      "p50" : 9.3889768E8,
      "p75" : 9.65733236E8,
      "p95" : 9.69236416E8,
      "p98" : 9.69236416E8,
      "p99" : 9.69236416E8,
      "p999" : 9.69236416E8,
      "values" : [ 916242624, 922571664, 955223696, 969236416 ],
      "stddev" : 2.550822303179731E7
    }
  },
  "meters" : {
    "http.responseCodes.badRequest" : {
      "count" : 0,
      "m15_rate" : 0.0,
      "m1_rate" : 0.0,
      "m5_rate" : 0.0,
      "mean_rate" : 0.0,
      "units" : "events/minute"
    },
    "http.responseCodes.created" : {
      "count" : 0,
      "m15_rate" : 0.0,
      "m1_rate" : 0.0,
      "m5_rate" : 0.0,
      "mean_rate" : 0.0,
      "units" : "events/minute"
    },
    "http.responseCodes.forbidden" : {
      "count" : 0,
      "m15_rate" : 0.0,
      "m1_rate" : 0.0,
      "m5_rate" : 0.0,
      "mean_rate" : 0.0,
      "units" : "events/minute"
    },
    "http.responseCodes.noContent" : {
      "count" : 0,
      "m15_rate" : 0.0,
      "m1_rate" : 0.0,
      "m5_rate" : 0.0,
      "mean_rate" : 0.0,
      "units" : "events/minute"
    },
    "http.responseCodes.notFound" : {
      "count" : 0,
      "m15_rate" : 0.0,
      "m1_rate" : 0.0,
      "m5_rate" : 0.0,
      "mean_rate" : 0.0,
      "units" : "events/minute"
    },
    "http.responseCodes.notModified" : {
      "count" : 12,
      "m15_rate" : 0.7867812102711715,
      "m1_rate" : 9.356429830811383,
      "m5_rate" : 2.2830563124279477,
      "mean_rate" : 10.397698490696602,
      "units" : "events/minute"
    },
    "http.responseCodes.ok" : {
      "count" : 23,
      "m15_rate" : 12.528103750768004,
      "m1_rate" : 18.764534317626367,
      "m5_rate" : 13.552249052052364,
      "mean_rate" : 19.928949595704967,
      "units" : "events/minute"
    },
    "http.responseCodes.other" : {
      "count" : 0,
      "m15_rate" : 0.0,
      "m1_rate" : 0.0,
      "m5_rate" : 0.0,
      "mean_rate" : 0.0,
      "units" : "events/minute"
    },
    "http.responseCodes.serverError" : {
      "count" : 0,
      "m15_rate" : 0.0,
      "m1_rate" : 0.0,
      "m5_rate" : 0.0,
      "mean_rate" : 0.0,
      "units" : "events/minute"
    },
    "http.responseCodes.serviceUnavailable" : {
      "count" : 0,
      "m15_rate" : 0.0,
      "m1_rate" : 0.0,
      "m5_rate" : 0.0,
      "mean_rate" : 0.0,
      "units" : "events/minute"
    },
    "jenkins.job.scheduled" : {
      "count" : 0,
      "m15_rate" : 0.0,
      "m1_rate" : 0.0,
      "m5_rate" : 0.0,
      "mean_rate" : 0.0,
      "units" : "events/minute"
    },
    "jenkins.runs.aborted" : {
      "count" : 0,
      "m15_rate" : 0.0,
      "m1_rate" : 0.0,
      "m5_rate" : 0.0,
      "mean_rate" : 0.0,
      "units" : "events/minute"
    },
    "jenkins.runs.failure" : {
      "count" : 0,
      "m15_rate" : 0.0,
      "m1_rate" : 0.0,
      "m5_rate" : 0.0,
      "mean_rate" : 0.0,
      "units" : "events/minute"
    },
    "jenkins.runs.not_built" : {
      "count" : 0,
      "m15_rate" : 0.0,
      "m1_rate" : 0.0,
      "m5_rate" : 0.0,
      "mean_rate" : 0.0,
      "units" : "events/minute"
    },
    "jenkins.runs.success" : {
      "count" : 0,
      "m15_rate" : 0.0,
      "m1_rate" : 0.0,
      "m5_rate" : 0.0,
      "mean_rate" : 0.0,
      "units" : "events/minute"
    },
    "jenkins.runs.total" : {
      "count" : 0,
      "m15_rate" : 0.0,
      "m1_rate" : 0.0,
      "m5_rate" : 0.0,
      "mean_rate" : 0.0,
      "units" : "events/minute"
    },
    "jenkins.runs.unstable" : {
      "count" : 0,
      "m15_rate" : 0.0,
      "m1_rate" : 0.0,
      "m5_rate" : 0.0,
      "mean_rate" : 0.0,
      "units" : "events/minute"
    },
    "jenkins.task.scheduled" : {
      "count" : 0,
      "m15_rate" : 0.0,
      "m1_rate" : 0.0,
      "m5_rate" : 0.0,
      "mean_rate" : 0.0,
      "units" : "events/minute"
    }
  },
  "timers" : {
    "http.requests" : {
      "count" : 35,
      "max" : 0.30029082300000004,
      "mean" : 0.015599868376512812,
      "min" : 0.0035628680000000003,
      "p50" : 0.006425031,
      "p75" : 0.007373015,
      "p95" : 0.071869848,
      "p98" : 0.106693648,
      "p99" : 0.30029082300000004,
      "p999" : 0.30029082300000004,
      "values" : [ 0.0035628680000000003, 0.003881114, 0.0041898000000000005, 0.004206449, 0.00471318, 0.004731788000000001, 0.004752353, 0.004798071, 0.004839109, 0.00485043, 0.004936097, 0.004993436, 0.0050029950000000005, 0.00501709, 0.005809469, 0.006265202, 0.006368395000000001, 0.006392705, 0.006425031, 0.0065416120000000005, 0.006709485, 0.006717768000000001, 0.006902572, 0.0071630190000000005, 0.007269200000000001, 0.007310366, 0.007373015, 0.007826983000000001, 0.007833429000000001, 0.008191215, 0.009357411000000001, 0.010288615000000001, 0.071869848, 0.106693648, 0.30029082300000004 ],
      "stddev" : 0.04089227646461691,
      "m15_rate" : 13.314884961039176,
      "m1_rate" : 28.120964148437746,
      "m5_rate" : 15.835305364480313,
      "mean_rate" : 30.327404045111837,
      "duration_units" : "seconds",
      "rate_units" : "calls/minute"
    },
    "jenkins.health-check.duration" : {
      "count" : 1,
      "max" : 0.005224063,
      "mean" : 0.005224063,
      "min" : 0.005224063,
      "p50" : 0.005224063,
      "p75" : 0.005224063,
      "p95" : 0.005224063,
      "p98" : 0.005224063,
      "p99" : 0.005224063,
      "p999" : 0.005224063,
      "values" : [ 0.005224063 ],
      "stddev" : 0.0,
      "m15_rate" : 0.0650207444190263,
      "m1_rate" : 0.6874881644801457,
      "m5_rate" : 0.18555084482753387,
      "mean_rate" : 0.8906098741184663,
      "duration_units" : "seconds",
      "rate_units" : "calls/minute"
    },
    "jenkins.job.blocked.duration" : {
      "count" : 0,
      "max" : 0.0,
      "mean" : 0.0,
      "min" : 0.0,
      "p50" : 0.0,
      "p75" : 0.0,
      "p95" : 0.0,
      "p98" : 0.0,
      "p99" : 0.0,
      "p999" : 0.0,
      "values" : [ ],
      "stddev" : 0.0,
      "m15_rate" : 0.0,
      "m1_rate" : 0.0,
      "m5_rate" : 0.0,
      "mean_rate" : 0.0,
      "duration_units" : "seconds",
      "rate_units" : "calls/minute"
    },
    "jenkins.job.buildable.duration" : {
      "count" : 0,
      "max" : 0.0,
      "mean" : 0.0,
      "min" : 0.0,
      "p50" : 0.0,
      "p75" : 0.0,
      "p95" : 0.0,
      "p98" : 0.0,
      "p99" : 0.0,
      "p999" : 0.0,
      "values" : [ ],
      "stddev" : 0.0,
      "m15_rate" : 0.0,
      "m1_rate" : 0.0,
      "m5_rate" : 0.0,
      "mean_rate" : 0.0,
      "duration_units" : "seconds",
      "rate_units" : "calls/minute"
    },
    "jenkins.job.building.duration" : {
      "count" : 0,
      "max" : 0.0,
      "mean" : 0.0,
      "min" : 0.0,
      "p50" : 0.0,
      "p75" : 0.0,
      "p95" : 0.0,
      "p98" : 0.0,
      "p99" : 0.0,
      "p999" : 0.0,
      "values" : [ ],
      "stddev" : 0.0,
      "m15_rate" : 0.0,
      "m1_rate" : 0.0,
      "m5_rate" : 0.0,
      "mean_rate" : 0.0,
      "duration_units" : "seconds",
      "rate_units" : "calls/minute"
    },
    "jenkins.job.execution.time" : {
      "count" : 0,
      "max" : 0.0,
      "mean" : 0.0,
      "min" : 0.0,
      "p50" : 0.0,
      "p75" : 0.0,
      "p95" : 0.0,
      "p98" : 0.0,
      "p99" : 0.0,
      "p999" : 0.0,
      "values" : [ ],
      "stddev" : 0.0,
      "m15_rate" : 0.0,
      "m1_rate" : 0.0,
      "m5_rate" : 0.0,
      "mean_rate" : 0.0,
      "duration_units" : "seconds",
      "rate_units" : "calls/minute"
    },
    "jenkins.job.queuing.duration" : {
      "count" : 0,
      "max" : 0.0,
      "mean" : 0.0,
      "min" : 0.0,
      "p50" : 0.0,
      "p75" : 0.0,
      "p95" : 0.0,
      "p98" : 0.0,
      "p99" : 0.0,
      "p999" : 0.0,
      "values" : [ ],
      "stddev" : 0.0,
      "m15_rate" : 0.0,
      "m1_rate" : 0.0,
      "m5_rate" : 0.0,
      "mean_rate" : 0.0,
      "duration_units" : "seconds",
      "rate_units" : "calls/minute"
    },
    "jenkins.job.total.duration" : {
      "count" : 0,
      "max" : 0.0,
      "mean" : 0.0,
      "min" : 0.0,
      "p50" : 0.0,
      "p75" : 0.0,
      "p95" : 0.0,
      "p98" : 0.0,
      "p99" : 0.0,
      "p999" : 0.0,
      "values" : [ ],
      "stddev" : 0.0,
      "m15_rate" : 0.0,
      "m1_rate" : 0.0,
      "m5_rate" : 0.0,
      "mean_rate" : 0.0,
      "duration_units" : "seconds",
      "rate_units" : "calls/minute"
    },
    "jenkins.job.waiting.duration" : {
      "count" : 0,
      "max" : 0.0,
      "mean" : 0.0,
      "min" : 0.0,
      "p50" : 0.0,
      "p75" : 0.0,
      "p95" : 0.0,
      "p98" : 0.0,
      "p99" : 0.0,
      "p999" : 0.0,
      "values" : [ ],
      "stddev" : 0.0,
      "m15_rate" : 0.0,
      "m1_rate" : 0.0,
      "m5_rate" : 0.0,
      "mean_rate" : 0.0,
      "duration_units" : "seconds",
      "rate_units" : "calls/minute"
    },
    "jenkins.node.AON-Devops.builds" : {
      "count" : 0,
      "max" : 0.0,
      "mean" : 0.0,
      "min" : 0.0,
      "p50" : 0.0,
      "p75" : 0.0,
      "p95" : 0.0,
      "p98" : 0.0,
      "p99" : 0.0,
      "p999" : 0.0,
      "values" : [ ],
      "stddev" : 0.0,
      "m15_rate" : 0.0,
      "m1_rate" : 0.0,
      "m5_rate" : 0.0,
      "mean_rate" : 0.0,
      "duration_units" : "seconds",
      "rate_units" : "calls/minute"
    },
    "jenkins.node.qe-jenkins-slave1.builds" : {
      "count" : 0,
      "max" : 0.0,
      "mean" : 0.0,
      "min" : 0.0,
      "p50" : 0.0,
      "p75" : 0.0,
      "p95" : 0.0,
      "p98" : 0.0,
      "p99" : 0.0,
      "p999" : 0.0,
      "values" : [ ],
      "stddev" : 0.0,
      "m15_rate" : 0.0,
      "m1_rate" : 0.0,
      "m5_rate" : 0.0,
      "mean_rate" : 0.0,
      "duration_units" : "seconds",
      "rate_units" : "calls/minute"
    },
    "jenkins.node.qe-jenkins-slave2.builds" : {
      "count" : 0,
      "max" : 0.0,
      "mean" : 0.0,
      "min" : 0.0,
      "p50" : 0.0,
      "p75" : 0.0,
      "p95" : 0.0,
      "p98" : 0.0,
      "p99" : 0.0,
      "p999" : 0.0,
      "values" : [ ],
      "stddev" : 0.0,
      "m15_rate" : 0.0,
      "m1_rate" : 0.0,
      "m5_rate" : 0.0,
      "mean_rate" : 0.0,
      "duration_units" : "seconds",
      "rate_units" : "calls/minute"
    },
    "jenkins.node.qe-jenkins-slave3.builds" : {
      "count" : 0,
      "max" : 0.0,
      "mean" : 0.0,
      "min" : 0.0,
      "p50" : 0.0,
      "p75" : 0.0,
      "p95" : 0.0,
      "p98" : 0.0,
      "p99" : 0.0,
      "p999" : 0.0,
      "values" : [ ],
      "stddev" : 0.0,
      "m15_rate" : 0.0,
      "m1_rate" : 0.0,
      "m5_rate" : 0.0,
      "mean_rate" : 0.0,
      "duration_units" : "seconds",
      "rate_units" : "calls/minute"
    },
    "jenkins.node.qe-jenkins-slave4.builds" : {
      "count" : 0,
      "max" : 0.0,
      "mean" : 0.0,
      "min" : 0.0,
      "p50" : 0.0,
      "p75" : 0.0,
      "p95" : 0.0,
      "p98" : 0.0,
      "p99" : 0.0,
      "p999" : 0.0,
      "values" : [ ],
      "stddev" : 0.0,
      "m15_rate" : 0.0,
      "m1_rate" : 0.0,
      "m5_rate" : 0.0,
      "mean_rate" : 0.0,
      "duration_units" : "seconds",
      "rate_units" : "calls/minute"
    },
    "jenkins.node.qe-jenkins-slave5.builds" : {
      "count" : 0,
      "max" : 0.0,
      "mean" : 0.0,
      "min" : 0.0,
      "p50" : 0.0,
      "p75" : 0.0,
      "p95" : 0.0,
      "p98" : 0.0,
      "p99" : 0.0,
      "p999" : 0.0,
      "values" : [ ],
      "stddev" : 0.0,
      "m15_rate" : 0.0,
      "m1_rate" : 0.0,
      "m5_rate" : 0.0,
      "mean_rate" : 0.0,
      "duration_units" : "seconds",
      "rate_units" : "calls/minute"
    },
    "jenkins.node.qe-jenkins-slave6.builds" : {
      "count" : 0,
      "max" : 0.0,
      "mean" : 0.0,
      "min" : 0.0,
      "p50" : 0.0,
      "p75" : 0.0,
      "p95" : 0.0,
      "p98" : 0.0,
      "p99" : 0.0,
      "p999" : 0.0,
      "values" : [ ],
      "stddev" : 0.0,
      "m15_rate" : 0.0,
      "m1_rate" : 0.0,
      "m5_rate" : 0.0,
      "mean_rate" : 0.0,
      "duration_units" : "seconds",
      "rate_units" : "calls/minute"
    },
    "jenkins.task.blocked.duration" : {
      "count" : 0,
      "max" : 0.0,
      "mean" : 0.0,
      "min" : 0.0,
      "p50" : 0.0,
      "p75" : 0.0,
      "p95" : 0.0,
      "p98" : 0.0,
      "p99" : 0.0,
      "p999" : 0.0,
      "values" : [ ],
      "stddev" : 0.0,
      "m15_rate" : 0.0,
      "m1_rate" : 0.0,
      "m5_rate" : 0.0,
      "mean_rate" : 0.0,
      "duration_units" : "seconds",
      "rate_units" : "calls/minute"
    },
    "jenkins.task.buildable.duration" : {
      "count" : 0,
      "max" : 0.0,
      "mean" : 0.0,
      "min" : 0.0,
      "p50" : 0.0,
      "p75" : 0.0,
      "p95" : 0.0,
      "p98" : 0.0,
      "p99" : 0.0,
      "p999" : 0.0,
      "values" : [ ],
      "stddev" : 0.0,
      "m15_rate" : 0.0,
      "m1_rate" : 0.0,
      "m5_rate" : 0.0,
      "mean_rate" : 0.0,
      "duration_units" : "seconds",
      "rate_units" : "calls/minute"
    },
    "jenkins.task.execution.duration" : {
      "count" : 0,
      "max" : 0.0,
      "mean" : 0.0,
      "min" : 0.0,
      "p50" : 0.0,
      "p75" : 0.0,
      "p95" : 0.0,
      "p98" : 0.0,
      "p99" : 0.0,
      "p999" : 0.0,
      "values" : [ ],
      "stddev" : 0.0,
      "m15_rate" : 0.0,
      "m1_rate" : 0.0,
      "m5_rate" : 0.0,
      "mean_rate" : 0.0,
      "duration_units" : "seconds",
      "rate_units" : "calls/minute"
    },
    "jenkins.task.queuing.duration" : {
      "count" : 0,
      "max" : 0.0,
      "mean" : 0.0,
      "min" : 0.0,
      "p50" : 0.0,
      "p75" : 0.0,
      "p95" : 0.0,
      "p98" : 0.0,
      "p99" : 0.0,
      "p999" : 0.0,
      "values" : [ ],
      "stddev" : 0.0,
      "m15_rate" : 0.0,
      "m1_rate" : 0.0,
      "m5_rate" : 0.0,
      "mean_rate" : 0.0,
      "duration_units" : "seconds",
      "rate_units" : "calls/minute"
    },
    "jenkins.task.waiting.duration" : {
      "count" : 0,
      "max" : 0.0,
      "mean" : 0.0,
      "min" : 0.0,
      "p50" : 0.0,
      "p75" : 0.0,
      "p95" : 0.0,
      "p98" : 0.0,
      "p99" : 0.0,
      "p999" : 0.0,
      "values" : [ ],
      "stddev" : 0.0,
      "m15_rate" : 0.0,
      "m1_rate" : 0.0,
      "m5_rate" : 0.0,
      "mean_rate" : 0.0,
      "duration_units" : "seconds",
      "rate_units" : "calls/minute"
    }
  }
}