<?xml version="1.0" encoding="UTF-8"?><InteractionHistory Id="http://issues.hudson-ci.org-136374" Version="1"><InteractionEvent Delta="null" EndDate="2010-04-16 20:57:26.597 CEST" Interest="0.70000017" Kind="propagation" Navigation="org.eclipse.mylyn.core.model.edges.containment" OriginId="org.eclipse.mylyn.core.model.interest.propagation" StartDate="2010-04-16 20:57:26.597 CEST" StructureHandle="/org.jvnet.hudson.main.hudson-core/src" StructureKind="resource"/><InteractionEvent Delta="null" EndDate="2010-04-16 20:57:26.597 CEST" Interest="1.0" Kind="propagation" Navigation="org.eclipse.mylyn.core.model.edges.containment" OriginId="org.eclipse.mylyn.core.model.interest.propagation" StartDate="2010-04-16 20:57:26.597 CEST" StructureHandle="/" StructureKind="resource"/><InteractionEvent Delta="null" EndDate="2010-04-16 20:57:46.566 CEST" Interest="1.0000001" Kind="propagation" Navigation="org.eclipse.mylyn.core.model.edges.containment" OriginId="org.eclipse.mylyn.core.model.interest.propagation" StartDate="2010-04-16 20:57:46.566 CEST" StructureHandle="/org.jvnet.hudson.main.hudson-core/src/main/resources" StructureKind="resource"/><InteractionEvent Delta="null" EndDate="2010-04-16 20:57:26.597 CEST" Interest="0.70000017" Kind="propagation" Navigation="org.eclipse.mylyn.core.model.edges.containment" OriginId="org.eclipse.mylyn.core.model.interest.propagation" StartDate="2010-04-16 20:57:26.597 CEST" StructureHandle="/org.jvnet.hudson.main.hudson-core/src/main/resources/hudson/model" StructureKind="resource"/><InteractionEvent Delta="null" EndDate="2010-04-16 20:57:26.597 CEST" Interest="0.70000017" Kind="propagation" Navigation="org.eclipse.mylyn.core.model.edges.containment" OriginId="org.eclipse.mylyn.core.model.interest.propagation" StartDate="2010-04-16 20:57:26.597 CEST" StructureHandle="/org.jvnet.hudson.main.hudson-core/src/main/resources" StructureKind="resource"/><InteractionEvent Delta="null" EndDate="2010-04-16 20:57:46.566 CEST" Interest="1.0000001" Kind="propagation" Navigation="org.eclipse.mylyn.core.model.edges.containment" OriginId="org.eclipse.mylyn.core.model.interest.propagation" StartDate="2010-04-16 20:57:46.566 CEST" StructureHandle="/" StructureKind="resource"/><InteractionEvent Delta="null" EndDate="2010-04-16 20:57:48.377 CEST" Interest="0.70000005" Kind="propagation" Navigation="org.eclipse.mylyn.core.model.edges.containment" OriginId="org.eclipse.mylyn.core.model.interest.propagation" StartDate="2010-04-16 20:57:48.377 CEST" StructureHandle="/org.jvnet.hudson.main.hudson-core/src" StructureKind="resource"/><InteractionEvent Delta="null" EndDate="2010-04-16 20:57:25.819 CEST" Interest="1.0" Kind="propagation" Navigation="null" OriginId="org.eclipse.wst.xml.ui.internal.tabletree.XMLMultiPageEditorPart" StartDate="2010-04-16 20:57:25.819 CEST" StructureHandle="/org.jvnet.hudson.main.hudson-core" StructureKind="resource"/><InteractionEvent Delta="null" EndDate="2010-04-16 20:57:48.377 CEST" Interest="1.0000002" Kind="propagation" Navigation="org.eclipse.mylyn.core.model.edges.containment" OriginId="org.eclipse.mylyn.core.model.interest.propagation" StartDate="2010-04-16 20:57:48.377 CEST" StructureHandle="/" StructureKind="resource"/><InteractionEvent Delta="null" EndDate="2010-04-16 20:57:26.597 CEST" Interest="0.70000005" Kind="propagation" Navigation="org.eclipse.mylyn.core.model.edges.containment" OriginId="org.eclipse.mylyn.core.model.interest.propagation" StartDate="2010-04-16 20:57:26.597 CEST" StructureHandle="/org.jvnet.hudson.main.hudson-core/src/main/resources/hudson/model/Run" StructureKind="resource"/><InteractionEvent Delta="null" EndDate="2010-04-16 20:57:49.630 CEST" Interest="1.0" Kind="propagation" Navigation="null" OriginId="org.eclipse.jdt.ui.PackageExplorer" StartDate="2010-04-16 20:57:49.630 CEST" StructureHandle="/org.jvnet.hudson.main.hudson-core" StructureKind="resource"/><InteractionEvent Delta="null" EndDate="2010-04-16 20:57:25.819 CEST" Interest="1.0" Kind="propagation" Navigation="org.eclipse.mylyn.core.model.edges.containment" OriginId="org.eclipse.mylyn.core.model.interest.propagation" StartDate="2010-04-16 20:57:25.819 CEST" StructureHandle="/" StructureKind="resource"/><InteractionEvent Delta="null" EndDate="2010-04-16 20:57:26.597 CEST" Interest="0.70000017" Kind="propagation" Navigation="org.eclipse.mylyn.core.model.edges.containment" OriginId="org.eclipse.mylyn.core.model.interest.propagation" StartDate="2010-04-16 20:57:26.597 CEST" StructureHandle="=org.jvnet.hudson.main.hudson-core" StructureKind="java"/><InteractionEvent Delta="null" EndDate="2010-04-16 20:57:25.818 CEST" Interest="0.7" Kind="propagation" Navigation="org.eclipse.mylyn.core.model.edges.containment" OriginId="org.eclipse.mylyn.core.model.interest.propagation" StartDate="2010-04-16 20:57:25.818 CEST" StructureHandle="/org.jvnet.hudson.main.hudson-core/src/main/resources/hudson" StructureKind="resource"/><InteractionEvent Delta="null" EndDate="2010-04-16 20:57:26.597 CEST" Interest="0.70000017" Kind="propagation" Navigation="org.eclipse.mylyn.core.model.edges.containment" OriginId="org.eclipse.mylyn.core.model.interest.propagation" StartDate="2010-04-16 20:57:26.597 CEST" StructureHandle="/org.jvnet.hudson.main.hudson-core/src/main/resources/hudson" StructureKind="resource"/><InteractionEvent Delta="null" EndDate="2010-04-16 20:57:49.652 CEST" Interest="1.0" Kind="propagation" Navigation="org.eclipse.mylyn.core.model.edges.containment" OriginId="org.eclipse.mylyn.core.model.interest.propagation" StartDate="2010-04-16 20:57:49.652 CEST" StructureHandle="" StructureKind="java"/><InteractionEvent Delta="null" EndDate="2010-04-16 20:57:46.579 CEST" Interest="0.6999998" Kind="propagation" Navigation="org.eclipse.mylyn.core.model.edges.containment" OriginId="org.eclipse.mylyn.core.model.interest.propagation" StartDate="2010-04-16 20:57:46.579 CEST" StructureHandle="/org.jvnet.hudson.main.hudson-core/src/main/resources/hudson" StructureKind="resource"/><InteractionEvent Delta="null" EndDate="2010-04-16 20:57:46.580 CEST" Interest="0.6999998" Kind="propagation" Navigation="org.eclipse.mylyn.core.model.edges.containment" OriginId="org.eclipse.mylyn.core.model.interest.propagation" StartDate="2010-04-16 20:57:46.580 CEST" StructureHandle="=org.jvnet.hudson.main.hudson-core" StructureKind="java"/><InteractionEvent Delta="null" EndDate="2010-04-16 20:57:46.580 CEST" Interest="1.0" Kind="propagation" Navigation="org.eclipse.mylyn.core.model.edges.containment" OriginId="org.eclipse.mylyn.core.model.interest.propagation" StartDate="2010-04-16 20:57:46.580 CEST" StructureHandle="/" StructureKind="resource"/><InteractionEvent Delta="null" EndDate="2010-04-16 20:57:46.580 CEST" Interest="0.6999998" Kind="propagation" Navigation="org.eclipse.mylyn.core.model.edges.containment" OriginId="org.eclipse.mylyn.core.model.interest.propagation" StartDate="2010-04-16 20:57:46.580 CEST" StructureHandle="/org.jvnet.hudson.main.hudson-core/src" StructureKind="resource"/><InteractionEvent Delta="null" EndDate="2010-04-16 20:57:25.818 CEST" Interest="0.7" Kind="propagation" Navigation="org.eclipse.mylyn.core.model.edges.containment" OriginId="org.eclipse.mylyn.core.model.interest.propagation" StartDate="2010-04-16 20:57:25.818 CEST" StructureHandle="/org.jvnet.hudson.main.hudson-core/src" StructureKind="resource"/><InteractionEvent Delta="null" EndDate="2010-04-16 20:57:46.579 CEST" Interest="1.0" Kind="edit" Navigation="null" OriginId="org.eclipse.wst.xml.ui.internal.tabletree.XMLMultiPageEditorPart" StartDate="2010-04-16 20:57:46.579 CEST" StructureHandle="/org.jvnet.hudson.main.hudson-core/src/main/resources/hudson/model/Run/consoleFull.jelly" StructureKind="resource"/><InteractionEvent Delta="null" EndDate="2010-04-16 20:57:46.565 CEST" Interest="1.0000001" Kind="propagation" Navigation="org.eclipse.mylyn.core.model.edges.containment" OriginId="org.eclipse.mylyn.core.model.interest.propagation" StartDate="2010-04-16 20:57:46.565 CEST" StructureHandle="/org.jvnet.hudson.main.hudson-core/src/main/resources/hudson" StructureKind="resource"/><InteractionEvent Delta="null" EndDate="2010-04-16 20:57:48.377 CEST" Interest="1.0" Kind="propagation" Navigation="null" OriginId="org.eclipse.wst.xml.ui.internal.tabletree.XMLMultiPageEditorPart" StartDate="2010-04-16 20:57:48.377 CEST" StructureHandle="/org.jvnet.hudson.main.hudson-core" StructureKind="resource"/><InteractionEvent Delta="null" EndDate="2010-04-16 20:57:46.580 CEST" Interest="0.6999998" Kind="propagation" Navigation="org.eclipse.mylyn.core.model.edges.containment" OriginId="org.eclipse.mylyn.core.model.interest.propagation" StartDate="2010-04-16 20:57:46.580 CEST" StructureHandle="" StructureKind="java"/><InteractionEvent Delta="null" EndDate="2010-04-16 20:57:26.598 CEST" Interest="0.70000017" Kind="propagation" Navigation="org.eclipse.mylyn.core.model.edges.containment" OriginId="org.eclipse.mylyn.core.model.interest.propagation" StartDate="2010-04-16 20:57:26.598 CEST" StructureHandle="" StructureKind="java"/><InteractionEvent Delta="null" EndDate="2010-04-16 20:57:49.652 CEST" Interest="1.0" Kind="propagation" Navigation="org.eclipse.mylyn.core.model.edges.containment" OriginId="org.eclipse.mylyn.core.model.interest.propagation" StartDate="2010-04-16 20:57:49.652 CEST" StructureHandle="/" StructureKind="resource"/><InteractionEvent Delta="null" EndDate="2010-04-16 20:57:46.580 CEST" Interest="1.0" Kind="propagation" Navigation="null" OriginId="org.eclipse.wst.xml.ui.internal.tabletree.XMLMultiPageEditorPart" StartDate="2010-04-16 20:57:46.580 CEST" StructureHandle="/org.jvnet.hudson.main.hudson-core" StructureKind="resource"/><InteractionEvent Delta="null" EndDate="2010-04-16 20:57:49.630 CEST" Interest="1.0000002" Kind="propagation" Navigation="org.eclipse.mylyn.core.model.edges.containment" OriginId="org.eclipse.mylyn.core.model.interest.propagation" StartDate="2010-04-16 20:57:49.630 CEST" StructureHandle="/org.jvnet.hudson.main.hudson-core/src" StructureKind="resource"/><InteractionEvent Delta="null" EndDate="2010-04-16 20:57:49.630 CEST" Interest="1.0" Kind="selection" Navigation="null" OriginId="org.eclipse.jdt.ui.PackageExplorer" StartDate="2010-04-16 20:57:49.630 CEST" StructureHandle="/org.jvnet.hudson.main.hudson-core/src/main" StructureKind="resource"/><InteractionEvent Delta="null" EndDate="2010-04-16 20:57:48.376 CEST" Interest="0.70000005" Kind="propagation" Navigation="org.eclipse.mylyn.core.model.edges.containment" OriginId="org.eclipse.mylyn.core.model.interest.propagation" StartDate="2010-04-16 20:57:48.376 CEST" StructureHandle="/org.jvnet.hudson.main.hudson-core/src/main/resources/hudson" StructureKind="resource"/><InteractionEvent Delta="null" EndDate="2010-04-16 20:57:25.819 CEST" Interest="0.7" Kind="propagation" Navigation="org.eclipse.mylyn.core.model.edges.containment" OriginId="org.eclipse.mylyn.core.model.interest.propagation" StartDate="2010-04-16 20:57:25.819 CEST" StructureHandle="=org.jvnet.hudson.main.hudson-core" StructureKind="java"/><InteractionEvent Delta="null" EndDate="2010-04-16 20:57:46.565 CEST" Interest="1.0000001" Kind="propagation" Navigation="org.eclipse.mylyn.core.model.edges.containment" OriginId="org.eclipse.mylyn.core.model.interest.propagation" StartDate="2010-04-16 20:57:46.565 CEST" StructureHandle="/org.jvnet.hudson.main.hudson-core/src/main/resources/hudson/model/Run" StructureKind="resource"/><InteractionEvent Delta="null" EndDate="2010-04-16 20:57:26.597 CEST" Interest="0.70000017" Kind="propagation" Navigation="org.eclipse.mylyn.core.model.edges.containment" OriginId="org.eclipse.mylyn.core.model.interest.propagation" StartDate="2010-04-16 20:57:26.597 CEST" StructureHandle="/org.jvnet.hudson.main.hudson-core/src/main" StructureKind="resource"/><InteractionEvent Delta="null" EndDate="2010-04-16 20:57:48.376 CEST" Interest="0.70000005" Kind="propagation" Navigation="org.eclipse.mylyn.core.model.edges.containment" OriginId="org.eclipse.mylyn.core.model.interest.propagation" StartDate="2010-04-16 20:57:48.376 CEST" StructureHandle="/org.jvnet.hudson.main.hudson-core/src/main/resources/hudson/model/Run" StructureKind="resource"/><InteractionEvent Delta="null" EndDate="2010-04-16 20:57:48.377 CEST" Interest="0.70000005" Kind="propagation" Navigation="org.eclipse.mylyn.core.model.edges.containment" OriginId="org.eclipse.mylyn.core.model.interest.propagation" StartDate="2010-04-16 20:57:48.377 CEST" StructureHandle="/org.jvnet.hudson.main.hudson-core/src/main/resources" StructureKind="resource"/><InteractionEvent Delta="null" EndDate="2010-04-16 20:57:46.566 CEST" Interest="1.0000001" Kind="propagation" Navigation="org.eclipse.mylyn.core.model.edges.containment" OriginId="org.eclipse.mylyn.core.model.interest.propagation" StartDate="2010-04-16 20:57:46.566 CEST" StructureHandle="/org.jvnet.hudson.main.hudson-core/src" StructureKind="resource"/><InteractionEvent Delta="null" EndDate="2010-04-16 20:57:46.566 CEST" Interest="1.0000001" Kind="propagation" Navigation="org.eclipse.mylyn.core.model.edges.containment" OriginId="org.eclipse.mylyn.core.model.interest.propagation" StartDate="2010-04-16 20:57:46.566 CEST" StructureHandle="" StructureKind="java"/><InteractionEvent Delta="null" EndDate="2010-04-16 20:57:26.596 CEST" Interest="1.0" Kind="edit" Navigation="null" OriginId="org.eclipse.wst.xml.ui.internal.tabletree.XMLMultiPageEditorPart" StartDate="2010-04-16 20:57:26.596 CEST" StructureHandle="/org.jvnet.hudson.main.hudson-core/src/main/resources/hudson/model/Run/consoleFull.jelly" StructureKind="resource"/><InteractionEvent Delta="null" EndDate="2010-04-16 20:57:49.652 CEST" Interest="1.0" Kind="propagation" Navigation="null" OriginId="org.eclipse.jdt.ui.PackageExplorer" StartDate="2010-04-16 20:57:49.652 CEST" StructureHandle="/org.jvnet.hudson.main.hudson-core" StructureKind="resource"/><InteractionEvent Delta="null" EndDate="2010-04-16 20:57:49.630 CEST" Interest="1.0000002" Kind="propagation" Navigation="org.eclipse.mylyn.core.model.edges.containment" OriginId="org.eclipse.mylyn.core.model.interest.propagation" StartDate="2010-04-16 20:57:49.630 CEST" StructureHandle="" StructureKind="java"/><InteractionEvent Delta="null" EndDate="2010-04-16 20:57:48.377 CEST" Interest="0.70000005" Kind="propagation" Navigation="org.eclipse.mylyn.core.model.edges.containment" OriginId="org.eclipse.mylyn.core.model.interest.propagation" StartDate="2010-04-16 20:57:48.377 CEST" StructureHandle="=org.jvnet.hudson.main.hudson-core" StructureKind="java"/><InteractionEvent Delta="null" EndDate="2010-04-16 20:57:25.817 CEST" Interest="1.0" Kind="edit" Navigation="null" OriginId="org.eclipse.wst.xml.ui.internal.tabletree.XMLMultiPageEditorPart" StartDate="2010-04-16 20:57:25.817 CEST" StructureHandle="/org.jvnet.hudson.main.hudson-core/src/main/resources/hudson/model/Run/consoleFull.jelly" StructureKind="resource"/><InteractionEvent Delta="null" EndDate="2010-04-16 20:57:25.818 CEST" Interest="0.7" Kind="propagation" Navigation="org.eclipse.mylyn.core.model.edges.containment" OriginId="org.eclipse.mylyn.core.model.interest.propagation" StartDate="2010-04-16 20:57:25.818 CEST" StructureHandle="/org.jvnet.hudson.main.hudson-core/src/main" StructureKind="resource"/><InteractionEvent Delta="null" EndDate="2010-04-16 20:57:46.565 CEST" Interest="1.0" Kind="selection" Navigation="null" OriginId="org.eclipse.wst.xml.ui.internal.tabletree.XMLMultiPageEditorPart" StartDate="2010-04-16 20:57:46.565 CEST" StructureHandle="/org.jvnet.hudson.main.hudson-core/src/main/resources/hudson/model/Run/consoleFull.jelly" StructureKind="resource"/><InteractionEvent Delta="null" EndDate="2010-04-16 20:57:46.579 CEST" Interest="0.6999998" Kind="propagation" Navigation="org.eclipse.mylyn.core.model.edges.containment" OriginId="org.eclipse.mylyn.core.model.interest.propagation" StartDate="2010-04-16 20:57:46.579 CEST" StructureHandle="/org.jvnet.hudson.main.hudson-core/src/main/resources/hudson/model" StructureKind="resource"/><InteractionEvent Delta="null" EndDate="2010-04-16 20:57:46.565 CEST" Interest="1.0000001" Kind="propagation" Navigation="org.eclipse.mylyn.core.model.edges.containment" OriginId="org.eclipse.mylyn.core.model.interest.propagation" StartDate="2010-04-16 20:57:46.565 CEST" StructureHandle="/org.jvnet.hudson.main.hudson-core/src/main/resources/hudson/model" StructureKind="resource"/><InteractionEvent Delta="null" EndDate="2010-04-16 20:57:48.377 CEST" Interest="0.70000005" Kind="propagation" Navigation="org.eclipse.mylyn.core.model.edges.containment" OriginId="org.eclipse.mylyn.core.model.interest.propagation" StartDate="2010-04-16 20:57:48.377 CEST" StructureHandle="" StructureKind="java"/><InteractionEvent Delta="null" EndDate="2010-04-16 20:57:48.376 CEST" Interest="0.70000005" Kind="propagation" Navigation="org.eclipse.mylyn.core.model.edges.containment" OriginId="org.eclipse.mylyn.core.model.interest.propagation" StartDate="2010-04-16 20:57:48.376 CEST" StructureHandle="/org.jvnet.hudson.main.hudson-core/src/main/resources/hudson/model" StructureKind="resource"/><InteractionEvent Delta="null" EndDate="2010-04-16 20:57:48.376 CEST" Interest="1.0" Kind="edit" Navigation="null" OriginId="org.eclipse.wst.xml.ui.internal.tabletree.XMLMultiPageEditorPart" StartDate="2010-04-16 20:57:48.376 CEST" StructureHandle="/org.jvnet.hudson.main.hudson-core/src/main/resources/hudson/model/Run/consoleFull.jelly" StructureKind="resource"/><InteractionEvent Delta="null" EndDate="2010-04-16 20:57:48.377 CEST" Interest="0.70000005" Kind="propagation" Navigation="org.eclipse.mylyn.core.model.edges.containment" OriginId="org.eclipse.mylyn.core.model.interest.propagation" StartDate="2010-04-16 20:57:48.377 CEST" StructureHandle="/org.jvnet.hudson.main.hudson-core/src/main" StructureKind="resource"/><InteractionEvent Delta="null" EndDate="2010-04-16 20:57:25.819 CEST" Interest="0.7" Kind="propagation" Navigation="org.eclipse.mylyn.core.model.edges.containment" OriginId="org.eclipse.mylyn.core.model.interest.propagation" StartDate="2010-04-16 20:57:25.819 CEST" StructureHandle="" StructureKind="java"/><InteractionEvent Delta="null" EndDate="2010-04-16 20:57:46.579 CEST" Interest="0.6999998" Kind="propagation" Navigation="org.eclipse.mylyn.core.model.edges.containment" OriginId="org.eclipse.mylyn.core.model.interest.propagation" StartDate="2010-04-16 20:57:46.579 CEST" StructureHandle="/org.jvnet.hudson.main.hudson-core/src/main/resources" StructureKind="resource"/><InteractionEvent Delta="null" EndDate="2010-04-16 20:57:46.580 CEST" Interest="0.6999998" Kind="propagation" Navigation="org.eclipse.mylyn.core.model.edges.containment" OriginId="org.eclipse.mylyn.core.model.interest.propagation" StartDate="2010-04-16 20:57:46.580 CEST" StructureHandle="/org.jvnet.hudson.main.hudson-core/src/main" StructureKind="resource"/><InteractionEvent Delta="null" EndDate="2010-04-16 20:57:46.566 CEST" Interest="1.0000001" Kind="propagation" Navigation="org.eclipse.mylyn.core.model.edges.containment" OriginId="org.eclipse.mylyn.core.model.interest.propagation" StartDate="2010-04-16 20:57:46.566 CEST" StructureHandle="=org.jvnet.hudson.main.hudson-core" StructureKind="java"/><InteractionEvent Delta="null" EndDate="2010-04-16 20:57:49.630 CEST" Interest="1.0000002" Kind="propagation" Navigation="org.eclipse.mylyn.core.model.edges.containment" OriginId="org.eclipse.mylyn.core.model.interest.propagation" StartDate="2010-04-16 20:57:49.630 CEST" StructureHandle="=org.jvnet.hudson.main.hudson-core" StructureKind="java"/><InteractionEvent Delta="null" EndDate="2010-04-16 20:57:26.597 CEST" Interest="1.0" Kind="propagation" Navigation="null" OriginId="org.eclipse.wst.xml.ui.internal.tabletree.XMLMultiPageEditorPart" StartDate="2010-04-16 20:57:26.597 CEST" StructureHandle="/org.jvnet.hudson.main.hudson-core" StructureKind="resource"/><InteractionEvent Delta="null" EndDate="2010-04-16 20:57:46.566 CEST" Interest="1.0000001" Kind="propagation" Navigation="org.eclipse.mylyn.core.model.edges.containment" OriginId="org.eclipse.mylyn.core.model.interest.propagation" StartDate="2010-04-16 20:57:46.566 CEST" StructureHandle="/org.jvnet.hudson.main.hudson-core/src/main" StructureKind="resource"/><InteractionEvent Delta="null" EndDate="2010-04-16 20:57:25.818 CEST" Interest="0.7" Kind="propagation" Navigation="org.eclipse.mylyn.core.model.edges.containment" OriginId="org.eclipse.mylyn.core.model.interest.propagation" StartDate="2010-04-16 20:57:25.818 CEST" StructureHandle="/org.jvnet.hudson.main.hudson-core/src/main/resources/hudson/model/Run" StructureKind="resource"/><InteractionEvent Delta="null" EndDate="2010-04-16 20:57:49.652 CEST" Interest="1.0" Kind="selection" Navigation="null" OriginId="org.eclipse.jdt.ui.PackageExplorer" StartDate="2010-04-16 20:57:49.652 CEST" StructureHandle="=org.jvnet.hudson.main.hudson-core" StructureKind="java"/><InteractionEvent Delta="null" EndDate="2010-04-16 20:57:25.818 CEST" Interest="0.7" Kind="propagation" Navigation="org.eclipse.mylyn.core.model.edges.containment" OriginId="org.eclipse.mylyn.core.model.interest.propagation" StartDate="2010-04-16 20:57:25.818 CEST" StructureHandle="/org.jvnet.hudson.main.hudson-core/src/main/resources" StructureKind="resource"/><InteractionEvent Delta="null" EndDate="2010-04-16 20:57:25.818 CEST" Interest="0.7" Kind="propagation" Navigation="org.eclipse.mylyn.core.model.edges.containment" OriginId="org.eclipse.mylyn.core.model.interest.propagation" StartDate="2010-04-16 20:57:25.818 CEST" StructureHandle="/org.jvnet.hudson.main.hudson-core/src/main/resources/hudson/model" StructureKind="resource"/><InteractionEvent Delta="null" EndDate="2010-04-16 20:57:46.566 CEST" Interest="1.0" Kind="propagation" Navigation="null" OriginId="org.eclipse.wst.xml.ui.internal.tabletree.XMLMultiPageEditorPart" StartDate="2010-04-16 20:57:46.566 CEST" StructureHandle="/org.jvnet.hudson.main.hudson-core" StructureKind="resource"/><InteractionEvent Delta="null" EndDate="2010-04-16 20:57:49.630 CEST" Interest="1.0" Kind="propagation" Navigation="org.eclipse.mylyn.core.model.edges.containment" OriginId="org.eclipse.mylyn.core.model.interest.propagation" StartDate="2010-04-16 20:57:49.630 CEST" StructureHandle="/" StructureKind="resource"/><InteractionEvent Delta="null" EndDate="2010-04-16 20:57:46.579 CEST" Interest="0.6999998" Kind="propagation" Navigation="org.eclipse.mylyn.core.model.edges.containment" OriginId="org.eclipse.mylyn.core.model.interest.propagation" StartDate="2010-04-16 20:57:46.579 CEST" StructureHandle="/org.jvnet.hudson.main.hudson-core/src/main/resources/hudson/model/Run" StructureKind="resource"/></InteractionHistory>