{
  "version" : "3.0.0",
  "gauges" : {
    "jenkins.executor.count.value" : {
      "value" : 10
    },
    "jenkins.executor.free.value" : {
      "value" : 10
    },
    "jenkins.executor.in-use.value" : {
      "value" : 0
    },
    "jenkins.health-check.count" : {
      "value" : 4
    },
    "jenkins.health-check.inverse-score" : {
      "value" : 0.0
    },
    "jenkins.health-check.score" : {
      "value" : 1.0
    },
    "jenkins.job.count.value" : {
      "value" : 120
    },
    "jenkins.node.count.value" : {
      "value" : 4
    },
    "jenkins.node.offline.value" : {
      "value" : 2
    },
    "jenkins.node.online.value" : {
      "value" : 2
    },
    "jenkins.plugins.active" : {
      "value" : 71
    },
    "jenkins.plugins.failed" : {
      "value" : 0
    },
    "jenkins.plugins.inactive" : {
      "value" : 0
    },
    "jenkins.plugins.withUpdate" : {
      "value" : 4
    },
    "jenkins.project.count.value" : {
      "value" : 120
    },
    "jenkins.project.disabled.count.value" : {
      "value" : 8
    },
    "jenkins.project.enabled.count.value" : {
      "value" : 112
    },
    "jenkins.queue.blocked.value" : {
      "value" : 0
    },
    "jenkins.queue.buildable.value" : {
      "value" : 0
    },
    "jenkins.queue.pending.value" : {
      "value" : 0
    },
    "jenkins.queue.size.value" : {
      "value" : 0
    },
    "jenkins.queue.stuck.value" : {
      "value" : 0
    },
    "system.cpu.load" : {
      "value" : 1.08
    },
    "vm.blocked.count" : {
      "value" : 0
    },
    "vm.count" : {
      "value" : 57
    },
    "vm.cpu.load" : {
      "value" : 0.2473788802850682
    },
    "vm.daemon.count" : {
      "value" : 53
    },
    "vm.deadlocks" : {
      "value" : [ ]
    },
    "vm.file.descriptor.ratio" : {
      "value" : 0.05216666666666667
    },
    "vm.gc.PS-MarkSweep.count" : {
      "value" : 0
    },
    "vm.gc.PS-MarkSweep.time" : {
      "value" : 0
    },
    "vm.gc.PS-Scavenge.count" : {
      "value" : 14
    },
    "vm.gc.PS-Scavenge.time" : {
      "value" : 1094
    },
    "vm.memory.heap.committed" : {
      "value" : 794427392
    },
    "vm.memory.heap.init" : {
      "value" : 536870912
    },
    "vm.memory.heap.max" : {
      "value" : 1433534464
    },
    "vm.memory.heap.usage" : {
      "value" : 0.28827354652284104
    },
    "vm.memory.heap.used" : {
      "value" : 413314264
    },
    "vm.memory.non-heap.committed" : {
      "value" : 276987904
    },
    "vm.memory.non-heap.init" : {
      "value" : 270794752
    },
    "vm.memory.non-heap.max" : {
      "value" : 587202560
    },
    "vm.memory.non-heap.usage" : {
      "value" : 0.11903215135846819
    },
    "vm.memory.non-heap.used" : {
      "value" : 69895984
    },
    "vm.memory.pools.Code-Cache.usage" : {
      "value" : 0.16748809814453125
    },
    "vm.memory.pools.PS-Eden-Space.usage" : {
      "value" : 0.6546483843575469
    },
    "vm.memory.pools.PS-Old-Gen.usage" : {
      "value" : 0.09604809305427511
    },
    "vm.memory.pools.PS-Perm-Gen.usage" : {
      "value" : 0.11448940634727478
    },
    "vm.memory.pools.PS-Survivor-Space.usage" : {
      "value" : 0.33229268391927086
    },
    "vm.memory.total.committed" : {
      "value" : 1071415296
    },
    "vm.memory.total.init" : {
      "value" : 807665664
    },
    "vm.memory.total.max" : {
      "value" : 2020737024
    },
    "vm.memory.total.used" : {
      "value" : 483210248
    },
    "vm.new.count" : {
      "value" : 0
    },
    "vm.runnable.count" : {
      "value" : 20
    },
    "vm.terminated.count" : {
      "value" : 0
    },
    "vm.timed_waiting.count" : {
      "value" : 32
    },
    "vm.uptime.milliseconds" : {
      "value" : 480064
    },
    "vm.waiting.count" : {
      "value" : 5
    }
  },
  "counters" : {
    "http.activeRequests" : {
      "count" : 1
    }
  },
  "histograms" : {
    "jenkins.executor.count.history" : {
      "count" : 27,
      "max" : 10,
      "mean" : 10.0,
      "min" : 10,
      "p50" : 10.0,
      "p75" : 10.0,
      "p95" : 10.0,
      "p98" : 10.0,
      "p99" : 10.0,
      "p999" : 10.0,
      "values" : [ 10, 10, 10, 10, 10, 10, 10, 10, 10, 10, 10, 10, 10, 10, 10, 10, 10, 10, 10, 10, 10, 10, 10, 10, 10, 10, 10 ],
      "stddev" : 0.0
    },
    "jenkins.executor.free.history" : {
      "count" : 27,
      "max" : 10,
      "mean" : 10.0,
      "min" : 10,
      "p50" : 10.0,
      "p75" : 10.0,
      "p95" : 10.0,
      "p98" : 10.0,
      "p99" : 10.0,
      "p999" : 10.0,
      "values" : [ 10, 10, 10, 10, 10, 10, 10, 10, 10, 10, 10, 10, 10, 10, 10, 10, 10, 10, 10, 10, 10, 10, 10, 10, 10, 10, 10 ],
      "stddev" : 0.0
    },
    "jenkins.executor.in-use.history" : {
      "count" : 27,
      "max" : 0,
      "mean" : 0.0,
      "min" : 0,
      "p50" : 0.0,
      "p75" : 0.0,
      "p95" : 0.0,
      "p98" : 0.0,
      "p99" : 0.0,
      "p999" : 0.0,
      "values" : [ 0, 0, 0, 0, 0, 0, 0, 0, 0, 0, 0, 0, 0, 0, 0, 0, 0, 0, 0, 0, 0, 0, 0, 0, 0, 0, 0 ],
      "stddev" : 0.0
    },
    "jenkins.job.count.history" : {
      "count" : 27,
      "max" : 120,
      "mean" : 120.0,
      "min" : 120,
      "p50" : 120.0,
      "p75" : 120.0,
      "p95" : 120.0,
      "p98" : 120.0,
      "p99" : 120.0,
      "p999" : 120.0,
      "values" : [ 120, 120, 120, 120, 120, 120, 120, 120, 120, 120, 120, 120, 120, 120, 120, 120, 120, 120, 120, 120, 120, 120, 120, 120, 120, 120, 120 ],
      "stddev" : 0.0
    },
    "jenkins.node.count.history" : {
      "count" : 27,
      "max" : 4,
      "mean" : 4.0,
      "min" : 4,
      "p50" : 4.0,
      "p75" : 4.0,
      "p95" : 4.0,
      "p98" : 4.0,
      "p99" : 4.0,
      "p999" : 4.0,
      "values" : [ 4, 4, 4, 4, 4, 4, 4, 4, 4, 4, 4, 4, 4, 4, 4, 4, 4, 4, 4, 4, 4, 4, 4, 4, 4, 4, 4 ],
      "stddev" : 0.0
    },
    "jenkins.node.offline.history" : {
      "count" : 27,
      "max" : 2,
      "mean" : 2.0,
      "min" : 2,
      "p50" : 2.0,
      "p75" : 2.0,
      "p95" : 2.0,
      "p98" : 2.0,
      "p99" : 2.0,
      "p999" : 2.0,
      "values" : [ 2, 2, 2, 2, 2, 2, 2, 2, 2, 2, 2, 2, 2, 2, 2, 2, 2, 2, 2, 2, 2, 2, 2, 2, 2, 2, 2 ],
      "stddev" : 0.0
    },
    "jenkins.node.online.history" : {
      "count" : 27,
      "max" : 2,
      "mean" : 2.0,
      "min" : 2,
      "p50" : 2.0,
      "p75" : 2.0,
      "p95" : 2.0,
      "p98" : 2.0,
      "p99" : 2.0,
      "p999" : 2.0,
      "values" : [ 2, 2, 2, 2, 2, 2, 2, 2, 2, 2, 2, 2, 2, 2, 2, 2, 2, 2, 2, 2, 2, 2, 2, 2, 2, 2, 2 ],
      "stddev" : 0.0
    },
    "jenkins.project.count.history" : {
      "count" : 27,
      "max" : 120,
      "mean" : 120.0,
      "min" : 120,
      "p50" : 120.0,
      "p75" : 120.0,
      "p95" : 120.0,
      "p98" : 120.0,
      "p99" : 120.0,
      "p999" : 120.0,
      "values" : [ 120, 120, 120, 120, 120, 120, 120, 120, 120, 120, 120, 120, 120, 120, 120, 120, 120, 120, 120, 120, 120, 120, 120, 120, 120, 120, 120 ],
      "stddev" : 0.0
    },
    "jenkins.project.disabled.count.history" : {
      "count" : 27,
      "max" : 8,
      "mean" : 8.0,
      "min" : 8,
      "p50" : 8.0,
      "p75" : 8.0,
      "p95" : 8.0,
      "p98" : 8.0,
      "p99" : 8.0,
      "p999" : 8.0,
      "values" : [ 8, 8, 8, 8, 8, 8, 8, 8, 8, 8, 8, 8, 8, 8, 8, 8, 8, 8, 8, 8, 8, 8, 8, 8, 8, 8, 8 ],
      "stddev" : 0.0
    },
    "jenkins.project.enabled.count.history" : {
      "count" : 27,
      "max" : 112,
      "mean" : 112.0,
      "min" : 112,
      "p50" : 112.0,
      "p75" : 112.0,
      "p95" : 112.0,
      "p98" : 112.0,
      "p99" : 112.0,
      "p999" : 112.0,
      "values" : [ 112, 112, 112, 112, 112, 112, 112, 112, 112, 112, 112, 112, 112, 112, 112, 112, 112, 112, 112, 112, 112, 112, 112, 112, 112, 112, 112 ],
      "stddev" : 0.0
    },
    "jenkins.queue.blocked.history" : {
      "count" : 27,
      "max" : 0,
      "mean" : 0.0,
      "min" : 0,
      "p50" : 0.0,
      "p75" : 0.0,
      "p95" : 0.0,
      "p98" : 0.0,
      "p99" : 0.0,
      "p999" : 0.0,
      "values" : [ 0, 0, 0, 0, 0, 0, 0, 0, 0, 0, 0, 0, 0, 0, 0, 0, 0, 0, 0, 0, 0, 0, 0, 0, 0, 0, 0 ],
      "stddev" : 0.0
    },
    "jenkins.queue.buildable.history" : {
      "count" : 27,
      "max" : 0,
      "mean" : 0.0,
      "min" : 0,
      "p50" : 0.0,
      "p75" : 0.0,
      "p95" : 0.0,
      "p98" : 0.0,
      "p99" : 0.0,
      "p999" : 0.0,
      "values" : [ 0, 0, 0, 0, 0, 0, 0, 0, 0, 0, 0, 0, 0, 0, 0, 0, 0, 0, 0, 0, 0, 0, 0, 0, 0, 0, 0 ],
      "stddev" : 0.0
    },
    "jenkins.queue.pending.history" : {
      "count" : 27,
      "max" : 0,
      "mean" : 0.0,
      "min" : 0,
      "p50" : 0.0,
      "p75" : 0.0,
      "p95" : 0.0,
      "p98" : 0.0,
      "p99" : 0.0,
      "p999" : 0.0,
      "values" : [ 0, 0, 0, 0, 0, 0, 0, 0, 0, 0, 0, 0, 0, 0, 0, 0, 0, 0, 0, 0, 0, 0, 0, 0, 0, 0, 0 ],
      "stddev" : 0.0
    },
    "jenkins.queue.size.history" : {
      "count" : 27,
      "max" : 0,
      "mean" : 0.0,
      "min" : 0,
      "p50" : 0.0,
      "p75" : 0.0,
      "p95" : 0.0,
      "p98" : 0.0,
      "p99" : 0.0,
      "p999" : 0.0,
      "values" : [ 0, 0, 0, 0, 0, 0, 0, 0, 0, 0, 0, 0, 0, 0, 0, 0, 0, 0, 0, 0, 0, 0, 0, 0, 0, 0, 0 ],
      "stddev" : 0.0
    },
    "jenkins.queue.stuck.history" : {
      "count" : 27,
      "max" : 0,
      "mean" : 0.0,
      "min" : 0,
      "p50" : 0.0,
      "p75" : 0.0,
      "p95" : 0.0,
      "p98" : 0.0,
      "p99" : 0.0,
      "p999" : 0.0,
      "values" : [ 0, 0, 0, 0, 0, 0, 0, 0, 0, 0, 0, 0, 0, 0, 0, 0, 0, 0, 0, 0, 0, 0, 0, 0, 0, 0, 0 ],
      "stddev" : 0.0
    }
  },
  "meters" : {
    "http.responseCodes.badRequest" : {
      "count" : 0,
      "m15_rate" : 0.0,
      "m1_rate" : 0.0,
      "m5_rate" : 0.0,
      "mean_rate" : 0.0,
      "units" : "events/minute"
    },
    "http.responseCodes.created" : {
      "count" : 0,
      "m15_rate" : 0.0,
      "m1_rate" : 0.0,
      "m5_rate" : 0.0,
      "mean_rate" : 0.0,
      "units" : "events/minute"
    },
    "http.responseCodes.forbidden" : {
      "count" : 0,
      "m15_rate" : 0.0,
      "m1_rate" : 0.0,
      "m5_rate" : 0.0,
      "mean_rate" : 0.0,
      "units" : "events/minute"
    },
    "http.responseCodes.noContent" : {
      "count" : 0,
      "m15_rate" : 0.0,
      "m1_rate" : 0.0,
      "m5_rate" : 0.0,
      "mean_rate" : 0.0,
      "units" : "events/minute"
    },
    "http.responseCodes.notFound" : {
      "count" : 0,
      "m15_rate" : 0.0,
      "m1_rate" : 0.0,
      "m5_rate" : 0.0,
      "mean_rate" : 0.0,
      "units" : "events/minute"
    },
    "http.responseCodes.notModified" : {
      "count" : 1500,
      "m15_rate" : 248.4208160377563,
      "m1_rate" : 207.97470227772797,
      "m5_rate" : 224.82795853326425,
      "mean_rate" : 203.6382017326633,
      "units" : "events/minute"
    },
    "http.responseCodes.ok" : {
      "count" : 268,
      "m15_rate" : 13.584084249338774,
      "m1_rate" : 28.300734057769755,
      "m5_rate" : 25.287006119481703,
      "mean_rate" : 36.3833698344134,
      "units" : "events/minute"
    },
    "http.responseCodes.other" : {
      "count" : 0,
      "m15_rate" : 0.0,
      "m1_rate" : 0.0,
      "m5_rate" : 0.0,
      "mean_rate" : 0.0,
      "units" : "events/minute"
    },
    "http.responseCodes.serverError" : {
      "count" : 0,
      "m15_rate" : 0.0,
      "m1_rate" : 0.0,
      "m5_rate" : 0.0,
      "mean_rate" : 0.0,
      "units" : "events/minute"
    },
    "http.responseCodes.serviceUnavailable" : {
      "count" : 26,
      "m15_rate" : 37.88736940309857,
      "m1_rate" : 0.06405909463452145,
      "m5_rate" : 15.13162731064258,
      "mean_rate" : 3.529727262701123,
      "units" : "events/minute"
    },
    "jenkins.job.scheduled" : {
      "count" : 0,
      "m15_rate" : 0.0,
      "m1_rate" : 0.0,
      "m5_rate" : 0.0,
      "mean_rate" : 0.0,
      "units" : "events/minute"
    },
    "jenkins.runs.aborted" : {
      "count" : 0,
      "m15_rate" : 0.0,
      "m1_rate" : 0.0,
      "m5_rate" : 0.0,
      "mean_rate" : 0.0,
      "units" : "events/minute"
    },
    "jenkins.runs.failure" : {
      "count" : 0,
      "m15_rate" : 0.0,
      "m1_rate" : 0.0,
      "m5_rate" : 0.0,
      "mean_rate" : 0.0,
      "units" : "events/minute"
    },
    "jenkins.runs.not_built" : {
      "count" : 0,
      "m15_rate" : 0.0,
      "m1_rate" : 0.0,
      "m5_rate" : 0.0,
      "mean_rate" : 0.0,
      "units" : "events/minute"
    },
    "jenkins.runs.success" : {
      "count" : 0,
      "m15_rate" : 0.0,
      "m1_rate" : 0.0,
      "m5_rate" : 0.0,
      "mean_rate" : 0.0,
      "units" : "events/minute"
    },
    "jenkins.runs.total" : {
      "count" : 0,
      "m15_rate" : 0.0,
      "m1_rate" : 0.0,
      "m5_rate" : 0.0,
      "mean_rate" : 0.0,
      "units" : "events/minute"
    },
    "jenkins.runs.unstable" : {
      "count" : 0,
      "m15_rate" : 0.0,
      "m1_rate" : 0.0,
      "m5_rate" : 0.0,
      "mean_rate" : 0.0,
      "units" : "events/minute"
    }
  },
  "timers" : {
    "http.requests" : {
      "count" : 1795,
      "max" : 24.3039683,
      "mean" : 0.02746352154280156,
      "min" : 2.11439E-4,
      "p50" : 8.922095000000001E-4,
      "p75" : 0.0021933457500000002,
      "p95" : 0.007972606549999999,
      "p98" : 0.07491156749999994,
      "p99" : 0.09317248283000003,
      "p999" : 23.60434331325309,
      "values" : [ 2.11439E-4, 2.20652E-4, 2.2624100000000002E-4, 2.28246E-4, 2.32033E-4, 2.33405E-4, 2.37466E-4, 2.4282900000000002E-4, 2.43386E-4, 2.45405E-4, 2.49982E-4, 2.63304E-4, 2.6481000000000003E-4, 2.67095E-4, 2.67611E-4, 2.6840500000000004E-4, 2.7272E-4, 2.79148E-4, 2.86774E-4, 2.9760400000000003E-4, 3.08351E-4, 3.0978900000000004E-4, 3.13274E-4, 3.1563900000000005E-4, 3.1900600000000004E-4, 3.20966E-4, 3.2143600000000003E-4, 3.2651100000000003E-4, 3.31892E-4, 3.40582E-4, 3.46454E-4, 3.5714400000000005E-4, 3.5786700000000005E-4, 3.63157E-4, 3.79769E-4, 3.79879E-4, 3.80444E-4, 3.8270100000000005E-4, 3.8723E-4, 3.8889100000000004E-4, 3.88914E-4, 3.9075000000000004E-4, 3.9085700000000004E-4, 3.9213700000000003E-4, 3.9223000000000003E-4, 3.93964E-4, 3.94057E-4, 3.9522E-4, 3.9530800000000003E-4, 3.95645E-4, 3.9630300000000003E-4, 3.9689500000000003E-4, 3.9750800000000003E-4, 3.9776700000000004E-4, 3.9887600000000005E-4, 3.9966400000000004E-4, 4.0102800000000005E-4, 4.0158200000000005E-4, 4.0238800000000005E-4, 4.0431200000000004E-4, 4.04617E-4, 4.05446E-4, 4.0601300000000004E-4, 4.06472E-4, 4.07196E-4, 4.0792300000000003E-4, 4.0797800000000003E-4, 4.0859500000000004E-4, 4.0931E-4, 4.09747E-4, 4.0975900000000005E-4, 4.1015500000000005E-4, 4.10501E-4, 4.1520200000000004E-4, 4.159E-4, 4.1619000000000004E-4, 4.16399E-4, 4.1660300000000004E-4, 4.1714700000000004E-4, 4.1723400000000005E-4, 4.20227E-4, 4.2199800000000003E-4, 4.22013E-4, 4.22151E-4, 4.2253E-4, 4.22657E-4, 4.2336600000000005E-4, 4.23649E-4, 4.2376400000000003E-4, 4.24809E-4, 4.24975E-4, 4.2541800000000005E-4, 4.25454E-4, 4.25828E-4, 4.2585400000000003E-4, 4.25935E-4, 4.26118E-4, 4.26665E-4, 4.2704900000000004E-4, 4.2725900000000004E-4, 4.2773700000000003E-4, 4.27787E-4, 4.28121E-4, 4.2815800000000004E-4, 4.2827800000000004E-4, 4.28569E-4, 4.29382E-4, 4.3039900000000004E-4, 4.3102500000000003E-4, 4.3121200000000004E-4, 4.3132800000000003E-4, 4.3277200000000005E-4, 4.32959E-4, 4.3302600000000004E-4, 4.3315300000000003E-4, 4.33614E-4, 4.3438900000000003E-4, 4.3440300000000004E-4, 4.3479900000000004E-4, 4.35565E-4, 4.36158E-4, 4.3644100000000003E-4, 4.36468E-4, 4.37473E-4, 4.39208E-4, 4.3981300000000005E-4, 4.3983300000000004E-4, 4.40168E-4, 4.4059100000000005E-4, 4.40685E-4, 4.4436400000000004E-4, 4.44962E-4, 4.44986E-4, 4.4504600000000005E-4, 4.4566E-4, 4.4579000000000005E-4, 4.46803E-4, 4.47933E-4, 4.4839E-4, 4.4858100000000003E-4, 4.4906000000000004E-4, 4.4926600000000003E-4, 4.49519E-4, 4.49533E-4, 4.50459E-4, 4.52053E-4, 4.52577E-4, 4.5419000000000004E-4, 4.54408E-4, 4.5445800000000003E-4, 4.5608000000000004E-4, 4.56244E-4, 4.5635300000000005E-4, 4.56575E-4, 4.5837400000000005E-4, 4.58605E-4, 4.58816E-4, 4.5931400000000005E-4, 4.5953700000000004E-4, 4.6060000000000003E-4, 4.6138600000000004E-4, 4.62E-4, 4.63918E-4, 4.6546500000000003E-4, 4.65771E-4, 4.6627400000000003E-4, 4.6636800000000005E-4, 4.66414E-4, 4.66776E-4, 4.68208E-4, 4.6883000000000005E-4, 4.6919700000000003E-4, 4.69572E-4, 4.70457E-4, 4.70732E-4, 4.7102300000000005E-4, 4.7292400000000005E-4, 4.73596E-4, 4.7454100000000004E-4, 4.7503800000000006E-4, 4.75149E-4, 4.7529E-4, 4.7543700000000005E-4, 4.75734E-4, 4.7625600000000004E-4, 4.7634900000000004E-4, 4.7681700000000004E-4, 4.76823E-4, 4.76925E-4, 4.77298E-4, 4.7737900000000005E-4, 4.77735E-4, 4.78389E-4, 4.7867700000000005E-4, 4.79009E-4, 4.79687E-4, 4.7977400000000003E-4, 4.8059500000000006E-4, 4.81284E-4, 4.8143100000000005E-4, 4.82256E-4, 4.82531E-4, 4.82885E-4, 4.8302900000000005E-4, 4.8359300000000004E-4, 4.8383700000000004E-4, 4.84098E-4, 4.8502E-4, 4.8645000000000003E-4, 4.87172E-4, 4.8818500000000003E-4, 4.886080000000001E-4, 4.88809E-4, 4.88923E-4, 4.88946E-4, 4.889930000000001E-4, 4.8917E-4, 4.89327E-4, 4.89595E-4, 4.90223E-4, 4.90737E-4, 4.92171E-4, 4.9218E-4, 4.927590000000001E-4, 4.94808E-4, 4.9558E-4, 4.966360000000001E-4, 4.975940000000001E-4, 4.987570000000001E-4, 4.99469E-4, 5.00751E-4, 5.008860000000001E-4, 5.014700000000001E-4, 5.01958E-4, 5.024560000000001E-4, 5.03783E-4, 5.045280000000001E-4, 5.051330000000001E-4, 5.05642E-4, 5.058910000000001E-4, 5.06459E-4, 5.07026E-4, 5.083970000000001E-4, 5.08747E-4, 5.121500000000001E-4, 5.124470000000001E-4, 5.13229E-4, 5.14322E-4, 5.157380000000001E-4, 5.16563E-4, 5.170130000000001E-4, 5.18545E-4, 5.191870000000001E-4, 5.19861E-4, 5.20052E-4, 5.21125E-4, 5.21152E-4, 5.21857E-4, 5.22055E-4, 5.222520000000001E-4, 5.223550000000001E-4, 5.264310000000001E-4, 5.270720000000001E-4, 5.27476E-4, 5.28035E-4, 5.30491E-4, 5.321330000000001E-4, 5.32556E-4, 5.33171E-4, 5.33652E-4, 5.344540000000001E-4, 5.358170000000001E-4, 5.36834E-4, 5.38899E-4, 5.414920000000001E-4, 5.416920000000001E-4, 5.42103E-4, 5.42735E-4, 5.45794E-4, 5.46474E-4, 5.47129E-4, 5.5431E-4, 5.54477E-4, 5.56026E-4, 5.56966E-4, 5.57709E-4, 5.578940000000001E-4, 5.61862E-4, 5.638770000000001E-4, 5.64693E-4, 5.64899E-4, 5.65356E-4, 5.66049E-4, 5.66788E-4, 5.674720000000001E-4, 5.69459E-4, 5.73707E-4, 5.73891E-4, 5.75575E-4, 5.7624E-4, 5.76611E-4, 5.773470000000001E-4, 5.78294E-4, 5.82358E-4, 5.828560000000001E-4, 5.83154E-4, 5.83774E-4, 5.86465E-4, 5.876680000000001E-4, 5.892120000000001E-4, 5.894530000000001E-4, 5.8987E-4, 5.91351E-4, 5.93599E-4, 5.939480000000001E-4, 5.93954E-4, 5.942640000000001E-4, 5.96894E-4, 5.97397E-4, 5.976460000000001E-4, 5.98111E-4, 5.988020000000001E-4, 5.989140000000001E-4, 6.0118E-4, 6.013450000000001E-4, 6.01511E-4, 6.0227E-4, 6.02545E-4, 6.02622E-4, 6.0379E-4, 6.05725E-4, 6.07426E-4, 6.09555E-4, 6.09949E-4, 6.11103E-4, 6.11819E-4, 6.123880000000001E-4, 6.130160000000001E-4, 6.13203E-4, 6.15346E-4, 6.17087E-4, 6.18032E-4, 6.19382E-4, 6.206380000000001E-4, 6.21343E-4, 6.21583E-4, 6.234480000000001E-4, 6.24331E-4, 6.251270000000001E-4, 6.25908E-4, 6.26226E-4, 6.266970000000001E-4, 6.28214E-4, 6.289690000000001E-4, 6.294730000000001E-4, 6.305890000000001E-4, 6.30784E-4, 6.31494E-4, 6.33403E-4, 6.34269E-4, 6.35027E-4, 6.35151E-4, 6.351960000000001E-4, 6.35592E-4, 6.36184E-4, 6.37036E-4, 6.37704E-4, 6.37913E-4, 6.38806E-4, 6.389900000000001E-4, 6.39246E-4, 6.39332E-4, 6.399470000000001E-4, 6.40507E-4, 6.41955E-4, 6.429360000000001E-4, 6.430030000000001E-4, 6.43131E-4, 6.44371E-4, 6.459300000000001E-4, 6.46154E-4, 6.47895E-4, 6.47911E-4, 6.499180000000001E-4, 6.52917E-4, 6.531180000000001E-4, 6.53336E-4, 6.534990000000001E-4, 6.55431E-4, 6.563830000000001E-4, 6.57763E-4, 6.585580000000001E-4, 6.58729E-4, 6.588130000000001E-4, 6.60162E-4, 6.609750000000001E-4, 6.61916E-4, 6.62481E-4, 6.63391E-4, 6.64119E-4, 6.642390000000001E-4, 6.643430000000001E-4, 6.64443E-4, 6.67688E-4, 6.676900000000001E-4, 6.67761E-4, 6.68643E-4, 6.687100000000001E-4, 6.689900000000001E-4, 6.698180000000001E-4, 6.69904E-4, 6.72396E-4, 6.727290000000001E-4, 6.74767E-4, 6.749810000000001E-4, 6.7597E-4, 6.76595E-4, 6.786740000000001E-4, 6.79583E-4, 6.82944E-4, 6.83943E-4, 6.84128E-4, 6.84639E-4, 6.85156E-4, 6.85721E-4, 6.862810000000001E-4, 6.91947E-4, 6.933390000000001E-4, 6.94232E-4, 6.947720000000001E-4, 6.9622E-4, 6.979320000000001E-4, 6.991E-4, 6.991640000000001E-4, 7.003640000000001E-4, 7.00465E-4, 7.027930000000001E-4, 7.03554E-4, 7.05557E-4, 7.058660000000001E-4, 7.06308E-4, 7.07094E-4, 7.11992E-4, 7.14502E-4, 7.14642E-4, 7.15812E-4, 7.17746E-4, 7.18408E-4, 7.1853E-4, 7.19654E-4, 7.247590000000001E-4, 7.25894E-4, 7.28647E-4, 7.28743E-4, 7.294080000000001E-4, 7.29482E-4, 7.316260000000001E-4, 7.3176E-4, 7.33439E-4, 7.357E-4, 7.375950000000001E-4, 7.38954E-4, 7.39197E-4, 7.41146E-4, 7.426640000000001E-4, 7.44638E-4, 7.447420000000001E-4, 7.454740000000001E-4, 7.457980000000001E-4, 7.461140000000001E-4, 7.470010000000001E-4, 7.47715E-4, 7.49064E-4, 7.49821E-4, 7.514290000000001E-4, 7.546850000000001E-4, 7.577020000000001E-4, 7.583010000000001E-4, 7.66849E-4, 7.669020000000001E-4, 7.687740000000001E-4, 7.69579E-4, 7.73848E-4, 7.76745E-4, 7.77745E-4, 7.808950000000001E-4, 7.82709E-4, 7.85939E-4, 7.864040000000001E-4, 7.893490000000001E-4, 7.903080000000001E-4, 7.921610000000001E-4, 7.934270000000001E-4, 8.01447E-4, 8.024940000000001E-4, 8.04152E-4, 8.05224E-4, 8.154200000000001E-4, 8.167890000000001E-4, 8.21917E-4, 8.23582E-4, 8.277E-4, 8.29821E-4, 8.36868E-4, 8.369450000000001E-4, 8.400590000000001E-4, 8.404300000000001E-4, 8.427920000000001E-4, 8.43063E-4, 8.52435E-4, 8.57545E-4, 8.65553E-4, 8.718770000000001E-4, 8.91672E-4, 8.92747E-4, 8.9891E-4, 9.051510000000001E-4, 9.07764E-4, 9.091710000000001E-4, 9.11297E-4, 9.21211E-4, 9.233160000000001E-4, 9.254500000000001E-4, 9.57777E-4, 9.603330000000001E-4, 9.671500000000001E-4, 9.838310000000001E-4, 9.88201E-4, 9.91976E-4, 9.923850000000001E-4, 9.96168E-4, 0.001027357, 0.001030523, 0.001037259, 0.001075669, 0.0010861780000000001, 0.001088619, 0.001128621, 0.001131578, 0.001146405, 0.001162016, 0.001164541, 0.001177632, 0.00119555, 0.0011964970000000001, 0.001198071, 0.001208296, 0.0012793580000000002, 0.001280078, 0.001287614, 0.0013019090000000002, 0.0013285080000000002, 0.00133214, 0.001411317, 0.001446639, 0.001465696, 0.001472596, 0.0014730160000000002, 0.0014761190000000001, 0.001476674, 0.001477921, 0.0014905760000000002, 0.001494927, 0.001499258, 0.001501593, 0.001509797, 0.001511909, 0.001513533, 0.0015164800000000002, 0.00152898, 0.001535836, 0.001536098, 0.0015402480000000001, 0.0015412140000000002, 0.001541702, 0.0015429710000000002, 0.001543494, 0.001548092, 0.0015525880000000001, 0.001553069, 0.0015536570000000002, 0.001555161, 0.0015562240000000001, 0.0015580910000000002, 0.001558466, 0.001558893, 0.0015590040000000001, 0.0015599320000000002, 0.001561618, 0.001561679, 0.001565643, 0.001566721, 0.0015688030000000001, 0.001571565, 0.001574859, 0.0015767280000000001, 0.001577232, 0.0015775370000000002, 0.001578331, 0.001580253, 0.0015813630000000001, 0.001583083, 0.001583748, 0.001585452, 0.001585725, 0.0015893460000000002, 0.001590133, 0.001595531, 0.0015960920000000001, 0.0015963560000000002, 0.001607211, 0.001608302, 0.00160903, 0.0016108700000000001, 0.0016171760000000001, 0.001619269, 0.0016201730000000001, 0.001621147, 0.0016218480000000002, 0.0016234270000000002, 0.0016253740000000002, 0.001628544, 0.0016308000000000002, 0.0016326320000000002, 0.001633146, 0.001634318, 0.0016343990000000001, 0.001637854, 0.001645264, 0.001646572, 0.0016468020000000002, 0.001649052, 0.001649602, 0.001651305, 0.0016523520000000002, 0.00165404, 0.001655086, 0.0016566460000000001, 0.001661605, 0.0016672210000000002, 0.001669956, 0.001673484, 0.0016797600000000002, 0.001680482, 0.001684972, 0.001689189, 0.001689381, 0.0016930790000000001, 0.001696634, 0.001698452, 0.0017010480000000001, 0.001706402, 0.001708459, 0.0017110480000000002, 0.001718033, 0.001718717, 0.0017208940000000002, 0.00172221, 0.0017249860000000002, 0.0017271220000000002, 0.0017281050000000002, 0.0017282950000000001, 0.0017324550000000001, 0.001734014, 0.0017397100000000002, 0.0017459300000000001, 0.001749689, 0.0017507100000000002, 0.0017541750000000002, 0.0017649480000000001, 0.0017699920000000002, 0.001772055, 0.001779456, 0.0017819060000000002, 0.001789226, 0.0017909660000000002, 0.0017940120000000002, 0.001794709, 0.0017957340000000002, 0.001798756, 0.0017993540000000002, 0.0018002270000000002, 0.001805519, 0.0018120940000000002, 0.00181418, 0.001815084, 0.0018237540000000001, 0.001829274, 0.0018307590000000002, 0.001832485, 0.0018345570000000001, 0.001836189, 0.001838722, 0.001838884, 0.0018399170000000002, 0.001853487, 0.0018552610000000002, 0.00185559, 0.0018579290000000001, 0.0018643470000000001, 0.001868421, 0.0018753110000000002, 0.001876115, 0.001886553, 0.001890207, 0.001890738, 0.001891934, 0.001901588, 0.0019023640000000001, 0.00190791, 0.0019182490000000001, 0.0019212440000000001, 0.0019213910000000002, 0.001923402, 0.0019250500000000002, 0.0019271440000000002, 0.001940761, 0.001945171, 0.0019501350000000002, 0.0019519790000000002, 0.0019596690000000003, 0.00195974, 0.001961796, 0.0019625930000000003, 0.00196339, 0.001963438, 0.00197012, 0.0019726880000000002, 0.0019786170000000002, 0.001981412, 0.001985404, 0.001989054, 0.001994956, 0.0020004980000000003, 0.0020059270000000002, 0.002008885, 0.0020090850000000003, 0.0020141250000000003, 0.002017416, 0.00201782, 0.002020506, 0.002022599, 0.00203133, 0.002031507, 0.002032115, 0.0020334940000000003, 0.0020343690000000003, 0.002040108, 0.0020546270000000003, 0.0020558430000000003, 0.002064751, 0.002068046, 0.0020696720000000003, 0.0020727270000000003, 0.002075471, 0.002080782, 0.0021071080000000003, 0.002121968, 0.0021271190000000002, 0.0021289950000000003, 0.002131435, 0.002140958, 0.0021492710000000003, 0.002150749, 0.002159503, 0.0021600110000000003, 0.002177979, 0.002178938, 0.002185489, 0.002185706, 0.0021885240000000003, 0.002194953, 0.0022056510000000003, 0.002209285, 0.002211139, 0.00221388, 0.002230965, 0.002235921, 0.0022410620000000003, 0.002242008, 0.002251494, 0.002260483, 0.002283514, 0.00228596, 0.002289972, 0.002297361, 0.0023056030000000003, 0.0023202500000000003, 0.002338521, 0.0023632230000000002, 0.0023690760000000003, 0.002375889, 0.002377858, 0.0023870320000000003, 0.0023877580000000002, 0.002390735, 0.00239375, 0.0023998300000000004, 0.002401775, 0.002404662, 0.0024193120000000003, 0.0024196390000000003, 0.0024304080000000002, 0.002433857, 0.002436142, 0.00244443, 0.002447205, 0.002447608, 0.002448472, 0.0024568660000000003, 0.0024622750000000003, 0.0024889960000000003, 0.00249365, 0.002496008, 0.002503827, 0.0025195540000000002, 0.002527731, 0.002529365, 0.002531385, 0.002546183, 0.0025588990000000003, 0.002565375, 0.0025688100000000004, 0.002571037, 0.0025812170000000002, 0.0025846130000000004, 0.002592586, 0.002594187, 0.0025943330000000003, 0.0026071410000000003, 0.002615718, 0.002620096, 0.0026293600000000003, 0.002633002, 0.0026352800000000003, 0.0026354570000000003, 0.002638983, 0.00266803, 0.002681241, 0.0026812750000000003, 0.0026983090000000003, 0.002700978, 0.0027067330000000002, 0.0027110090000000003, 0.0027122590000000003, 0.0027145470000000003, 0.002724625, 0.0027639960000000003, 0.0027716150000000003, 0.002785511, 0.0027893500000000003, 0.002829531, 0.00283038, 0.0028428430000000003, 0.0028576680000000003, 0.002860665, 0.0028744020000000003, 0.0028859380000000002, 0.0028866680000000002, 0.002903427, 0.0029237900000000003, 0.002928031, 0.002931672, 0.0029341090000000003, 0.002953709, 0.0029687890000000003, 0.002975871, 0.002983616, 0.002987318, 0.002992171, 0.002993186, 0.0029942080000000004, 0.0030076810000000003, 0.0030108680000000003, 0.003012874, 0.003021321, 0.0030223010000000002, 0.0030467320000000003, 0.0030594600000000004, 0.0030735220000000004, 0.003086599, 0.003095913, 0.003101973, 0.003119329, 0.0031302310000000002, 0.00315197, 0.003157979, 0.003183656, 0.003189682, 0.0032242800000000004, 0.003228639, 0.003242552, 0.0032444450000000003, 0.0032662790000000004, 0.0032864720000000004, 0.0032938140000000004, 0.003317239, 0.003412023, 0.003414414, 0.0034169620000000004, 0.003455075, 0.0034941990000000003, 0.00353759, 0.003539211, 0.0035433210000000003, 0.003548046, 0.0035585480000000004, 0.003614833, 0.0036235020000000002, 0.003634712, 0.003673804, 0.0036977560000000004, 0.0037163010000000004, 0.0037230400000000004, 0.0037867240000000004, 0.0038200250000000003, 0.003820864, 0.0038435030000000003, 0.0038526700000000003, 0.003867572, 0.0038813220000000004, 0.0038865770000000004, 0.003943042, 0.003943303, 0.003959596, 0.003986076, 0.00400011, 0.004001195, 0.004021262, 0.004040923, 0.004133147, 0.004155183000000001, 0.004227993, 0.004268519, 0.004284544, 0.004376378, 0.00440366, 0.0045343020000000005, 0.004585706, 0.004657012, 0.004677612, 0.004749954000000001, 0.004780633, 0.0048113470000000005, 0.004837864, 0.004889104, 0.004992356000000001, 0.005015165, 0.0050443860000000005, 0.005187533, 0.005239976, 0.005353669, 0.005413916, 0.005630467, 0.005713773, 0.006040687, 0.006287718, 0.006358071000000001, 0.006468130000000001, 0.006959594, 0.006974941, 0.006984565000000001, 0.007290264, 0.007368642000000001, 0.007427617, 0.007503384, 0.00755628, 0.007581133, 0.007681226, 0.007681679, 0.007725565, 0.007750969000000001, 0.007802095, 0.007879709, 0.007905606, 0.007958191, 0.007958801, 0.007983902000000001, 0.00815687, 0.008163893, 0.008357124, 0.008390435, 0.008421568, 0.00879411, 0.008841670000000001, 0.008853266, 0.008995681, 0.009178966, 0.009314281, 0.009720305, 0.009730463, 0.009758771000000001, 0.010325564, 0.010345009, 0.0105117, 0.012175080000000001, 0.012669626000000002, 0.013727518000000001, 0.015003879000000001, 0.017579923, 0.018403985, 0.031062629, 0.043389333, 0.044356245, 0.051747706000000004, 0.052928502, 0.06773642, 0.07426410600000001, 0.075805681, 0.077870703, 0.079892378, 0.08138107800000001, 0.081556983, 0.083771521, 0.084385129, 0.08703279500000001, 0.091038095, 0.09271164100000001, 0.09336071400000001, 0.09492322800000001, 0.098720449, 0.099027867, 0.100177236, 0.111866561, 0.118180773, 0.127322514, 0.178968757, 24.3039683 ],
      "stddev" : 0.7580319252568557,
      "m15_rate" : 299.89084066115146,
      "m1_rate" : 236.31261248266588,
      "m5_rate" : 265.2386382511135,
      "mean_rate" : 243.6593949498378,
      "duration_units" : "seconds",
      "rate_units" : "calls/minute"
    },
    "jenkins.health-check.duration" : {
      "count" : 7,
      "max" : 0.025437886000000003,
      "mean" : 0.004946451714285715,
      "min" : 8.08635E-4,
      "p50" : 0.001696725,
      "p75" : 0.0018275160000000002,
      "p95" : 0.025437886000000003,
      "p98" : 0.025437886000000003,
      "p99" : 0.025437886000000003,
      "p999" : 0.025437886000000003,
      "values" : [ 8.08635E-4, 0.001511332, 0.001565685, 0.001696725, 0.0017773830000000002, 0.0018275160000000002, 0.025437886000000003 ],
      "stddev" : 0.009042321950121729,
      "m15_rate" : 0.3697482360611023,
      "m1_rate" : 0.8462437693115695,
      "m5_rate" : 0.7335866975322108,
      "mean_rate" : 1.0049905427973278,
      "duration_units" : "seconds",
      "rate_units" : "calls/minute"
    },
    "jenkins.job.blocked.duration" : {
      "count" : 0,
      "max" : 0.0,
      "mean" : 0.0,
      "min" : 0.0,
      "p50" : 0.0,
      "p75" : 0.0,
      "p95" : 0.0,
      "p98" : 0.0,
      "p99" : 0.0,
      "p999" : 0.0,
      "values" : [ ],
      "stddev" : 0.0,
      "m15_rate" : 0.0,
      "m1_rate" : 0.0,
      "m5_rate" : 0.0,
      "mean_rate" : 0.0,
      "duration_units" : "seconds",
      "rate_units" : "calls/minute"
    },
    "jenkins.job.buildable.duration" : {
      "count" : 0,
      "max" : 0.0,
      "mean" : 0.0,
      "min" : 0.0,
      "p50" : 0.0,
      "p75" : 0.0,
      "p95" : 0.0,
      "p98" : 0.0,
      "p99" : 0.0,
      "p999" : 0.0,
      "values" : [ ],
      "stddev" : 0.0,
      "m15_rate" : 0.0,
      "m1_rate" : 0.0,
      "m5_rate" : 0.0,
      "mean_rate" : 0.0,
      "duration_units" : "seconds",
      "rate_units" : "calls/minute"
    },
    "jenkins.job.building.duration" : {
      "count" : 0,
      "max" : 0.0,
      "mean" : 0.0,
      "min" : 0.0,
      "p50" : 0.0,
      "p75" : 0.0,
      "p95" : 0.0,
      "p98" : 0.0,
      "p99" : 0.0,
      "p999" : 0.0,
      "values" : [ ],
      "stddev" : 0.0,
      "m15_rate" : 0.0,
      "m1_rate" : 0.0,
      "m5_rate" : 0.0,
      "mean_rate" : 0.0,
      "duration_units" : "seconds",
      "rate_units" : "calls/minute"
    },
    "jenkins.job.queuing.duration" : {
      "count" : 0,
      "max" : 0.0,
      "mean" : 0.0,
      "min" : 0.0,
      "p50" : 0.0,
      "p75" : 0.0,
      "p95" : 0.0,
      "p98" : 0.0,
      "p99" : 0.0,
      "p999" : 0.0,
      "values" : [ ],
      "stddev" : 0.0,
      "m15_rate" : 0.0,
      "m1_rate" : 0.0,
      "m5_rate" : 0.0,
      "mean_rate" : 0.0,
      "duration_units" : "seconds",
      "rate_units" : "calls/minute"
    },
    "jenkins.job.total.duration" : {
      "count" : 0,
      "max" : 0.0,
      "mean" : 0.0,
      "min" : 0.0,
      "p50" : 0.0,
      "p75" : 0.0,
      "p95" : 0.0,
      "p98" : 0.0,
      "p99" : 0.0,
      "p999" : 0.0,
      "values" : [ ],
      "stddev" : 0.0,
      "m15_rate" : 0.0,
      "m1_rate" : 0.0,
      "m5_rate" : 0.0,
      "mean_rate" : 0.0,
      "duration_units" : "seconds",
      "rate_units" : "calls/minute"
    },
    "jenkins.job.waiting.duration" : {
      "count" : 0,
      "max" : 0.0,
      "mean" : 0.0,
      "min" : 0.0,
      "p50" : 0.0,
      "p75" : 0.0,
      "p95" : 0.0,
      "p98" : 0.0,
      "p99" : 0.0,
      "p999" : 0.0,
      "values" : [ ],
      "stddev" : 0.0,
      "m15_rate" : 0.0,
      "m1_rate" : 0.0,
      "m5_rate" : 0.0,
      "mean_rate" : 0.0,
      "duration_units" : "seconds",
      "rate_units" : "calls/minute"
    },
    "jenkins.node.CDLTSBUILDCHSL-slave.builds" : {
      "count" : 0,
      "max" : 0.0,
      "mean" : 0.0,
      "min" : 0.0,
      "p50" : 0.0,
      "p75" : 0.0,
      "p95" : 0.0,
      "p98" : 0.0,
      "p99" : 0.0,
      "p999" : 0.0,
      "values" : [ ],
      "stddev" : 0.0,
      "m15_rate" : 0.0,
      "m1_rate" : 0.0,
      "m5_rate" : 0.0,
      "mean_rate" : 0.0,
      "duration_units" : "seconds",
      "rate_units" : "calls/minute"
    },
    "jenkins.node.CDLTSQTPWIN03.builds" : {
      "count" : 0,
      "max" : 0.0,
      "mean" : 0.0,
      "min" : 0.0,
      "p50" : 0.0,
      "p75" : 0.0,
      "p95" : 0.0,
      "p98" : 0.0,
      "p99" : 0.0,
      "p999" : 0.0,
      "values" : [ ],
      "stddev" : 0.0,
      "m15_rate" : 0.0,
      "m1_rate" : 0.0,
      "m5_rate" : 0.0,
      "mean_rate" : 0.0,
      "duration_units" : "seconds",
      "rate_units" : "calls/minute"
    },
    "jenkins.node.CDLTSQTPWIN04.builds" : {
      "count" : 0,
      "max" : 0.0,
      "mean" : 0.0,
      "min" : 0.0,
      "p50" : 0.0,
      "p75" : 0.0,
      "p95" : 0.0,
      "p98" : 0.0,
      "p99" : 0.0,
      "p999" : 0.0,
      "values" : [ ],
      "stddev" : 0.0,
      "m15_rate" : 0.0,
      "m1_rate" : 0.0,
      "m5_rate" : 0.0,
      "mean_rate" : 0.0,
      "duration_units" : "seconds",
      "rate_units" : "calls/minute"
    }
  }
}