{
  "jvm" : {
    "vm" : {
      "name" : "Java HotSpot(TM) Client VM",
      "version" : "1.6.0_39-b04"
    },
    "memory" : {
      "totalInit" : 5.259264E7,
      "totalUsed" : 4.1691568E7,
      "totalMax" : 3.83254528E8,
      "totalCommitted" : 6.356992E7,
      "heapInit" : 1.6777216E7,
      "heapUsed" : 5436272.0,
      "heapMax" : 2.5952256E8,
      "heapCommitted" : 1.6318464E7,
      "heap_usage" : 0.02094720397332702,
      "non_heap_usage" : 0.2930147849907309,
      "memory_pool_usages" : {
        "Code Cache" : 0.07505607604980469,
        "Eden Space" : 0.021088232823936414,
        "Perm Gen" : 0.31816375255584717,
        "Perm Gen [shared-ro]" : 0.5196311950683594,
        "Perm Gen [shared-rw]" : 0.551263173421224,
        "Survivor Space" : 0.02407657398897059,
        "Tenured Gen" : 0.020734923176606555
      }
    },
    "daemon_thread_count" : 4,
    "thread_count" : 9,
    "current_time" : 1386780884073,
    "uptime" : 5273142,
    "fd_usage" : "NaN",
    "thread-states" : {
      "timed_waiting" : 0.1111111111111111,
      "blocked" : 0.0,
      "waiting" : 0.5555555555555556,
      "new" : 0.0,
      "runnable" : 0.3333333333333333,
      "terminated" : 0.0
    },
    "garbage-collectors" : {
      "MarkSweepCompact" : {
        "runs" : 29,
        "time" : 16547
      },
      "Copy" : {
        "runs" : 2866,
        "time" : 12062
      }
    }
  }
}