{
  "jvm" : {
    "vm" : {
      "name" : "Java HotSpot(TM) Server VM",
      "version" : "1.6.0_39-b04"
    },
    "memory" : {
      "totalInit" : 2.87571968E8,
      "totalUsed" : 2.20948848E8,
      "totalMax" : 4.48331776E8,
      "totalCommitted" : 3.33611008E8,
      "heapInit" : 2.68435456E8,
      "heapUsed" : 1.51317192E8,
      "heapMax" : 2.637824E8,
      "heapCommitted" : 2.637824E8,
      "heap_usage" : 0.5736440035423137,
      "non_heap_usage" : 0.3773063746365634,
      "memory_pool_usages" : {
        "Code Cache" : 0.16064325968424478,
        "PS Eden Space" : 0.11321851664791326,
        "PS Old Gen" : 0.7830166895282177,
        "PS Perm Gen" : 0.45855504274368286,
        "PS Survivor Space" : 0.4464653862847222
      }
    },
    "daemon_thread_count" : 60,
    "thread_count" : 79,
    "current_time" : 1386780869322,
    "uptime" : 3032,
    "fd_usage" : "NaN",
    "thread-states" : {
      "timed_waiting" : 0.13924050632911392,
      "runnable" : 0.22784810126582278,
      "blocked" : 0.0,
      "terminated" : 0.0,
      "waiting" : 0.6329113924050633,
      "new" : 0.0
    },
    "garbage-collectors" : {
      "PS MarkSweep" : {
        "runs" : 0,
        "time" : 0
      },
      "PS Scavenge" : {
        "runs" : 218,
        "time" : 2197
      }
    }
  },
  "hudson.model.Executor" : {
    "count" : {
      "type" : "histogram",
      "count" : 200,
      "min" : 5.0,
      "max" : 7.0,
      "mean" : 6.99,
      "std_dev" : 0.1414213562373094,
      "median" : 7.0,
      "p75" : 7.0,
      "p95" : 7.0,
      "p98" : 7.0,
      "p99" : 7.0,
      "p999" : 7.0,
      "values" : [ 5.0, 7.0, 7.0, 7.0, 7.0, 7.0, 7.0, 7.0, 7.0, 7.0, 7.0, 7.0, 7.0, 7.0, 7.0, 7.0, 7.0, 7.0, 7.0, 7.0, 7.0, 7.0, 7.0, 7.0, 7.0, 7.0, 7.0, 7.0, 7.0, 7.0, 7.0, 7.0, 7.0, 7.0, 7.0, 7.0, 7.0, 7.0, 7.0, 7.0, 7.0, 7.0, 7.0, 7.0, 7.0, 7.0, 7.0, 7.0, 7.0, 7.0, 7.0, 7.0, 7.0, 7.0, 7.0, 7.0, 7.0, 7.0, 7.0, 7.0, 7.0, 7.0, 7.0, 7.0, 7.0, 7.0, 7.0, 7.0, 7.0, 7.0, 7.0, 7.0, 7.0, 7.0, 7.0, 7.0, 7.0, 7.0, 7.0, 7.0, 7.0, 7.0, 7.0, 7.0, 7.0, 7.0, 7.0, 7.0, 7.0, 7.0, 7.0, 7.0, 7.0, 7.0, 7.0, 7.0, 7.0, 7.0, 7.0, 7.0, 7.0, 7.0, 7.0, 7.0, 7.0, 7.0, 7.0, 7.0, 7.0, 7.0, 7.0, 7.0, 7.0, 7.0, 7.0, 7.0, 7.0, 7.0, 7.0, 7.0, 7.0, 7.0, 7.0, 7.0, 7.0, 7.0, 7.0, 7.0, 7.0, 7.0, 7.0, 7.0, 7.0, 7.0, 7.0, 7.0, 7.0, 7.0, 7.0, 7.0, 7.0, 7.0, 7.0, 7.0, 7.0, 7.0, 7.0, 7.0, 7.0, 7.0, 7.0, 7.0, 7.0, 7.0, 7.0, 7.0, 7.0, 7.0, 7.0, 7.0, 7.0, 7.0, 7.0, 7.0, 7.0, 7.0, 7.0, 7.0, 7.0, 7.0, 7.0, 7.0, 7.0, 7.0, 7.0, 7.0, 7.0, 7.0, 7.0, 7.0, 7.0, 7.0, 7.0, 7.0, 7.0, 7.0, 7.0, 7.0, 7.0, 7.0, 7.0, 7.0, 7.0, 7.0, 7.0, 7.0, 7.0, 7.0, 7.0, 7.0 ]
    },
    "in-use" : {
      "type" : "histogram",
      "count" : 200,
      "min" : 0.0,
      "max" : 4.0,
      "mean" : 0.405,
      "std_dev" : 0.6952639497334773,
      "median" : 0.0,
      "p75" : 1.0,
      "p95" : 2.0,
      "p98" : 2.0,
      "p99" : 2.990000000000009,
      "p999" : 4.0,
      "values" : [ 0.0, 0.0, 0.0, 0.0, 0.0, 0.0, 0.0, 0.0, 0.0, 0.0, 0.0, 0.0, 0.0, 0.0, 0.0, 0.0, 0.0, 0.0, 0.0, 0.0, 0.0, 0.0, 0.0, 0.0, 0.0, 0.0, 0.0, 0.0, 0.0, 0.0, 0.0, 0.0, 0.0, 0.0, 0.0, 0.0, 0.0, 0.0, 0.0, 0.0, 0.0, 0.0, 0.0, 0.0, 0.0, 0.0, 0.0, 0.0, 0.0, 0.0, 0.0, 0.0, 0.0, 0.0, 0.0, 0.0, 0.0, 0.0, 0.0, 0.0, 0.0, 0.0, 0.0, 0.0, 0.0, 0.0, 0.0, 0.0, 0.0, 0.0, 0.0, 0.0, 0.0, 0.0, 0.0, 0.0, 0.0, 0.0, 0.0, 0.0, 0.0, 0.0, 0.0, 0.0, 0.0, 0.0, 0.0, 0.0, 0.0, 0.0, 0.0, 0.0, 0.0, 0.0, 0.0, 0.0, 0.0, 0.0, 0.0, 0.0, 0.0, 0.0, 0.0, 0.0, 0.0, 0.0, 0.0, 0.0, 0.0, 0.0, 0.0, 0.0, 0.0, 0.0, 0.0, 0.0, 0.0, 0.0, 0.0, 0.0, 0.0, 0.0, 0.0, 0.0, 0.0, 0.0, 0.0, 0.0, 0.0, 0.0, 0.0, 0.0, 0.0, 0.0, 0.0, 0.0, 0.0, 0.0, 0.0, 1.0, 1.0, 1.0, 1.0, 1.0, 1.0, 1.0, 1.0, 1.0, 1.0, 1.0, 1.0, 1.0, 1.0, 1.0, 1.0, 1.0, 1.0, 1.0, 1.0, 1.0, 1.0, 1.0, 1.0, 1.0, 1.0, 1.0, 1.0, 1.0, 1.0, 1.0, 1.0, 1.0, 1.0, 1.0, 1.0, 1.0, 1.0, 1.0, 1.0, 1.0, 1.0, 1.0, 1.0, 2.0, 2.0, 2.0, 2.0, 2.0, 2.0, 2.0, 2.0, 2.0, 2.0, 2.0, 2.0, 2.0, 2.0, 2.0, 3.0, 4.0 ]
    }
  },
  "hudson.model.Node" : {
    "count" : {
      "type" : "histogram",
      "count" : 200,
      "min" : 3.0,
      "max" : 3.0,
      "mean" : 3.0,
      "std_dev" : 0.0,
      "median" : 3.0,
      "p75" : 3.0,
      "p95" : 3.0,
      "p98" : 3.0,
      "p99" : 3.0,
      "p999" : 3.0,
      "values" : [ 3.0, 3.0, 3.0, 3.0, 3.0, 3.0, 3.0, 3.0, 3.0, 3.0, 3.0, 3.0, 3.0, 3.0, 3.0, 3.0, 3.0, 3.0, 3.0, 3.0, 3.0, 3.0, 3.0, 3.0, 3.0, 3.0, 3.0, 3.0, 3.0, 3.0, 3.0, 3.0, 3.0, 3.0, 3.0, 3.0, 3.0, 3.0, 3.0, 3.0, 3.0, 3.0, 3.0, 3.0, 3.0, 3.0, 3.0, 3.0, 3.0, 3.0, 3.0, 3.0, 3.0, 3.0, 3.0, 3.0, 3.0, 3.0, 3.0, 3.0, 3.0, 3.0, 3.0, 3.0, 3.0, 3.0, 3.0, 3.0, 3.0, 3.0, 3.0, 3.0, 3.0, 3.0, 3.0, 3.0, 3.0, 3.0, 3.0, 3.0, 3.0, 3.0, 3.0, 3.0, 3.0, 3.0, 3.0, 3.0, 3.0, 3.0, 3.0, 3.0, 3.0, 3.0, 3.0, 3.0, 3.0, 3.0, 3.0, 3.0, 3.0, 3.0, 3.0, 3.0, 3.0, 3.0, 3.0, 3.0, 3.0, 3.0, 3.0, 3.0, 3.0, 3.0, 3.0, 3.0, 3.0, 3.0, 3.0, 3.0, 3.0, 3.0, 3.0, 3.0, 3.0, 3.0, 3.0, 3.0, 3.0, 3.0, 3.0, 3.0, 3.0, 3.0, 3.0, 3.0, 3.0, 3.0, 3.0, 3.0, 3.0, 3.0, 3.0, 3.0, 3.0, 3.0, 3.0, 3.0, 3.0, 3.0, 3.0, 3.0, 3.0, 3.0, 3.0, 3.0, 3.0, 3.0, 3.0, 3.0, 3.0, 3.0, 3.0, 3.0, 3.0, 3.0, 3.0, 3.0, 3.0, 3.0, 3.0, 3.0, 3.0, 3.0, 3.0, 3.0, 3.0, 3.0, 3.0, 3.0, 3.0, 3.0, 3.0, 3.0, 3.0, 3.0, 3.0, 3.0, 3.0, 3.0, 3.0, 3.0, 3.0, 3.0, 3.0, 3.0, 3.0, 3.0, 3.0, 3.0 ]
    },
    "online" : {
      "type" : "histogram",
      "count" : 200,
      "min" : 1.0,
      "max" : 3.0,
      "mean" : 2.99,
      "std_dev" : 0.14142135623730953,
      "median" : 3.0,
      "p75" : 3.0,
      "p95" : 3.0,
      "p98" : 3.0,
      "p99" : 3.0,
      "p999" : 3.0,
      "values" : [ 1.0, 3.0, 3.0, 3.0, 3.0, 3.0, 3.0, 3.0, 3.0, 3.0, 3.0, 3.0, 3.0, 3.0, 3.0, 3.0, 3.0, 3.0, 3.0, 3.0, 3.0, 3.0, 3.0, 3.0, 3.0, 3.0, 3.0, 3.0, 3.0, 3.0, 3.0, 3.0, 3.0, 3.0, 3.0, 3.0, 3.0, 3.0, 3.0, 3.0, 3.0, 3.0, 3.0, 3.0, 3.0, 3.0, 3.0, 3.0, 3.0, 3.0, 3.0, 3.0, 3.0, 3.0, 3.0, 3.0, 3.0, 3.0, 3.0, 3.0, 3.0, 3.0, 3.0, 3.0, 3.0, 3.0, 3.0, 3.0, 3.0, 3.0, 3.0, 3.0, 3.0, 3.0, 3.0, 3.0, 3.0, 3.0, 3.0, 3.0, 3.0, 3.0, 3.0, 3.0, 3.0, 3.0, 3.0, 3.0, 3.0, 3.0, 3.0, 3.0, 3.0, 3.0, 3.0, 3.0, 3.0, 3.0, 3.0, 3.0, 3.0, 3.0, 3.0, 3.0, 3.0, 3.0, 3.0, 3.0, 3.0, 3.0, 3.0, 3.0, 3.0, 3.0, 3.0, 3.0, 3.0, 3.0, 3.0, 3.0, 3.0, 3.0, 3.0, 3.0, 3.0, 3.0, 3.0, 3.0, 3.0, 3.0, 3.0, 3.0, 3.0, 3.0, 3.0, 3.0, 3.0, 3.0, 3.0, 3.0, 3.0, 3.0, 3.0, 3.0, 3.0, 3.0, 3.0, 3.0, 3.0, 3.0, 3.0, 3.0, 3.0, 3.0, 3.0, 3.0, 3.0, 3.0, 3.0, 3.0, 3.0, 3.0, 3.0, 3.0, 3.0, 3.0, 3.0, 3.0, 3.0, 3.0, 3.0, 3.0, 3.0, 3.0, 3.0, 3.0, 3.0, 3.0, 3.0, 3.0, 3.0, 3.0, 3.0, 3.0, 3.0, 3.0, 3.0, 3.0, 3.0, 3.0, 3.0, 3.0, 3.0, 3.0, 3.0, 3.0, 3.0, 3.0, 3.0, 3.0 ]
    }
  },
  "hudson.model.Node.PRDJENK201" : {
    "builds" : {
      "type" : "timer",
      "duration" : {
        "unit" : "seconds",
        "min" : 0.0,
        "max" : 0.0,
        "mean" : 0.0,
        "std_dev" : 0.0,
        "median" : 0.0,
        "p75" : 0.0,
        "p95" : 0.0,
        "p98" : 0.0,
        "p99" : 0.0,
        "p999" : 0.0,
        "values" : [ ]
      },
      "rate" : {
        "unit" : "seconds",
        "count" : 0,
        "mean" : 0.0,
        "m1" : 0.0,
        "m5" : 0.0,
        "m15" : 0.0
      }
    }
  },
  "hudson.model.Node.VDIQTPTaskW704" : {
    "builds" : {
      "type" : "timer",
      "duration" : {
        "unit" : "seconds",
        "min" : 0.0,
        "max" : 0.0,
        "mean" : 0.0,
        "std_dev" : 0.0,
        "median" : 0.0,
        "p75" : 0.0,
        "p95" : 0.0,
        "p98" : 0.0,
        "p99" : 0.0,
        "p999" : 0.0,
        "values" : [ ]
      },
      "rate" : {
        "unit" : "seconds",
        "count" : 0,
        "mean" : 0.0,
        "m1" : 0.0,
        "m5" : 0.0,
        "m15" : 0.0
      }
    }
  },
  "hudson.model.Queue" : {
    "size" : {
      "type" : "histogram",
      "count" : 200,
      "min" : 0.0,
      "max" : 0.0,
      "mean" : 0.0,
      "std_dev" : 0.0,
      "median" : 0.0,
      "p75" : 0.0,
      "p95" : 0.0,
      "p98" : 0.0,
      "p99" : 0.0,
      "p999" : 0.0,
      "values" : [ 0.0, 0.0, 0.0, 0.0, 0.0, 0.0, 0.0, 0.0, 0.0, 0.0, 0.0, 0.0, 0.0, 0.0, 0.0, 0.0, 0.0, 0.0, 0.0, 0.0, 0.0, 0.0, 0.0, 0.0, 0.0, 0.0, 0.0, 0.0, 0.0, 0.0, 0.0, 0.0, 0.0, 0.0, 0.0, 0.0, 0.0, 0.0, 0.0, 0.0, 0.0, 0.0, 0.0, 0.0, 0.0, 0.0, 0.0, 0.0, 0.0, 0.0, 0.0, 0.0, 0.0, 0.0, 0.0, 0.0, 0.0, 0.0, 0.0, 0.0, 0.0, 0.0, 0.0, 0.0, 0.0, 0.0, 0.0, 0.0, 0.0, 0.0, 0.0, 0.0, 0.0, 0.0, 0.0, 0.0, 0.0, 0.0, 0.0, 0.0, 0.0, 0.0, 0.0, 0.0, 0.0, 0.0, 0.0, 0.0, 0.0, 0.0, 0.0, 0.0, 0.0, 0.0, 0.0, 0.0, 0.0, 0.0, 0.0, 0.0, 0.0, 0.0, 0.0, 0.0, 0.0, 0.0, 0.0, 0.0, 0.0, 0.0, 0.0, 0.0, 0.0, 0.0, 0.0, 0.0, 0.0, 0.0, 0.0, 0.0, 0.0, 0.0, 0.0, 0.0, 0.0, 0.0, 0.0, 0.0, 0.0, 0.0, 0.0, 0.0, 0.0, 0.0, 0.0, 0.0, 0.0, 0.0, 0.0, 0.0, 0.0, 0.0, 0.0, 0.0, 0.0, 0.0, 0.0, 0.0, 0.0, 0.0, 0.0, 0.0, 0.0, 0.0, 0.0, 0.0, 0.0, 0.0, 0.0, 0.0, 0.0, 0.0, 0.0, 0.0, 0.0, 0.0, 0.0, 0.0, 0.0, 0.0, 0.0, 0.0, 0.0, 0.0, 0.0, 0.0, 0.0, 0.0, 0.0, 0.0, 0.0, 0.0, 0.0, 0.0, 0.0, 0.0, 0.0, 0.0, 0.0, 0.0, 0.0, 0.0, 0.0, 0.0, 0.0, 0.0, 0.0, 0.0, 0.0, 0.0 ]
    }
  },
  "java.lang.Runtime" : {
    "file-descriptor-usage" : {
      "type" : "gauge",
      "value" : "NaN"
    },
    "memory-heap-committed" : {
      "type" : "histogram",
      "count" : 200,
      "min" : 2.572288E8,
      "max" : 2.65945088E8,
      "mean" : 2.6287767552E8,
      "std_dev" : 1307153.4388648567,
      "median" : 2.6279936E8,
      "p75" : 2.63061504E8,
      "p95" : 2.65224192E8,
      "p98" : 2.6567901184E8,
      "p99" : 2.65814016E8,
      "p999" : 2.65945088E8,
      "values" : [ 2.572288E8, 2.58342912E8, 2.588672E8, 2.59588096E8, 2.59653632E8, 2.59653632E8, 2.59653632E8, 2.59653632E8, 2.59653632E8, 2.59653632E8, 2.6017792E8, 2.61423104E8, 2.61423104E8, 2.61423104E8, 2.61423104E8, 2.61423104E8, 2.61423104E8, 2.61423104E8, 2.61554176E8, 2.62078464E8, 2.62078464E8, 2.62078464E8, 2.62078464E8, 2.62078464E8, 2.62078464E8, 2.62078464E8, 2.62078464E8, 2.62275072E8, 2.62275072E8, 2.62275072E8, 2.62275072E8, 2.62275072E8, 2.62275072E8, 2.62275072E8, 2.62275072E8, 2.62275072E8, 2.62275072E8, 2.62275072E8, 2.62275072E8, 2.62275072E8, 2.62275072E8, 2.62275072E8, 2.62275072E8, 2.62340608E8, 2.62340608E8, 2.62340608E8, 2.62406144E8, 2.62406144E8, 2.62406144E8, 2.62406144E8, 2.62406144E8, 2.62406144E8, 2.62537216E8, 2.62537216E8, 2.62537216E8, 2.62537216E8, 2.62537216E8, 2.62537216E8, 2.62537216E8, 2.62537216E8, 2.62537216E8, 2.62537216E8, 2.62537216E8, 2.62537216E8, 2.62537216E8, 2.62537216E8, 2.62537216E8, 2.62537216E8, 2.62602752E8, 2.62668288E8, 2.62668288E8, 2.62733824E8, 2.62733824E8, 2.62733824E8, 2.62733824E8, 2.62733824E8, 2.62733824E8, 2.62733824E8, 2.62733824E8, 2.62733824E8, 2.62733824E8, 2.62733824E8, 2.62733824E8, 2.62733824E8, 2.62733824E8, 2.62733824E8, 2.62733824E8, 2.62733824E8, 2.6279936E8, 2.6279936E8, 2.6279936E8, 2.6279936E8, 2.6279936E8, 2.6279936E8, 2.6279936E8, 2.6279936E8, 2.6279936E8, 2.6279936E8, 2.6279936E8, 2.6279936E8, 2.6279936E8, 2.6279936E8, 2.6279936E8, 2.6279936E8, 2.6279936E8, 2.6279936E8, 2.6279936E8, 2.6279936E8, 2.6279936E8, 2.6279936E8, 2.6279936E8, 2.6279936E8, 2.6279936E8, 2.6279936E8, 2.6279936E8, 2.62864896E8, 2.62864896E8, 2.62864896E8, 2.62864896E8, 2.62864896E8, 2.62864896E8, 2.62864896E8, 2.62930432E8, 2.62930432E8, 2.62930432E8, 2.62930432E8, 2.62930432E8, 2.62930432E8, 2.62930432E8, 2.62930432E8, 2.62930432E8, 2.62930432E8, 2.62930432E8, 2.62930432E8, 2.62930432E8, 2.62930432E8, 2.62930432E8, 2.62930432E8, 2.62995968E8, 2.63061504E8, 2.63061504E8, 2.63061504E8, 2.63061504E8, 2.63061504E8, 2.63061504E8, 2.63061504E8, 2.63061504E8, 2.63061504E8, 2.63061504E8, 2.63061504E8, 2.63061504E8, 2.6312704E8, 2.6312704E8, 2.63323648E8, 2.6345472E8, 2.6345472E8, 2.63520256E8, 2.63520256E8, 2.63520256E8, 2.63520256E8, 2.63520256E8, 2.63520256E8, 2.63651328E8, 2.63651328E8, 2.63913472E8, 2.63979008E8, 2.6411008E8, 2.6411008E8, 2.6411008E8, 2.6411008E8, 2.64306688E8, 2.6443776E8, 2.6443776E8, 2.6443776E8, 2.64503296E8, 2.64568832E8, 2.64634368E8, 2.64634368E8, 2.64634368E8, 2.64634368E8, 2.64699904E8, 2.64699904E8, 2.64830976E8, 2.64830976E8, 2.65224192E8, 2.65224192E8, 2.65224192E8, 2.65224192E8, 2.65224192E8, 2.65224192E8, 2.65224192E8, 2.65224192E8, 2.65224192E8, 2.654208E8, 2.654208E8, 2.65486336E8, 2.65682944E8, 2.65814016E8, 2.65814016E8, 2.65945088E8 ]
    },
    "memory-heap-max" : {
      "type" : "gauge",
      "value" : 2.637824E8
    },
    "memory-heap-usage" : {
      "type" : "gauge",
      "value" : 0.5757443104619565
    },
    "memory-heap-used" : {
      "type" : "histogram",
      "count" : 200,
      "min" : 6.539888E7,
      "max" : 2.10025776E8,
      "mean" : 1.4425995616E8,
      "std_dev" : 3.1000933061230455E7,
      "median" : 1.46970872E8,
      "p75" : 1.69024704E8,
      "p95" : 1.9096766599999997E8,
      "p98" : 2.0020470048E8,
      "p99" : 2.0704510976000005E8,
      "p999" : 2.10025776E8,
      "values" : [ 6.539888E7, 7.0587616E7, 7.8531448E7, 8.0127032E7, 8.7796704E7, 8.7900576E7, 8.9973568E7, 9.2151208E7, 9.254984E7, 9.3939152E7, 9.4195976E7, 9.439832E7, 9.4491184E7, 9.4772696E7, 9.520328E7, 9.5569256E7, 9.6901416E7, 9.7690192E7, 9.9881824E7, 1.00093256E8, 1.00631112E8, 1.0192688E8, 1.0260004E8, 1.03950224E8, 1.03976424E8, 1.04054104E8, 1.04407624E8, 1.05812592E8, 1.06292528E8, 1.07125688E8, 1.07359584E8, 1.07963648E8, 1.08332072E8, 1.08899032E8, 1.10470016E8, 1.107676E8, 1.11409088E8, 1.129702E8, 1.13675472E8, 1.13937576E8, 1.14531032E8, 1.14769264E8, 1.15259752E8, 1.18474632E8, 1.18499776E8, 1.18654448E8, 1.18812152E8, 1.19259792E8, 1.21028976E8, 1.21568696E8, 1.22216448E8, 1.225016E8, 1.22913144E8, 1.23249032E8, 1.23446648E8, 1.23768584E8, 1.24538152E8, 1.24849056E8, 1.25606032E8, 1.25660864E8, 1.25979896E8, 1.26143592E8, 1.2687088E8, 1.27088152E8, 1.28599256E8, 1.29112472E8, 1.29764088E8, 1.3071052E8, 1.30969288E8, 1.31694208E8, 1.32901184E8, 1.3290984E8, 1.33049992E8, 1.331534E8, 1.33269232E8, 1.33521184E8, 1.33803456E8, 1.34531208E8, 1.3467928E8, 1.36382008E8, 1.37161568E8, 1.37266352E8, 1.37568136E8, 1.38139488E8, 1.38157304E8, 1.38373288E8, 1.38899912E8, 1.41768408E8, 1.41781968E8, 1.42352712E8, 1.427216E8, 1.43849968E8, 1.44261408E8, 1.44649632E8, 1.45164872E8, 1.45461104E8, 1.45700792E8, 1.4585816E8, 1.4644204E8, 1.46841728E8, 1.47100016E8, 1.4725496E8, 1.4799228E8, 1.49318464E8, 1.49349976E8, 1.49467816E8, 1.497838E8, 1.49824864E8, 1.50997024E8, 1.51540088E8, 1.52516432E8, 1.52904184E8, 1.53019488E8, 1.5307908E8, 1.53221416E8, 1.53687072E8, 1.53760248E8, 1.53793376E8, 1.53919184E8, 1.54640592E8, 1.5599092E8, 1.5605464E8, 1.56611496E8, 1.57275152E8, 1.57365088E8, 1.5795628E8, 1.5820256E8, 1.5902128E8, 1.59562136E8, 1.6071484E8, 1.6095108E8, 1.618356E8, 1.6269032E8, 1.627094E8, 1.62960544E8, 1.63576992E8, 1.63798928E8, 1.65498072E8, 1.6583164E8, 1.66007128E8, 1.6647568E8, 1.66662952E8, 1.66807456E8, 1.67303296E8, 1.67448568E8, 1.67538936E8, 1.68246168E8, 1.68370392E8, 1.68813984E8, 1.68859896E8, 1.6907964E8, 1.69205664E8, 1.69299296E8, 1.69545552E8, 1.69823128E8, 1.70470576E8, 1.72703504E8, 1.72760712E8, 1.72789208E8, 1.7307404E8, 1.73313864E8, 1.74118736E8, 1.74983224E8, 1.7548516E8, 1.755798E8, 1.75605464E8, 1.76121496E8, 1.76322392E8, 1.76680488E8, 1.76955776E8, 1.77267424E8, 1.77340536E8, 1.77411856E8, 1.7847E8, 1.79019624E8, 1.79683656E8, 1.79886784E8, 1.80816344E8, 1.81274296E8, 1.81839608E8, 1.83166496E8, 1.83405456E8, 1.83994184E8, 1.84170232E8, 1.8418048E8, 1.84327184E8, 1.85690856E8, 1.87068664E8, 1.87889856E8, 1.88962824E8, 1.91073184E8, 1.93146512E8, 1.94222472E8, 1.95293104E8, 1.97992568E8, 1.98096744E8, 2.0024772E8, 2.0081264E8, 2.07108064E8, 2.10025776E8 ]
    },
    "memory-nonheap-usage" : {
      "type" : "gauge",
      "value" : 0.3773063746365634
    },
    "memory-total-committed" : {
      "type" : "histogram",
      "count" : 200,
      "min" : 3.08936704E8,
      "max" : 3.34856192E8,
      "mean" : 3.2819216384E8,
      "std_dev" : 3920237.191857641,
      "median" : 3.28630272E8,
      "p75" : 3.31841536E8,
      "p95" : 3.34004224E8,
      "p98" : 3.34200832E8,
      "p99" : 3.348496384E8,
      "p999" : 3.34856192E8,
      "values" : [ 3.08936704E8, 3.1342592E8, 3.16080128E8, 3.1670272E8, 3.19586304E8, 3.21880064E8, 3.21880064E8, 3.21880064E8, 3.21880064E8, 3.21880064E8, 3.219456E8, 3.219456E8, 3.22699264E8, 3.22699264E8, 3.22797568E8, 3.22797568E8, 3.22961408E8, 3.23944448E8, 3.24534272E8, 3.24861952E8, 3.24861952E8, 3.24861952E8, 3.24861952E8, 3.24861952E8, 3.24861952E8, 3.24993024E8, 3.24993024E8, 3.25025792E8, 3.25025792E8, 3.25025792E8, 3.25025792E8, 3.25025792E8, 3.25025792E8, 3.25124096E8, 3.25124096E8, 3.25124096E8, 3.252224E8, 3.252224E8, 3.252224E8, 3.25287936E8, 3.25353472E8, 3.25353472E8, 3.25353472E8, 3.25353472E8, 3.25484544E8, 3.2555008E8, 3.2555008E8, 3.2555008E8, 3.2555008E8, 3.2555008E8, 3.2555008E8, 3.2555008E8, 3.2555008E8, 3.25582848E8, 3.25582848E8, 3.25582848E8, 3.25582848E8, 3.25582848E8, 3.25582848E8, 3.25582848E8, 3.25681152E8, 3.25681152E8, 3.25746688E8, 3.25746688E8, 3.25746688E8, 3.25746688E8, 3.25844992E8, 3.26107136E8, 3.26107136E8, 3.26107136E8, 3.26107136E8, 3.26107136E8, 3.26107136E8, 3.26107136E8, 3.26107136E8, 3.268608E8, 3.28466432E8, 3.28466432E8, 3.28466432E8, 3.284992E8, 3.28564736E8, 3.28564736E8, 3.28564736E8, 3.28564736E8, 3.28564736E8, 3.28564736E8, 3.28564736E8, 3.28564736E8, 3.28564736E8, 3.28564736E8, 3.28564736E8, 3.28564736E8, 3.28564736E8, 3.28564736E8, 3.28630272E8, 3.28630272E8, 3.28630272E8, 3.28630272E8, 3.28630272E8, 3.28630272E8, 3.28630272E8, 3.28630272E8, 3.2866304E8, 3.2866304E8, 3.2866304E8, 3.2866304E8, 3.2866304E8, 3.2866304E8, 3.2866304E8, 3.2866304E8, 3.2866304E8, 3.2866304E8, 3.28695808E8, 3.28695808E8, 3.28695808E8, 3.28695808E8, 3.28695808E8, 3.28695808E8, 3.28695808E8, 3.28695808E8, 3.28728576E8, 3.28761344E8, 3.28761344E8, 3.28761344E8, 3.28761344E8, 3.29121792E8, 3.29121792E8, 3.29121792E8, 3.29121792E8, 3.29220096E8, 3.29220096E8, 3.29220096E8, 3.29220096E8, 3.29220096E8, 3.29220096E8, 3.29416704E8, 3.29449472E8, 3.2997376E8, 3.30432512E8, 3.30727424E8, 3.30858496E8, 3.3112064E8, 3.3112064E8, 3.3112064E8, 3.3112064E8, 3.31251712E8, 3.31251712E8, 3.31251712E8, 3.31743232E8, 3.31841536E8, 3.31841536E8, 3.31841536E8, 3.31841536E8, 3.31841536E8, 3.31841536E8, 3.31841536E8, 3.31841536E8, 3.31841536E8, 3.31841536E8, 3.31841536E8, 3.31841536E8, 3.31841536E8, 3.31841536E8, 3.31841536E8, 3.31841536E8, 3.31972608E8, 3.32234752E8, 3.32234752E8, 3.32234752E8, 3.32234752E8, 3.32234752E8, 3.32234752E8, 3.32234752E8, 3.32234752E8, 3.32234752E8, 3.32234752E8, 3.32234752E8, 3.32234752E8, 3.32300288E8, 3.32496896E8, 3.32824576E8, 3.32955648E8, 3.33152256E8, 3.33283328E8, 3.33283328E8, 3.33611008E8, 3.3374208E8, 3.33938688E8, 3.33938688E8, 3.34004224E8, 3.34004224E8, 3.34004224E8, 3.3406976E8, 3.34200832E8, 3.34200832E8, 3.34200832E8, 3.34200832E8, 3.34200832E8, 3.34856192E8, 3.34856192E8 ]
    },
    "memory-total-max" : {
      "type" : "gauge",
      "value" : 4.48331776E8
    },
    "memory-total-used" : {
      "type" : "histogram",
      "count" : 200,
      "min" : 1.20080304E8,
      "max" : 2.7965596E8,
      "mean" : 2.0939045276E8,
      "std_dev" : 3.37063696829205E7,
      "median" : 2.13664168E8,
      "p75" : 2.36900102E8,
      "p95" : 2.5822797839999998E8,
      "p98" : 2.6980374847999996E8,
      "p99" : 2.7637180328000003E8,
      "p999" : 2.7965596E8,
      "values" : [ 1.20080304E8, 1.27636288E8, 1.36335592E8, 1.36486232E8, 1.46282304E8, 1.46435816E8, 1.46539688E8, 1.52591344E8, 1.52595616E8, 1.53050512E8, 1.53682192E8, 1.54697744E8, 1.55154768E8, 1.55281384E8, 1.5566672E8, 1.56819112E8, 1.58372072E8, 1.58376856E8, 1.58483128E8, 1.59285664E8, 1.62051632E8, 1.63393392E8, 1.64734608E8, 1.66368496E8, 1.66683392E8, 1.6727812E8, 1.67923096E8, 1.69128544E8, 1.69515104E8, 1.70864096E8, 1.70987976E8, 1.7145776E8, 1.72898416E8, 1.73306032E8, 1.736038E8, 1.75954672E8, 1.76306432E8, 1.76335512E8, 1.76797328E8, 1.7704924E8, 1.78244224E8, 1.7922508E8, 1.8013076E8, 1.80409416E8, 1.81134672E8, 1.81672456E8, 1.82245784E8, 1.8237376E8, 1.83047232E8, 1.84144944E8, 1.84264816E8, 1.85343216E8, 1.85773448E8, 1.85909072E8, 1.866046E8, 1.87316376E8, 1.87826816E8, 1.88149128E8, 1.88985912E8, 1.8991792E8, 1.91216552E8, 1.91435544E8, 1.91613664E8, 1.92410264E8, 1.9272952E8, 1.93581152E8, 1.939492E8, 1.94029472E8, 1.94326632E8, 1.95303472E8, 1.95482688E8, 1.95914E8, 1.9645096E8, 1.96611328E8, 1.9751608E8, 1.9852956E8, 1.98692976E8, 1.98954856E8, 1.9944596E8, 1.99929576E8, 2.00825088E8, 2.00916128E8, 2.00976464E8, 2.02804072E8, 2.03768624E8, 2.03848696E8, 2.05384824E8, 2.06371592E8, 2.06883144E8, 2.07243816E8, 2.07395912E8, 2.09106304E8, 2.10263576E8, 2.1064028E8, 2.11398168E8, 2.11631224E8, 2.11668056E8, 2.12298808E8, 2.13593656E8, 2.13606224E8, 2.13722112E8, 2.14689864E8, 2.14791968E8, 2.15365104E8, 2.15428968E8, 2.15700312E8, 2.16208936E8, 2.16416344E8, 2.16715664E8, 2.17261048E8, 2.18659712E8, 2.18762176E8, 2.18779168E8, 2.19136864E8, 2.19564352E8, 2.19906872E8, 2.20146704E8, 2.20315912E8, 2.20720832E8, 2.20924776E8, 2.21000792E8, 2.2169044E8, 2.221494E8, 2.22526064E8, 2.2292032E8, 2.23494912E8, 2.23506752E8, 2.24514952E8, 2.2463384E8, 2.25300672E8, 2.26360008E8, 2.26420816E8, 2.27387728E8, 2.27964104E8, 2.28042192E8, 2.29216472E8, 2.29238136E8, 2.3014324E8, 2.30256112E8, 2.32028288E8, 2.32421248E8, 2.34186424E8, 2.34450552E8, 2.34805392E8, 2.35296432E8, 2.35794568E8, 2.3598184E8, 2.36126344E8, 2.36377728E8, 2.36860328E8, 2.3691336E8, 2.37554552E8, 2.3816828E8, 2.3825676E8, 2.38303232E8, 2.38388024E8, 2.38434376E8, 2.3860768E8, 2.38713856E8, 2.3928792E8, 2.4018704E8, 2.4103956E8, 2.41179528E8, 2.4196756E8, 2.42995488E8, 2.43492608E8, 2.44291608E8, 2.44619352E8, 2.45157032E8, 2.45440384E8, 2.45531952E8, 2.46149768E8, 2.46274664E8, 2.46586312E8, 2.46588064E8, 2.46730744E8, 2.48140744E8, 2.49155016E8, 2.50739088E8, 2.51310968E8, 2.52485384E8, 2.52877072E8, 2.53313072E8, 2.53499368E8, 2.5363516E8, 2.53646072E8, 2.55155784E8, 2.5650112E8, 2.57066056E8, 2.57354784E8, 2.58273936E8, 2.62457624E8, 2.63387192E8, 2.64892152E8, 2.67307136E8, 2.67695792E8, 2.69846768E8, 2.70127208E8, 2.7643488E8, 2.7965596E8 ]
    },
    "threads-daemon" : {
      "type" : "histogram",
      "count" : 200,
      "min" : 21.0,
      "max" : 60.0,
      "mean" : 59.145,
      "std_dev" : 4.118102578156731,
      "median" : 60.0,
      "p75" : 60.0,
      "p95" : 60.0,
      "p98" : 60.0,
      "p99" : 60.0,
      "p999" : 60.0,
      "values" : [ 21.0, 31.0, 33.0, 44.0, 50.0, 58.0, 58.0, 58.0, 58.0, 58.0, 58.0, 58.0, 58.0, 58.0, 58.0, 58.0, 58.0, 59.0, 59.0, 59.0, 59.0, 59.0, 59.0, 59.0, 59.0, 59.0, 59.0, 59.0, 59.0, 59.0, 59.0, 59.0, 59.0, 59.0, 59.0, 59.0, 59.0, 59.0, 59.0, 59.0, 59.0, 59.0, 59.0, 60.0, 60.0, 60.0, 60.0, 60.0, 60.0, 60.0, 60.0, 60.0, 60.0, 60.0, 60.0, 60.0, 60.0, 60.0, 60.0, 60.0, 60.0, 60.0, 60.0, 60.0, 60.0, 60.0, 60.0, 60.0, 60.0, 60.0, 60.0, 60.0, 60.0, 60.0, 60.0, 60.0, 60.0, 60.0, 60.0, 60.0, 60.0, 60.0, 60.0, 60.0, 60.0, 60.0, 60.0, 60.0, 60.0, 60.0, 60.0, 60.0, 60.0, 60.0, 60.0, 60.0, 60.0, 60.0, 60.0, 60.0, 60.0, 60.0, 60.0, 60.0, 60.0, 60.0, 60.0, 60.0, 60.0, 60.0, 60.0, 60.0, 60.0, 60.0, 60.0, 60.0, 60.0, 60.0, 60.0, 60.0, 60.0, 60.0, 60.0, 60.0, 60.0, 60.0, 60.0, 60.0, 60.0, 60.0, 60.0, 60.0, 60.0, 60.0, 60.0, 60.0, 60.0, 60.0, 60.0, 60.0, 60.0, 60.0, 60.0, 60.0, 60.0, 60.0, 60.0, 60.0, 60.0, 60.0, 60.0, 60.0, 60.0, 60.0, 60.0, 60.0, 60.0, 60.0, 60.0, 60.0, 60.0, 60.0, 60.0, 60.0, 60.0, 60.0, 60.0, 60.0, 60.0, 60.0, 60.0, 60.0, 60.0, 60.0, 60.0, 60.0, 60.0, 60.0, 60.0, 60.0, 60.0, 60.0, 60.0, 60.0, 60.0, 60.0, 60.0, 60.0, 60.0, 60.0, 60.0, 60.0, 60.0, 60.0, 60.0, 60.0, 60.0, 60.0, 60.0, 60.0 ]
    },
    "threads-deadlocked" : {
      "type" : "histogram",
      "count" : 200,
      "min" : 0.0,
      "max" : 0.0,
      "mean" : 0.0,
      "std_dev" : 0.0,
      "median" : 0.0,
      "p75" : 0.0,
      "p95" : 0.0,
      "p98" : 0.0,
      "p99" : 0.0,
      "p999" : 0.0,
      "values" : [ 0.0, 0.0, 0.0, 0.0, 0.0, 0.0, 0.0, 0.0, 0.0, 0.0, 0.0, 0.0, 0.0, 0.0, 0.0, 0.0, 0.0, 0.0, 0.0, 0.0, 0.0, 0.0, 0.0, 0.0, 0.0, 0.0, 0.0, 0.0, 0.0, 0.0, 0.0, 0.0, 0.0, 0.0, 0.0, 0.0, 0.0, 0.0, 0.0, 0.0, 0.0, 0.0, 0.0, 0.0, 0.0, 0.0, 0.0, 0.0, 0.0, 0.0, 0.0, 0.0, 0.0, 0.0, 0.0, 0.0, 0.0, 0.0, 0.0, 0.0, 0.0, 0.0, 0.0, 0.0, 0.0, 0.0, 0.0, 0.0, 0.0, 0.0, 0.0, 0.0, 0.0, 0.0, 0.0, 0.0, 0.0, 0.0, 0.0, 0.0, 0.0, 0.0, 0.0, 0.0, 0.0, 0.0, 0.0, 0.0, 0.0, 0.0, 0.0, 0.0, 0.0, 0.0, 0.0, 0.0, 0.0, 0.0, 0.0, 0.0, 0.0, 0.0, 0.0, 0.0, 0.0, 0.0, 0.0, 0.0, 0.0, 0.0, 0.0, 0.0, 0.0, 0.0, 0.0, 0.0, 0.0, 0.0, 0.0, 0.0, 0.0, 0.0, 0.0, 0.0, 0.0, 0.0, 0.0, 0.0, 0.0, 0.0, 0.0, 0.0, 0.0, 0.0, 0.0, 0.0, 0.0, 0.0, 0.0, 0.0, 0.0, 0.0, 0.0, 0.0, 0.0, 0.0, 0.0, 0.0, 0.0, 0.0, 0.0, 0.0, 0.0, 0.0, 0.0, 0.0, 0.0, 0.0, 0.0, 0.0, 0.0, 0.0, 0.0, 0.0, 0.0, 0.0, 0.0, 0.0, 0.0, 0.0, 0.0, 0.0, 0.0, 0.0, 0.0, 0.0, 0.0, 0.0, 0.0, 0.0, 0.0, 0.0, 0.0, 0.0, 0.0, 0.0, 0.0, 0.0, 0.0, 0.0, 0.0, 0.0, 0.0, 0.0, 0.0, 0.0, 0.0, 0.0, 0.0, 0.0 ]
    },
    "threads-total" : {
      "type" : "histogram",
      "count" : 200,
      "min" : 35.0,
      "max" : 105.0,
      "mean" : 76.775,
      "std_dev" : 5.705007498046233,
      "median" : 76.0,
      "p75" : 79.0,
      "p95" : 82.0,
      "p98" : 87.0,
      "p99" : 91.95000000000005,
      "p999" : 105.0,
      "values" : [ 35.0, 46.0, 48.0, 59.0, 65.0, 73.0, 73.0, 73.0, 73.0, 73.0, 73.0, 73.0, 73.0, 73.0, 73.0, 73.0, 73.0, 74.0, 74.0, 74.0, 74.0, 74.0, 74.0, 74.0, 74.0, 74.0, 74.0, 75.0, 75.0, 75.0, 76.0, 76.0, 76.0, 76.0, 76.0, 76.0, 76.0, 76.0, 76.0, 76.0, 76.0, 76.0, 76.0, 76.0, 76.0, 76.0, 76.0, 76.0, 76.0, 76.0, 76.0, 76.0, 76.0, 76.0, 76.0, 76.0, 76.0, 76.0, 76.0, 76.0, 76.0, 76.0, 76.0, 76.0, 76.0, 76.0, 76.0, 76.0, 76.0, 76.0, 76.0, 76.0, 76.0, 76.0, 76.0, 76.0, 76.0, 76.0, 76.0, 76.0, 76.0, 76.0, 76.0, 76.0, 76.0, 76.0, 76.0, 76.0, 76.0, 76.0, 76.0, 76.0, 76.0, 76.0, 76.0, 76.0, 76.0, 76.0, 76.0, 76.0, 76.0, 76.0, 76.0, 76.0, 76.0, 76.0, 76.0, 76.0, 76.0, 76.0, 76.0, 76.0, 76.0, 76.0, 76.0, 77.0, 77.0, 77.0, 77.0, 77.0, 77.0, 77.0, 77.0, 77.0, 77.0, 77.0, 77.0, 77.0, 77.0, 77.0, 77.0, 77.0, 77.0, 77.0, 78.0, 78.0, 78.0, 78.0, 78.0, 78.0, 78.0, 78.0, 78.0, 78.0, 78.0, 78.0, 78.0, 78.0, 78.0, 79.0, 79.0, 79.0, 79.0, 79.0, 79.0, 79.0, 79.0, 79.0, 79.0, 79.0, 79.0, 79.0, 79.0, 79.0, 79.0, 79.0, 79.0, 79.0, 80.0, 80.0, 80.0, 80.0, 81.0, 81.0, 81.0, 81.0, 81.0, 81.0, 81.0, 82.0, 82.0, 82.0, 82.0, 82.0, 82.0, 82.0, 82.0, 82.0, 82.0, 82.0, 82.0, 84.0, 84.0, 85.0, 85.0, 87.0, 87.0, 87.0, 92.0, 105.0 ]
    }
  },
  "javax.servlet.http.HttpServlet" : {
    "activeRequests" : {
      "type" : "counter",
      "count" : 1
    },
    "requests" : {
      "type" : "timer",
      "duration" : {
        "unit" : "milliseconds",
        "min" : 0.0,
        "max" : 18398.987092,
        "mean" : 64.69310885331231,
        "std_dev" : 660.9000561510946,
        "median" : 2.1098705000000004,
        "p75" : 4.1095655,
        "p95" : 44.66357509999991,
        "p98" : 281.1840276999994,
        "p99" : 1123.1732357800156,
        "p999" : 9621.093111098016,
        "values" : [ 0.0, 0.132419, 0.165105, 0.176419, 0.181518, 0.183892, 0.188083, 0.18962, 0.190527, 0.190876, 0.198699, 0.209315, 0.213016, 0.223423, 0.312749, 0.380356, 0.392647, 0.442584, 0.500552, 0.777613, 0.802965, 0.804711, 0.811416, 0.832647, 0.843263, 0.850527, 0.866451, 0.873645, 0.887403, 0.897531, 0.899625, 0.900114, 0.915759, 0.92861, 0.934756, 0.947258, 0.949492, 0.949841, 0.950191, 0.952495, 0.952635, 0.953334, 0.953473, 0.956686, 0.957245, 0.957384, 0.961016, 0.962692, 0.96381, 0.969048, 0.970933, 0.971213, 0.971562, 0.972191, 0.973098, 0.973518, 0.975892, 0.977708, 0.980152, 0.982108, 0.983575, 0.983854, 0.985111, 0.98553, 0.986229, 0.986299, 0.986509, 0.989232, 0.989301, 0.989721, 0.99035, 0.991606, 0.991746, 0.993981, 0.995657, 0.995797, 0.995866, 0.996007, 0.99908, 0.999988, 1.000896, 1.001244, 1.00313, 1.005226, 1.005226, 1.005924, 1.0076, 1.008997, 1.009346, 1.009696, 1.010324, 1.010533, 1.011092, 1.011232, 1.013606, 1.015282, 1.017308, 1.019264, 1.023175, 1.024012, 1.026178, 1.027505, 1.029321, 1.0296, 1.03428, 1.034838, 1.035676, 1.038191, 1.038959, 1.039727, 1.041543, 1.042032, 1.043289, 1.043918, 1.046851, 1.04727, 1.050064, 1.050832, 1.052088, 1.052927, 1.055442, 1.058794, 1.059981, 1.062355, 1.062705, 1.062914, 1.063822, 1.066826, 1.066895, 1.067664, 1.067734, 1.067873, 1.068082, 1.068711, 1.068851, 1.06892, 1.069969, 1.070387, 1.070946, 1.071156, 1.071575, 1.072832, 1.073041, 1.073251, 1.074508, 1.075276, 1.075626, 1.076045, 1.076254, 1.076393, 1.076394, 1.077092, 1.077092, 1.07786, 1.07814, 1.078349, 1.078838, 1.078978, 1.079537, 1.081492, 1.081771, 1.08247, 1.08254, 1.08268, 1.082819, 1.084286, 1.084845, 1.084984, 1.085333, 1.085403, 1.085543, 1.085683, 1.085823, 1.086032, 1.086661, 1.0868, 1.08708, 1.087219, 1.087778, 1.088896, 1.088965, 1.089664, 1.089803, 1.090013, 1.090153, 1.090781, 1.090991, 1.09127, 1.091759, 1.092597, 1.092876, 1.093085, 1.096927, 1.096997, 1.097696, 1.097905, 1.097974, 1.099022, 1.09993, 1.101606, 1.101746, 1.102025, 1.102095, 1.102375, 1.102584, 1.103003, 1.103772, 1.103911, 1.104959, 1.105378, 1.106006, 1.106006, 1.107264, 1.107683, 1.108451, 1.109638, 1.109848, 1.111524, 1.111594, 1.112083, 1.1132, 1.113899, 1.114178, 1.114248, 1.114457, 1.115016, 1.115086, 1.115784, 1.116762, 1.117181, 1.117251, 1.117391, 1.118438, 1.118508, 1.119277, 1.120743, 1.120743, 1.121721, 1.122769, 1.123187, 1.123397, 1.124025, 1.124305, 1.125282, 1.125422, 1.125492, 1.128495, 1.130172, 1.13066, 1.1308, 1.132476, 1.133664, 1.13548, 1.136877, 1.137505, 1.138134, 1.139251, 1.139321, 1.139879, 1.140229, 1.140299, 1.140299, 1.141136, 1.141555, 1.141696, 1.142114, 1.143302, 1.143442, 1.14386, 1.14414, 1.144419, 1.144559, 1.145258, 1.146095, 1.146444, 1.146515, 1.147492, 1.147631, 1.147632, 1.147981, 1.148191, 1.14847, 1.149238, 1.150077, 1.150636, 1.151055, 1.151892, 1.153009, 1.153289, 1.154058, 1.154546, 1.155454, 1.155873, 1.157689, 1.158247, 1.159784, 1.159924, 1.160552, 1.161669, 1.162508, 1.162647, 1.163066, 1.163276, 1.163277, 1.164953, 1.165861, 1.166699, 1.168026, 1.168654, 1.169702, 1.17054, 1.171797, 1.172006, 1.172007, 1.172146, 1.172425, 1.173682, 1.173752, 1.173822, 1.174311, 1.17494, 1.176057, 1.176616, 1.177454, 1.178642, 1.178921, 1.182203, 1.187022, 1.18807, 1.18842, 1.193168, 1.193378, 1.198685, 1.200711, 1.200991, 1.200991, 1.201969, 1.203854, 1.204832, 1.205111, 1.209092, 1.211327, 1.211816, 1.213283, 1.216426, 1.21866, 1.220686, 1.222153, 1.225155, 1.225575, 1.226901, 1.228997, 1.233816, 1.237588, 1.241219, 1.252394, 1.254978, 1.256654, 1.260984, 1.263988, 1.264756, 1.265384, 1.27181, 1.278444, 1.282495, 1.282565, 1.284101, 1.285918, 1.288013, 1.289759, 1.297371, 1.300026, 1.307429, 1.312877, 1.323143, 1.323772, 1.325168, 1.329359, 1.337949, 1.338508, 1.340044, 1.340953, 1.34214, 1.352267, 1.355759, 1.357016, 1.362813, 1.367213, 1.368261, 1.369239, 1.369448, 1.369936, 1.371333, 1.373359, 1.373429, 1.374546, 1.374895, 1.378527, 1.379086, 1.382578, 1.382717, 1.383555, 1.385301, 1.389981, 1.391936, 1.393543, 1.398153, 1.409048, 1.414216, 1.418546, 1.419664, 1.422108, 1.424902, 1.43035, 1.431397, 1.433911, 1.441315, 1.450115, 1.457867, 1.458984, 1.467784, 1.475327, 1.479727, 1.483289, 1.496, 1.497467, 1.498933, 1.508502, 1.510806, 1.526102, 1.533086, 1.53581, 1.540559, 1.564166, 1.568146, 1.583651, 1.59273, 1.620247, 1.646298, 1.649162, 1.651187, 1.666274, 1.680521, 1.688413, 1.706293, 1.711042, 1.712788, 1.736464, 1.737511, 1.739886, 1.759023, 1.77313, 1.781861, 1.845485, 1.852889, 1.868464, 1.871327, 1.873423, 1.886902, 1.890115, 1.89214, 1.898425, 1.899613, 1.899892, 1.907715, 1.910228, 1.911137, 1.914, 1.914419, 1.91861, 1.919797, 1.927899, 1.929016, 1.933905, 1.935861, 1.942984, 1.9448, 1.945149, 1.94948, 1.952692, 1.969035, 1.977067, 1.980768, 1.983981, 2.003397, 2.006121, 2.009403, 2.009962, 2.01101, 2.019042, 2.022883, 2.023023, 2.048375, 2.062902, 2.064159, 2.064578, 2.066813, 2.067441, 2.067442, 2.068629, 2.079524, 2.080642, 2.088394, 2.091118, 2.091607, 2.094819, 2.096844, 2.097823, 2.099499, 2.099638, 2.100896, 2.1032, 2.104178, 2.10788, 2.111861, 2.112629, 2.112699, 2.113746, 2.113746, 2.121499, 2.121568, 2.126946, 2.128413, 2.128413, 2.130089, 2.132254, 2.133442, 2.135816, 2.137073, 2.138121, 2.138191, 2.138401, 2.13847, 2.140077, 2.141474, 2.146641, 2.147201, 2.152369, 2.158236, 2.166127, 2.169271, 2.171365, 2.172273, 2.17374, 2.174159, 2.174229, 2.174299, 2.174369, 2.174997, 2.179816, 2.180654, 2.184915, 2.188616, 2.190711, 2.194413, 2.195041, 2.196508, 2.199372, 2.201118, 2.203003, 2.205168, 2.213061, 2.21327, 2.213899, 2.214108, 2.214248, 2.215156, 2.221442, 2.224096, 2.227517, 2.227937, 2.228984, 2.229822, 2.230731, 2.234292, 2.238203, 2.240089, 2.240299, 2.240927, 2.244209, 2.251613, 2.251613, 2.252381, 2.262857, 2.263207, 2.263416, 2.272706, 2.272706, 2.273194, 2.274032, 2.27494, 2.282482, 2.285346, 2.287651, 2.288698, 2.291911, 2.293797, 2.295054, 2.299175, 2.303506, 2.310838, 2.312724, 2.313702, 2.31426, 2.315448, 2.316705, 2.319988, 2.322292, 2.32355, 2.323968, 2.335004, 2.336121, 2.338914, 2.340591, 2.34967, 2.350508, 2.353652, 2.359936, 2.361334, 2.361822, 2.362032, 2.36294, 2.364057, 2.364547, 2.365524, 2.374394, 2.375162, 2.381517, 2.382985, 2.383403, 2.386825, 2.395347, 2.396254, 2.405124, 2.412527, 2.426566, 2.429359, 2.430128, 2.430546, 2.442908, 2.453873, 2.460089, 2.467912, 2.479156, 2.484533, 2.511353, 2.5168, 2.516801, 2.522388, 2.537263, 2.53852, 2.574629, 2.587201, 2.611295, 2.614857, 2.66186, 2.686375, 2.784362, 2.822985, 2.826756, 2.946603, 2.950584, 2.95694, 3.017772, 3.028458, 3.040051, 3.065194, 3.067289, 3.122953, 3.130147, 3.143696, 3.144744, 3.169187, 3.174915, 3.178406, 3.196077, 3.196705, 3.19873, 3.215562, 3.239588, 3.252648, 3.259004, 3.273042, 3.290991, 3.304959, 3.305588, 3.339042, 3.34002, 3.341416, 3.361252, 3.366978, 3.372077, 3.399734, 3.400572, 3.407207, 3.426553, 3.427321, 3.445549, 3.448064, 3.449391, 3.483125, 3.484242, 3.487314, 3.490947, 3.498629, 3.525448, 3.538508, 3.541162, 3.541861, 3.55988, 3.620014, 3.630419, 3.658356, 3.68762, 3.69153, 3.695791, 3.700121, 3.700191, 3.703054, 3.725334, 3.727499, 3.738045, 3.761511, 3.773036, 3.786375, 3.789099, 3.792521, 3.793918, 3.794546, 3.835334, 3.84567, 3.847906, 3.848953, 3.852445, 3.856356, 3.858311, 3.859219, 3.866134, 3.867112, 3.878845, 3.88534, 3.892115, 3.904198, 3.917048, 3.932203, 3.954832, 3.957416, 3.985563, 3.987099, 3.992756, 3.99576, 4.002324, 4.004978, 4.007842, 4.008889, 4.020483, 4.02174, 4.022997, 4.027607, 4.029004, 4.033963, 4.041087, 4.04374, 4.050934, 4.058826, 4.068674, 4.076077, 4.076985, 4.086204, 4.090953, 4.099613, 4.112883, 4.143403, 4.14927, 4.157721, 4.171201, 4.175671, 4.186705, 4.189219, 4.222395, 4.225188, 4.263111, 4.318426, 4.351251, 4.359422, 4.366756, 4.38247, 4.38261, 4.397486, 4.415785, 4.424444, 4.474451, 4.515518, 4.519848, 4.58082, 4.626845, 4.655969, 4.658343, 4.798306, 4.808223, 4.830572, 4.882464, 4.890007, 4.903346, 4.904813, 4.908445, 4.923531, 4.95929, 4.982966, 4.990369, 5.016839, 5.039258, 5.048198, 5.130261, 5.184038, 5.201499, 5.207226, 5.211277, 5.23188, 5.234674, 5.24075, 5.243124, 5.280141, 5.285867, 5.290058, 5.296832, 5.301022, 5.327632, 5.374426, 5.390769, 5.392236, 5.400337, 5.406274, 5.466267, 5.480654, 5.489734, 5.509779, 5.511874, 5.524166, 5.547144, 5.551963, 5.586884, 5.613912, 5.708896, 5.758972, 5.816312, 5.880495, 5.897677, 5.910528, 5.922261, 5.923309, 6.095886, 6.22202, 6.31903, 6.337188, 6.425956, 6.436642, 6.475543, 6.477709, 6.498172, 6.507181, 6.570877, 6.605169, 6.828661, 6.905417, 6.921969, 7.096922, 7.176051, 7.180382, 7.254762, 7.336966, 7.399614, 7.40576, 7.477347, 7.495715, 7.598592, 7.702794, 7.768864, 7.844433, 7.846178, 7.906661, 7.945284, 7.956737, 8.129246, 8.268299, 8.511626, 8.564706, 8.583423, 8.699849, 8.791829, 8.847424, 8.929277, 9.049195, 9.340991, 9.42529, 9.43395, 9.448967, 9.492547, 9.510916, 9.581944, 9.608693, 9.634116, 9.89197, 9.892528, 9.921024, 10.351316, 10.357322, 10.432751, 10.45056, 10.532415, 10.532693, 10.576344, 10.601557, 10.647653, 10.850681, 10.931766, 11.010966, 11.097779, 11.218116, 11.343621, 11.362896, 11.542668, 11.542668, 11.606643, 11.743252, 11.978896, 12.057818, 12.087779, 12.423297, 12.45724, 12.459754, 12.572129, 12.822649, 12.897658, 13.230173, 13.237716, 13.315659, 13.795538, 13.928516, 14.006878, 14.043754, 14.214097, 14.333316, 14.351126, 14.414821, 14.701729, 14.733157, 14.788542, 15.053799, 15.293215, 15.304459, 15.320453, 15.969906, 16.186764, 16.193679, 17.520383, 17.527088, 19.28206, 19.620441, 19.632942, 19.844771, 19.900295, 19.980472, 20.507565, 20.897628, 21.547012, 22.428898, 22.675718, 23.302962, 26.741108, 26.795165, 27.982187, 29.240518, 30.180651, 30.53335, 31.174283, 43.574882, 45.554324, 54.068324, 59.411671, 63.858815, 69.016802, 70.314873, 72.892155, 74.919019, 76.926257, 78.104759, 82.969064, 84.961497, 88.2425, 92.845529, 94.267218, 96.409251, 97.884927, 98.12951, 109.086839, 111.609437, 143.406984, 175.745731, 179.815242, 181.030131, 205.801715, 220.396727, 220.772822, 250.884051, 256.281036, 264.232954, 274.940251, 289.806386, 303.976902, 308.322985, 309.191391, 311.144713, 312.51863, 320.86173, 428.347318, 542.172609, 821.502104, 1246.391022, 1476.891197, 1525.998137, 1577.392658, 1692.486615, 1700.360521, 1763.516522, 1783.298715, 4909.388205, 9761.813443 ]
      },
      "rate" : {
        "unit" : "seconds",
        "count" : 1268,
        "mean" : 0.4211692726979116,
        "m1" : 0.4239240666417464,
        "m5" : 0.2973240651107213,
        "m15" : 0.31653501259356726
      }
    },
    "responseCodes.badRequest" : {
      "type" : "meter",
      "event_type" : "responses",
      "unit" : "seconds",
      "count" : 0,
      "mean" : 0.0,
      "m1" : 0.0,
      "m5" : 0.0,
      "m15" : 0.0
    },
    "responseCodes.created" : {
      "type" : "meter",
      "event_type" : "responses",
      "unit" : "seconds",
      "count" : 0,
      "mean" : 0.0,
      "m1" : 0.0,
      "m5" : 0.0,
      "m15" : 0.0
    },
    "responseCodes.noContent" : {
      "type" : "meter",
      "event_type" : "responses",
      "unit" : "seconds",
      "count" : 0,
      "mean" : 0.0,
      "m1" : 0.0,
      "m5" : 0.0,
      "m15" : 0.0
    },
    "responseCodes.notFound" : {
      "type" : "meter",
      "event_type" : "responses",
      "unit" : "seconds",
      "count" : 1,
      "mean" : 3.321507002847292E-4,
      "m1" : 2.4671274573529535E-15,
      "m5" : 9.05580803802874E-6,
      "m15" : 1.5503837023753678E-4
    },
    "responseCodes.ok" : {
      "type" : "meter",
      "event_type" : "responses",
      "unit" : "seconds",
      "count" : 7,
      "mean" : 0.002325054701458903,
      "m1" : 0.03658881718636017,
      "m5" : 0.01850027610425718,
      "m15" : 0.007198659129215125
    },
    "responseCodes.other" : {
      "type" : "meter",
      "event_type" : "responses",
      "unit" : "seconds",
      "count" : 1260,
      "mean" : 0.4185098528447859,
      "m1" : 0.38733524991774815,
      "m5" : 0.2788186052549563,
      "m15" : 0.3091868372033685
    },
    "responseCodes.serverError" : {
      "type" : "meter",
      "event_type" : "responses",
      "unit" : "seconds",
      "count" : 0,
      "mean" : 0.0,
      "m1" : 0.0,
      "m5" : 0.0,
      "m15" : 0.0
    }
  },
  "jenkins.model.Jenkins" : {
    "builds" : {
      "type" : "timer",
      "duration" : {
        "unit" : "seconds",
        "min" : 4.650679626,
        "max" : 241.272187038,
        "mean" : 91.56537729175,
        "std_dev" : 96.23705687720566,
        "median" : 44.57579695849999,
        "p75" : 190.04614648950002,
        "p95" : 241.272187038,
        "p98" : 241.272187038,
        "p99" : 241.272187038,
        "p999" : 241.272187038,
        "values" : [ 4.650679626, 4.862124516, 5.523749806, 7.147044597, 8.323559977, 16.563221373, 72.588372544, 146.397824025, 184.750029822, 191.811518712, 214.894215465, 241.272187038 ]
      },
      "rate" : {
        "unit" : "seconds",
        "count" : 12,
        "mean" : 0.003985836682042435,
        "m1" : 1.8732769345609117E-5,
        "m5" : 0.0012728377047986836,
        "m15" : 0.0026622323149317795
      }
    }
  }
}