<com.dabsquared.gitlabjenkins.connection.GitLabConnectionConfig plugin="gitlab-plugin@1.4.7">
  <useAuthenticatedEndpoint>false</useAuthenticatedEndpoint>
  <connections>
    <com.dabsquared.gitlabjenkins.connection.GitLabConnection>
      <name>https://gitlab.cradlepoint.com/</name>
      <url>https://gitlab.cradlepoint.com/</url>
      <apiTokenId>Jenkins</apiTokenId>
      <ignoreCertificateErrors>false</ignoreCertificateErrors>
      <connectionTimeout>10</connectionTimeout>
      <readTimeout>10</readTimeout>
    </com.dabsquared.gitlabjenkins.connection.GitLabConnection>
  </connections>
</com.dabsquared.gitlabjenkins.connection.GitLabConnectionConfig>