<hudson.plugins.project__inheritance.projects.creation.ProjectCreationEngine plugin="project-inheritance@1.5.3">
  <creationClasses/>
  <matings/>
  <enableCreation>false</enableCreation>
  <triggerOnChange>true</triggerOnChange>
  <triggerOnStartup>true</triggerOnStartup>
  <copyOnRename>true</copyOnRename>
  <enableApplyButton>true</enableApplyButton>
  <magicNodeLabelForTesting/>
  <unescapeEqualsCharInParams>false</unescapeEqualsCharInParams>
  <renameRestriction>ALLOW_ALL</renameRestriction>
  <triggerInheritance>INHERIT</triggerInheritance>
</hudson.plugins.project__inheritance.projects.creation.ProjectCreationEngine>