<com.sonyericsson.hudson.plugins.gerrit.trigger.PluginImpl plugin="gerrit-trigger@2.13.0">
  <servers class="java.util.concurrent.CopyOnWriteArrayList">
    <com.sonyericsson.hudson.plugins.gerrit.trigger.GerritServer>
      <name>gerrit</name>
      <noConnectionOnStartup>false</noConnectionOnStartup>
      <config class="com.sonyericsson.hudson.plugins.gerrit.trigger.config.Config">
        <gerritHostName>gerrit.cradlepoint.com</gerritHostName>
        <gerritSshPort>29418</gerritSshPort>
        <gerritProxy/>
        <gerritUserName>jenkins</gerritUserName>
        <gerritEMail/>
        <gerritAuthKeyFile>/home/jenkins/.ssh/id_rsa</gerritAuthKeyFile>
        <gerritAuthKeyFilePassword>#secret#</gerritAuthKeyFilePassword>
        <useRestApi>false</useRestApi>
        <gerritHttpUserName>bparker</gerritHttpUserName>
        <gerritHttpPassword>#secret#</gerritHttpPassword>
        <restCodeReview>true</restCodeReview>
        <restVerified>false</restVerified>
        <gerritBuildCurrentPatchesOnly>true</gerritBuildCurrentPatchesOnly>
        <gerritVerifiedCmdBuildSuccessful>gerrit review &lt;CHANGE&gt;,&lt;PATCHSET&gt; --message 'Build Successful &lt;BUILDS_STATS&gt;' --verified &lt;VERIFIED&gt; --code-review &lt;CODE_REVIEW&gt;</gerritVerifiedCmdBuildSuccessful>
        <gerritVerifiedCmdBuildUnstable>gerrit review &lt;CHANGE&gt;,&lt;PATCHSET&gt; --message 'Build Unstable &lt;BUILDS_STATS&gt;' --verified &lt;VERIFIED&gt; --code-review &lt;CODE_REVIEW&gt;</gerritVerifiedCmdBuildUnstable>
        <gerritVerifiedCmdBuildFailed>gerrit review &lt;CHANGE&gt;,&lt;PATCHSET&gt; --message 'Build Failed &lt;BUILDS_STATS&gt;' --verified &lt;VERIFIED&gt; --code-review &lt;CODE_REVIEW&gt;</gerritVerifiedCmdBuildFailed>
        <gerritVerifiedCmdBuildStarted>gerrit review &lt;CHANGE&gt;,&lt;PATCHSET&gt; --message 'Build Started &lt;BUILDURL&gt; &lt;STARTED_STATS&gt;' --verified &lt;VERIFIED&gt; --code-review &lt;CODE_REVIEW&gt;</gerritVerifiedCmdBuildStarted>
        <gerritVerifiedCmdBuildNotBuilt>gerrit review &lt;CHANGE&gt;,&lt;PATCHSET&gt; --message 'No Builds Executed &lt;BUILDS_STATS&gt;' --verified &lt;VERIFIED&gt; --code-review &lt;CODE_REVIEW&gt;</gerritVerifiedCmdBuildNotBuilt>
        <gerritFrontEndUrl>https://gerrit.cradlepoint.com/</gerritFrontEndUrl>
        <gerritBuildStartedVerifiedValue>0</gerritBuildStartedVerifiedValue>
        <gerritBuildStartedCodeReviewValue>0</gerritBuildStartedCodeReviewValue>
        <gerritBuildSuccessfulVerifiedValue>1</gerritBuildSuccessfulVerifiedValue>
        <gerritBuildSuccessfulCodeReviewValue>0</gerritBuildSuccessfulCodeReviewValue>
        <gerritBuildFailedVerifiedValue>-1</gerritBuildFailedVerifiedValue>
        <gerritBuildFailedCodeReviewValue>0</gerritBuildFailedCodeReviewValue>
        <gerritBuildUnstableVerifiedValue>-1</gerritBuildUnstableVerifiedValue>
        <gerritBuildUnstableCodeReviewValue>0</gerritBuildUnstableCodeReviewValue>
        <gerritBuildNotBuiltVerifiedValue>0</gerritBuildNotBuiltVerifiedValue>
        <gerritBuildNotBuiltCodeReviewValue>0</gerritBuildNotBuiltCodeReviewValue>
        <enableManualTrigger>true</enableManualTrigger>
        <enablePluginMessages>true</enablePluginMessages>
        <buildScheduleDelay>3</buildScheduleDelay>
        <dynamicConfigRefreshInterval>30</dynamicConfigRefreshInterval>
        <categories class="linked-list">
          <com.sonyericsson.hudson.plugins.gerrit.trigger.VerdictCategory>
            <verdictValue>CRVW</verdictValue>
            <verdictDescription>Code Review</verdictDescription>
          </com.sonyericsson.hudson.plugins.gerrit.trigger.VerdictCategory>
          <com.sonyericsson.hudson.plugins.gerrit.trigger.VerdictCategory>
            <verdictValue>VRIF</verdictValue>
            <verdictDescription>Verified</verdictDescription>
          </com.sonyericsson.hudson.plugins.gerrit.trigger.VerdictCategory>
        </categories>
        <replicationConfig>
          <enableReplication>false</enableReplication>
          <slaves class="linked-list"/>
          <enableSlaveSelectionInJobs>false</enableSlaveSelectionInJobs>
        </replicationConfig>
        <watchdogTimeoutMinutes>0</watchdogTimeoutMinutes>
        <watchTimeExceptionData>
          <daysOfWeek/>
          <timesOfDay class="linked-list"/>
        </watchTimeExceptionData>
        <notificationLevel>ALL</notificationLevel>
      </config>
    </com.sonyericsson.hudson.plugins.gerrit.trigger.GerritServer>
  </servers>
  <pluginConfig>
    <numberOfReceivingWorkerThreads>3</numberOfReceivingWorkerThreads>
    <numberOfSendingWorkerThreads>1</numberOfSendingWorkerThreads>
    <replicationCacheExpirationInMinutes>360</replicationCacheExpirationInMinutes>
  </pluginConfig>
</com.sonyericsson.hudson.plugins.gerrit.trigger.PluginImpl>