<hudson.plugins.mercurial.MercurialInstallation_-DescriptorImpl plugin="mercurial@1.54">
  <installations>
    <hudson.plugins.mercurial.MercurialInstallation>
      <name>Mercurial</name>
      <home>/usr</home>
      <properties/>
      <executable>INSTALLATION/bin/hg</executable>
      <debug>false</debug>
      <useCaches>false</useCaches>
      <useSharing>false</useSharing>
    </hudson.plugins.mercurial.MercurialInstallation>
  </installations>
</hudson.plugins.mercurial.MercurialInstallation_-DescriptorImpl>