<hudson.plugins.jabber.im.transport.JabberPublisherDescriptor plugin="jabber@1.35">
  <enabled>false</enabled>
  <port>5222</port>
  <hudsonNickname/>
  <hudsonPassword/>
  <exposePresence>true</exposePresence>
  <acceptAllCerts>false</acceptAllCerts>
  <scrambledPasswords>true</scrambledPasswords>
  <defaultTargets/>
  <commandPrefix>!</commandPrefix>
  <defaultIdSuffix/>
  <subscriptionMode>accept_all</subscriptionMode>
  <emailAddressAsJabberId>false</emailAddressAsJabberId>
  <proxyType>NONE</proxyType>
  <proxyPort>3128</proxyPort>
</hudson.plugins.jabber.im.transport.JabberPublisherDescriptor>