<javaposse.jobdsl.plugin.DescriptorImpl plugin="job-dsl@1.64">
  <templateJobMap class="com.google.common.collect.HashMultimap" serialization="custom">
    <com.google.common.collect.HashMultimap>
      <default/>
      <int>8</int>
      <int>0</int>
    </com.google.common.collect.HashMultimap>
  </templateJobMap>
  <generatedJobMap class="concurrent-hash-map">
    <entry>
      <string>Stream/streamserver-control-QA3</string>
      <javaposse.jobdsl.plugin.SeedReference>
        <seedJobName>Stream/streamserver-control-seed</seedJobName>
        <digest>e58985a4a4fb14a055fedc7fe78b9b1a</digest>
      </javaposse.jobdsl.plugin.SeedReference>
    </entry>
    <entry>
      <string>Stream/streamserver-control-QA4</string>
      <javaposse.jobdsl.plugin.SeedReference>
        <seedJobName>Stream/streamserver-control-seed</seedJobName>
        <digest>3331ecd2222c6c24ce829541a1a351ac</digest>
      </javaposse.jobdsl.plugin.SeedReference>
    </entry>
    <entry>
      <string>ecm/ncm-core-chart-IQ</string>
      <javaposse.jobdsl.plugin.SeedReference>
        <seedJobName>microservices/job-dsl-builder</seedJobName>
        <digest>c255c0d1040f50441799e19f8c83a202</digest>
      </javaposse.jobdsl.plugin.SeedReference>
    </entry>
    <entry>
      <string>Stream/streamserver-control-QA1</string>
      <javaposse.jobdsl.plugin.SeedReference>
        <seedJobName>Stream/streamserver-control-seed</seedJobName>
        <digest>768378e3100358430f124e1392cb2a5e</digest>
      </javaposse.jobdsl.plugin.SeedReference>
    </entry>
    <entry>
      <string>LogService/log_service-deploy-QA2</string>
      <javaposse.jobdsl.plugin.SeedReference>
        <seedJobName>log_service-deploy-seed</seedJobName>
        <digest>73fd4f31089a26429caf99346820ce9b</digest>
      </javaposse.jobdsl.plugin.SeedReference>
    </entry>
    <entry>
      <string>Stream/streamserver-control-QA2</string>
      <javaposse.jobdsl.plugin.SeedReference>
        <seedJobName>Stream/streamserver-control-seed</seedJobName>
        <digest>132dc54ecc1e42df3149a1bac853871b</digest>
      </javaposse.jobdsl.plugin.SeedReference>
    </entry>
    <entry>
      <string>LogService/log_service-deploy-QA1</string>
      <javaposse.jobdsl.plugin.SeedReference>
        <seedJobName>log_service-deploy-seed</seedJobName>
        <digest>08b80c8b9ad7884638ed98ba4e7d32d7</digest>
      </javaposse.jobdsl.plugin.SeedReference>
    </entry>
    <entry>
      <string>microservices/job-dsl-builder</string>
      <javaposse.jobdsl.plugin.SeedReference>
        <seedJobName>job-dsl-seed</seedJobName>
        <digest>05fe39a498bbc6a102b9788e1fc8a210</digest>
      </javaposse.jobdsl.plugin.SeedReference>
    </entry>
    <entry>
      <string>LogService/log_service-deploy-QA4</string>
      <javaposse.jobdsl.plugin.SeedReference>
        <seedJobName>log_service-deploy-seed</seedJobName>
        <digest>8db4e18f0bf0f3617302db62214435ba</digest>
      </javaposse.jobdsl.plugin.SeedReference>
    </entry>
    <entry>
      <string>ecm</string>
      <javaposse.jobdsl.plugin.SeedReference>
        <seedJobName>microservices/job-dsl-builder</seedJobName>
        <digest>62a70614bc9008c9ac0d32977eaedce1</digest>
      </javaposse.jobdsl.plugin.SeedReference>
    </entry>
    <entry>
      <string>LogService/log_service-deploy-QA3</string>
      <javaposse.jobdsl.plugin.SeedReference>
        <seedJobName>log_service-deploy-seed</seedJobName>
        <digest>72db4cc19aaa047844e7d6d1703314c5</digest>
      </javaposse.jobdsl.plugin.SeedReference>
    </entry>
    <entry>
      <string>microservices/project-builder</string>
      <javaposse.jobdsl.plugin.SeedReference>
        <seedJobName>job-dsl-seed</seedJobName>
        <digest>05140fcb183c7ab7081470f4495dcac8</digest>
      </javaposse.jobdsl.plugin.SeedReference>
    </entry>
    <entry>
      <string>Stream/streamserver-control-stage</string>
      <javaposse.jobdsl.plugin.SeedReference>
        <seedJobName>Stream/streamserver-control-seed</seedJobName>
        <digest>d5c613ddb6402fdf1fbb2ba01377ad4a</digest>
      </javaposse.jobdsl.plugin.SeedReference>
    </entry>
    <entry>
      <string>LogService/log_service-deploy-nightly</string>
      <javaposse.jobdsl.plugin.SeedReference>
        <seedJobName>log_service-deploy-seed</seedJobName>
        <digest>55249c1906a3cc5cc2645b19d5259296</digest>
      </javaposse.jobdsl.plugin.SeedReference>
    </entry>
    <entry>
      <string>ecm/ncm-core-chart-gerrit</string>
      <javaposse.jobdsl.plugin.SeedReference>
        <seedJobName>microservices/job-dsl-builder</seedJobName>
        <digest>665bab5738caaa20e03a31773101eadb</digest>
      </javaposse.jobdsl.plugin.SeedReference>
    </entry>
    <entry>
      <string>Stream/streamserver-control-nightly</string>
      <javaposse.jobdsl.plugin.SeedReference>
        <seedJobName>Stream/streamserver-control-seed</seedJobName>
        <digest>53a5919d53e5cb5ecf5ee6dd271e629c</digest>
      </javaposse.jobdsl.plugin.SeedReference>
    </entry>
    <entry>
      <string>Stream/streamserver-deploy-production</string>
      <javaposse.jobdsl.plugin.SeedReference>
        <seedJobName>Stream/streamserver-deploy-seed</seedJobName>
        <digest>d0db3957814cb49737bbcca30b2393b9</digest>
      </javaposse.jobdsl.plugin.SeedReference>
    </entry>
    <entry>
      <string>Stream/streamserver-deploy-QA4</string>
      <javaposse.jobdsl.plugin.SeedReference>
        <seedJobName>Stream/streamserver-deploy-seed</seedJobName>
        <digest>0505226962c07f3a598006f0f17eae0f</digest>
      </javaposse.jobdsl.plugin.SeedReference>
    </entry>
    <entry>
      <string>Stream/streamserver-deploy-QA3</string>
      <javaposse.jobdsl.plugin.SeedReference>
        <seedJobName>Stream/streamserver-deploy-seed</seedJobName>
        <digest>353420c284f331ac88e63b3630cfe108</digest>
      </javaposse.jobdsl.plugin.SeedReference>
    </entry>
    <entry>
      <string>Stream/streamserver-control-production</string>
      <javaposse.jobdsl.plugin.SeedReference>
        <seedJobName>Stream/streamserver-control-seed</seedJobName>
        <digest>ef7b41b75f86087f217aed7953c0fd5f</digest>
      </javaposse.jobdsl.plugin.SeedReference>
    </entry>
    <entry>
      <string>Stream/streamserver-deploy-QA2</string>
      <javaposse.jobdsl.plugin.SeedReference>
        <seedJobName>Stream/streamserver-deploy-seed</seedJobName>
        <digest>170433141ae43314ac0bc46cc9bfb188</digest>
      </javaposse.jobdsl.plugin.SeedReference>
    </entry>
    <entry>
      <string>Stream/streamserver-deploy-QA1</string>
      <javaposse.jobdsl.plugin.SeedReference>
        <seedJobName>Stream/streamserver-deploy-seed</seedJobName>
        <digest>78930750f49f03faccbcc346a738c97d</digest>
      </javaposse.jobdsl.plugin.SeedReference>
    </entry>
    <entry>
      <string>AOOBM/foobar-IQ</string>
      <javaposse.jobdsl.plugin.SeedReference>
        <seedJobName>AOOBM/microservice-CI-job-bootstrap</seedJobName>
        <digest>a9b752f946d43954becf76fb17cfe8c3</digest>
      </javaposse.jobdsl.plugin.SeedReference>
    </entry>
    <entry>
      <string>LogService/log_service-deploy-production</string>
      <javaposse.jobdsl.plugin.SeedReference>
        <seedJobName>log_service-deploy-seed</seedJobName>
        <digest>7cfeadd7b2428ed70900482cbe3b58ba</digest>
      </javaposse.jobdsl.plugin.SeedReference>
    </entry>
    <entry>
      <string>Stream/streamserver-deploy-stage</string>
      <javaposse.jobdsl.plugin.SeedReference>
        <seedJobName>Stream/streamserver-deploy-seed</seedJobName>
        <digest>e30521a7a24aa3c5ab93a99009f3668d</digest>
      </javaposse.jobdsl.plugin.SeedReference>
    </entry>
    <entry>
      <string>LogService/log_service-deploy-stage</string>
      <javaposse.jobdsl.plugin.SeedReference>
        <seedJobName>log_service-deploy-seed</seedJobName>
        <digest>5a10dfbd2b765f21fe89f6cae3bdbd3e</digest>
      </javaposse.jobdsl.plugin.SeedReference>
    </entry>
    <entry>
      <string>AOOBM/microservice-CI-job-bootstrap</string>
      <javaposse.jobdsl.plugin.SeedReference>
        <seedJobName>AOOBM/job-dsl-bootstrap</seedJobName>
        <digest>a8c3a3abedf933dd46385c8e7b8ed130</digest>
      </javaposse.jobdsl.plugin.SeedReference>
    </entry>
    <entry>
      <string>Stream/streamserver-deploy-nightly</string>
      <javaposse.jobdsl.plugin.SeedReference>
        <seedJobName>Stream/streamserver-deploy-seed</seedJobName>
        <digest>79406b47656bd75466ad329d89940f8f</digest>
      </javaposse.jobdsl.plugin.SeedReference>
    </entry>
  </generatedJobMap>
</javaposse.jobdsl.plugin.DescriptorImpl>