<org.jenkinsci.plugins.workflow.libs.GlobalLibraries plugin="workflow-cps-global-lib@2.6">
  <libraries>
    <org.jenkinsci.plugins.workflow.libs.LibraryConfiguration>
      <name>cradlepoint-microservices</name>
      <retriever class="org.jenkinsci.plugins.workflow.libs.SCMSourceRetriever">
        <scm class="jenkins.plugins.git.GitSCMSource" plugin="git@3.0.5">
          <id>f6016541-324d-45bb-bfb0-016b25a30676</id>
          <remote>git@gitlab.cradlepoint.com:microservices/jenkins-pipeline-libraries.git</remote>
          <credentialsId>92110ecd-0b22-4a9b-b9ea-f9fec593a58b</credentialsId>
          <includes>*</includes>
          <excludes/>
          <ignoreOnPushNotifications>false</ignoreOnPushNotifications>
        </scm>
      </retriever>
      <defaultVersion>master</defaultVersion>
      <implicit>false</implicit>
      <allowVersionOverride>true</allowVersionOverride>
    </org.jenkinsci.plugins.workflow.libs.LibraryConfiguration>
  </libraries>
</org.jenkinsci.plugins.workflow.libs.GlobalLibraries>