<list>
  <flow-owner plugin="workflow-job@2.14.1">
    <job>journey_tests/execution-pipeline</job>
    <id>895</id>
  </flow-owner>
  <flow-owner plugin="workflow-job@2.14.1">
    <job>Coconut/test-pipeline</job>
    <id>352</id>
  </flow-owner>
  <flow-owner plugin="workflow-job@2.14.1">
    <job>microservices/project-builder</job>
    <id>82</id>
  </flow-owner>
  <flow-owner plugin="workflow-job@2.14.1">
    <job>nydus/parasite-gerrit</job>
    <id>104</id>
  </flow-owner>
  <flow-owner plugin="workflow-job@2.14.1">
    <job>nydus/parasite-gerrit</job>
    <id>105</id>
  </flow-owner>
  <flow-owner plugin="workflow-job@2.14.1">
    <job>nydus/parasite-gerrit</job>
    <id>106</id>
  </flow-owner>
</list>