<org.jenkinsci.plugins.gitlab.GitlabBuildTrigger_-GitlabBuildTriggerDescriptor plugin="gitlab-merge-request-jenkins@2.0.0">
  <botUsername>jenkins</botUsername>
  <gitlabHostUrl/>
  <assigneeFilter>jenkins</assigneeFilter>
  <tagFilter>Build</tagFilter>
  <botApiTokenSecret>#secret#</botApiTokenSecret>
  <cron>H/5 * * * *</cron>
  <enableBuildTriggeredMessage>true</enableBuildTriggeredMessage>
  <successMessage>Build finished.  Tests PASSED.</successMessage>
  <unstableMessage>Build finished.  Tests FAILED.</unstableMessage>
  <failureMessage>Build finished.  Tests FAILED.</failureMessage>
  <ignoreCertificateErrors>false</ignoreCertificateErrors>
  <jobs>
    <entry>
      <string>cp_search-MR</string>
      <map/>
    </entry>
    <entry>
      <string>rsyslog-cp-MR</string>
      <map/>
    </entry>
    <entry>
      <string>taxman-MR</string>
      <map/>
    </entry>
    <entry>
      <string>chef-client-cp-MR</string>
      <map/>
    </entry>
    <entry>
      <string>cassandra-cp-MR</string>
      <map/>
    </entry>
    <entry>
      <string>users-cp-MR</string>
      <map/>
    </entry>
    <entry>
      <string>apollo-MR</string>
      <map/>
    </entry>
    <entry>
      <string>chef-email-handler-MR</string>
      <map/>
    </entry>
    <entry>
      <string>logworker-cp-MR</string>
      <map/>
    </entry>
    <entry>
      <string>bastion-MR</string>
      <map/>
    </entry>
    <entry>
      <string>cp-elk-MR</string>
      <map/>
    </entry>
    <entry>
      <string>datadog-cp-MR</string>
      <map/>
    </entry>
    <entry>
      <string>sumologic-MR</string>
      <map/>
    </entry>
    <entry>
      <string>snmp-cp-MR</string>
      <map/>
    </entry>
    <entry>
      <string>boongle-MR</string>
      <map/>
    </entry>
    <entry>
      <string>rider-MR</string>
      <map/>
    </entry>
    <entry>
      <string>config-migration-service-MR</string>
      <map/>
    </entry>
    <entry>
      <string>rome-frontend-MR</string>
      <map/>
    </entry>
    <entry>
      <string>cradlepoint-init-MR</string>
      <map/>
    </entry>
    <entry>
      <string>haproxy-cp-MR</string>
      <map/>
    </entry>
    <entry>
      <string>f5-bigip-cp-MR</string>
      <map/>
    </entry>
    <entry>
      <string>rabbitmq-cp-MR</string>
      <map/>
    </entry>
    <entry>
      <string>version-observer-MR</string>
      <map/>
    </entry>
    <entry>
      <string>mongodb-cp-MR</string>
      <map/>
    </entry>
  </jobs>
</org.jenkinsci.plugins.gitlab.GitlabBuildTrigger_-GitlabBuildTriggerDescriptor>