{
  "jvm" : {
    "vm" : {
      "name" : "Java HotSpot(TM) Client VM",
      "version" : "1.6.0_39-b04"
    },
    "memory" : {
      "totalInit" : 5.259264E7,
      "totalUsed" : 4.4960408E7,
      "totalMax" : 3.83254528E8,
      "totalCommitted" : 6.3143936E7,
      "heapInit" : 1.6777216E7,
      "heapUsed" : 8629648.0,
      "heapMax" : 2.5952256E8,
      "heapCommitted" : 1.6318464E7,
      "heap_usage" : 0.03325201477667298,
      "non_heap_usage" : 0.29362468396202995,
      "memory_pool_usages" : {
        "Code Cache" : 0.06676292419433594,
        "Eden Space" : 0.05987565580683898,
        "Perm Gen" : 0.31798481941223145,
        "Perm Gen [shared-ro]" : 0.5512031555175781,
        "Perm Gen [shared-rw]" : 0.5540199279785156,
        "Survivor Space" : 0.003179213579963235,
        "Tenured Gen" : 0.024094292812843282
      }
    },
    "daemon_thread_count" : 5,
    "thread_count" : 8,
    "current_time" : 1386779926187,
    "uptime" : 499755,
    "fd_usage" : "NaN",
    "thread-states" : {
      "new" : 0.0,
      "waiting" : 0.5,
      "timed_waiting" : 0.125,
      "blocked" : 0.0,
      "runnable" : 0.375,
      "terminated" : 0.0
    },
    "garbage-collectors" : {
      "MarkSweepCompact" : {
        "runs" : 3,
        "time" : 1021
      },
      "Copy" : {
        "runs" : 316,
        "time" : 431
      }
    }
  }
}