<problems is_local_tool="true">
<problem>
  <file>file://$PROJECT_DIR$/testsrc/com/example/ExampleTest.java</file>
  <line>25</line>
  <module>example</module>
  <package>com.example</package>
  <entry_point TYPE="method" FQNAME="com.example.ExampleTest void integer()" />
  <problem_class id="Convert2Diamond" severity="WARNING" attribute_key="NOT_USED_ELEMENT_ATTRIBUTES">Explicit type can be replaced with &lt;&gt;</problem_class>
  <description>Explicit type argument String can be replaced with &lt;&gt;</description>
  <highlighted_element>String</highlighted_element>
  <offset>16</offset>
  <length>6</length>
</problem>
</problems>