{
  "version" : "3.0.0",
  "gauges" : {
    "jenkins.executor.count.value" : {
      "value" : 17
    },
    "jenkins.executor.free.value" : {
      "value" : 5
    },
    "jenkins.executor.in-use.value" : {
      "value" : 12
    },
    "jenkins.health-check.count" : {
      "value" : 4
    },
    "jenkins.health-check.inverse-score" : {
      "value" : 0.0
    },
    "jenkins.health-check.score" : {
      "value" : 1.0
    },
    "jenkins.job.averageDepth" : {
      "value" : 1.5277777777777777
    },
    "jenkins.job.count.value" : {
      "value" : 504
    },
    "jenkins.node.count.value" : {
      "value" : 16
    },
    "jenkins.node.offline.value" : {
      "value" : 0
    },
    "jenkins.node.online.value" : {
      "value" : 16
    },
    "jenkins.plugins.active" : {
      "value" : 119
    },
    "jenkins.plugins.failed" : {
      "value" : 0
    },
    "jenkins.plugins.inactive" : {
      "value" : 0
    },
    "jenkins.plugins.withUpdate" : {
      "value" : 44
    },
    "jenkins.project.count.value" : {
      "value" : 388
    },
    "jenkins.project.disabled.count.value" : {
      "value" : 69
    },
    "jenkins.project.enabled.count.value" : {
      "value" : 319
    },
    "jenkins.queue.blocked.value" : {
      "value" : 1
    },
    "jenkins.queue.buildable.value" : {
      "value" : 2
    },
    "jenkins.queue.pending.value" : {
      "value" : 0
    },
    "jenkins.queue.size.value" : {
      "value" : 3
    },
    "jenkins.queue.stuck.value" : {
      "value" : 0
    },
    "jenkins.versions.core" : {
      "value" : "2.70"
    },
    "jenkins.versions.plugin.ace-editor" : {
      "value" : "1.1"
    },
    "jenkins.versions.plugin.ant" : {
      "value" : "1.7"
    },
    "jenkins.versions.plugin.antisamy-markup-formatter" : {
      "value" : "1.5"
    },
    "jenkins.versions.plugin.authentication-tokens" : {
      "value" : "1.3"
    },
    "jenkins.versions.plugin.aws-credentials" : {
      "value" : "1.21"
    },
    "jenkins.versions.plugin.aws-java-sdk" : {
      "value" : "1.11.119"
    },
    "jenkins.versions.plugin.bouncycastle-api" : {
      "value" : "2.16.2"
    },
    "jenkins.versions.plugin.branch-api" : {
      "value" : "2.0.11"
    },
    "jenkins.versions.plugin.build-pipeline-plugin" : {
      "value" : "1.5.7.1"
    },
    "jenkins.versions.plugin.build-timeout" : {
      "value" : "1.18"
    },
    "jenkins.versions.plugin.changes-since-last-success" : {
      "value" : "0.5"
    },
    "jenkins.versions.plugin.cloudbees-folder" : {
      "value" : "6.1.2"
    },
    "jenkins.versions.plugin.cobertura" : {
      "value" : "1.11"
    },
    "jenkins.versions.plugin.conditional-buildstep" : {
      "value" : "1.3.6"
    },
    "jenkins.versions.plugin.configurationslicing" : {
      "value" : "1.47"
    },
    "jenkins.versions.plugin.copyartifact" : {
      "value" : "1.38.1"
    },
    "jenkins.versions.plugin.credentials" : {
      "value" : "2.1.14"
    },
    "jenkins.versions.plugin.credentials-binding" : {
      "value" : "1.13"
    },
    "jenkins.versions.plugin.cvs" : {
      "value" : "2.13"
    },
    "jenkins.versions.plugin.discard-old-build" : {
      "value" : "1.05"
    },
    "jenkins.versions.plugin.disk-usage" : {
      "value" : "0.28"
    },
    "jenkins.versions.plugin.display-url-api" : {
      "value" : "2.0"
    },
    "jenkins.versions.plugin.docker-commons" : {
      "value" : "1.8"
    },
    "jenkins.versions.plugin.docker-workflow" : {
      "value" : "1.12"
    },
    "jenkins.versions.plugin.durable-task" : {
      "value" : "1.14"
    },
    "jenkins.versions.plugin.ec2" : {
      "value" : "1.36"
    },
    "jenkins.versions.plugin.email-ext" : {
      "value" : "2.58"
    },
    "jenkins.versions.plugin.envinject" : {
      "value" : "2.1.3"
    },
    "jenkins.versions.plugin.envinject-api" : {
      "value" : "1.2"
    },
    "jenkins.versions.plugin.extended-choice-parameter" : {
      "value" : "0.76"
    },
    "jenkins.versions.plugin.external-monitor-job" : {
      "value" : "1.7"
    },
    "jenkins.versions.plugin.gerrit-trigger" : {
      "value" : "2.25.0"
    },
    "jenkins.versions.plugin.git" : {
      "value" : "3.5.1"
    },
    "jenkins.versions.plugin.git-changelog" : {
      "value" : "1.51"
    },
    "jenkins.versions.plugin.git-client" : {
      "value" : "2.5.0"
    },
    "jenkins.versions.plugin.git-parameter" : {
      "value" : "0.8.0"
    },
    "jenkins.versions.plugin.git-server" : {
      "value" : "1.7"
    },
    "jenkins.versions.plugin.gitlab-hook" : {
      "value" : "1.4.2"
    },
    "jenkins.versions.plugin.gitlab-merge-request-jenkins" : {
      "value" : "2.0.0"
    },
    "jenkins.versions.plugin.gitlab-plugin" : {
      "value" : "1.4.7"
    },
    "jenkins.versions.plugin.groovy-postbuild" : {
      "value" : "2.3.1"
    },
    "jenkins.versions.plugin.handlebars" : {
      "value" : "1.1.1"
    },
    "jenkins.versions.plugin.hidden-parameter" : {
      "value" : "0.0.4"
    },
    "jenkins.versions.plugin.hipchat" : {
      "value" : "2.1.1"
    },
    "jenkins.versions.plugin.icon-shim" : {
      "value" : "2.0.3"
    },
    "jenkins.versions.plugin.instant-messaging" : {
      "value" : "1.35"
    },
    "jenkins.versions.plugin.jabber" : {
      "value" : "1.36"
    },
    "jenkins.versions.plugin.jackson2-api" : {
      "value" : "2.7.3"
    },
    "jenkins.versions.plugin.jacoco" : {
      "value" : "2.2.1"
    },
    "jenkins.versions.plugin.javadoc" : {
      "value" : "1.4"
    },
    "jenkins.versions.plugin.jira-steps" : {
      "value" : "1.2.3"
    },
    "jenkins.versions.plugin.job-dsl" : {
      "value" : "1.64"
    },
    "jenkins.versions.plugin.jobConfigHistory" : {
      "value" : "2.17"
    },
    "jenkins.versions.plugin.jquery" : {
      "value" : "1.11.2-0"
    },
    "jenkins.versions.plugin.jquery-detached" : {
      "value" : "1.2.1"
    },
    "jenkins.versions.plugin.junit" : {
      "value" : "1.21"
    },
    "jenkins.versions.plugin.ldap" : {
      "value" : "1.16"
    },
    "jenkins.versions.plugin.lockable-resources" : {
      "value" : "2.0"
    },
    "jenkins.versions.plugin.mailer" : {
      "value" : "1.20"
    },
    "jenkins.versions.plugin.mapdb-api" : {
      "value" : "1.0.9.0"
    },
    "jenkins.versions.plugin.mask-passwords" : {
      "value" : "2.10.1"
    },
    "jenkins.versions.plugin.matrix-auth" : {
      "value" : "1.7"
    },
    "jenkins.versions.plugin.matrix-project" : {
      "value" : "1.11"
    },
    "jenkins.versions.plugin.maven-plugin" : {
      "value" : "2.17"
    },
    "jenkins.versions.plugin.mercurial" : {
      "value" : "2.0"
    },
    "jenkins.versions.plugin.metrics" : {
      "value" : "3.1.2.10"
    },
    "jenkins.versions.plugin.momentjs" : {
      "value" : "1.1.1"
    },
    "jenkins.versions.plugin.multiple-scms" : {
      "value" : "0.6"
    },
    "jenkins.versions.plugin.naginator" : {
      "value" : "1.17.2"
    },
    "jenkins.versions.plugin.next-build-number" : {
      "value" : "1.4"
    },
    "jenkins.versions.plugin.node-iterator-api" : {
      "value" : "1.5"
    },
    "jenkins.versions.plugin.pam-auth" : {
      "value" : "1.3"
    },
    "jenkins.versions.plugin.parameterized-trigger" : {
      "value" : "2.35.1"
    },
    "jenkins.versions.plugin.pipeline-build-step" : {
      "value" : "2.5.1"
    },
    "jenkins.versions.plugin.pipeline-graph-analysis" : {
      "value" : "1.5"
    },
    "jenkins.versions.plugin.pipeline-input-step" : {
      "value" : "2.8"
    },
    "jenkins.versions.plugin.pipeline-milestone-step" : {
      "value" : "1.3.1"
    },
    "jenkins.versions.plugin.pipeline-model-api" : {
      "value" : "1.1.9"
    },
    "jenkins.versions.plugin.pipeline-model-declarative-agent" : {
      "value" : "1.1.1"
    },
    "jenkins.versions.plugin.pipeline-model-definition" : {
      "value" : "1.1.9"
    },
    "jenkins.versions.plugin.pipeline-model-extensions" : {
      "value" : "1.1.9"
    },
    "jenkins.versions.plugin.pipeline-rest-api" : {
      "value" : "2.8"
    },
    "jenkins.versions.plugin.pipeline-stage-step" : {
      "value" : "2.2"
    },
    "jenkins.versions.plugin.pipeline-stage-tags-metadata" : {
      "value" : "1.1.9"
    },
    "jenkins.versions.plugin.pipeline-stage-view" : {
      "value" : "2.8"
    },
    "jenkins.versions.plugin.plain-credentials" : {
      "value" : "1.4"
    },
    "jenkins.versions.plugin.postbuild-task" : {
      "value" : "1.8"
    },
    "jenkins.versions.plugin.python" : {
      "value" : "1.3"
    },
    "jenkins.versions.plugin.resource-disposer" : {
      "value" : "0.7"
    },
    "jenkins.versions.plugin.role-strategy" : {
      "value" : "2.5.1"
    },
    "jenkins.versions.plugin.ruby-runtime" : {
      "value" : "0.12"
    },
    "jenkins.versions.plugin.run-condition" : {
      "value" : "1.0"
    },
    "jenkins.versions.plugin.scm-api" : {
      "value" : "2.2.1"
    },
    "jenkins.versions.plugin.script-security" : {
      "value" : "1.33"
    },
    "jenkins.versions.plugin.scriptler" : {
      "value" : "2.9"
    },
    "jenkins.versions.plugin.skip-certificate-check" : {
      "value" : "1.0"
    },
    "jenkins.versions.plugin.ssh-credentials" : {
      "value" : "1.13"
    },
    "jenkins.versions.plugin.ssh-slaves" : {
      "value" : "1.21"
    },
    "jenkins.versions.plugin.structs" : {
      "value" : "1.10"
    },
    "jenkins.versions.plugin.subversion" : {
      "value" : "2.9"
    },
    "jenkins.versions.plugin.text-finder" : {
      "value" : "1.10"
    },
    "jenkins.versions.plugin.timestamper" : {
      "value" : "1.8.8"
    },
    "jenkins.versions.plugin.token-macro" : {
      "value" : "2.2"
    },
    "jenkins.versions.plugin.translation" : {
      "value" : "1.15"
    },
    "jenkins.versions.plugin.uno-choice" : {
      "value" : "1.5.3"
    },
    "jenkins.versions.plugin.windows-slaves" : {
      "value" : "1.3.1"
    },
    "jenkins.versions.plugin.workflow-aggregator" : {
      "value" : "2.5"
    },
    "jenkins.versions.plugin.workflow-api" : {
      "value" : "2.20"
    },
    "jenkins.versions.plugin.workflow-basic-steps" : {
      "value" : "2.6"
    },
    "jenkins.versions.plugin.workflow-cps" : {
      "value" : "2.39"
    },
    "jenkins.versions.plugin.workflow-cps-global-lib" : {
      "value" : "2.8"
    },
    "jenkins.versions.plugin.workflow-durable-task-step" : {
      "value" : "2.14"
    },
    "jenkins.versions.plugin.workflow-job" : {
      "value" : "2.14.1"
    },
    "jenkins.versions.plugin.workflow-multibranch" : {
      "value" : "2.16"
    },
    "jenkins.versions.plugin.workflow-scm-step" : {
      "value" : "2.6"
    },
    "jenkins.versions.plugin.workflow-step-api" : {
      "value" : "2.12"
    },
    "jenkins.versions.plugin.workflow-support" : {
      "value" : "2.14"
    },
    "jenkins.versions.plugin.ws-cleanup" : {
      "value" : "0.34"
    },
    "system.cpu.load" : {
      "value" : 1.18
    },
    "vm.blocked.count" : {
      "value" : 0
    },
    "vm.class.loaded" : {
      "value" : 201210
    },
    "vm.class.unloaded" : {
      "value" : 167087
    },
    "vm.count" : {
      "value" : 169
    },
    "vm.cpu.load" : {
      "value" : 0.44876752939019815
    },
    "vm.daemon.count" : {
      "value" : 109
    },
    "vm.deadlock.count" : {
      "value" : 0
    },
    "vm.deadlocks" : {
      "value" : [ ]
    },
    "vm.file.descriptor.ratio" : {
      "value" : 0.1240234375
    },
    "vm.gc.PS-MarkSweep.count" : {
      "value" : 12181
    },
    "vm.gc.PS-MarkSweep.time" : {
      "value" : 8522214
    },
    "vm.gc.PS-Scavenge.count" : {
      "value" : 278790
    },
    "vm.gc.PS-Scavenge.time" : {
      "value" : 11974269
    },
    "vm.memory.heap.committed" : {
      "value" : 3326607360
    },
    "vm.memory.heap.init" : {
      "value" : 264241152
    },
    "vm.memory.heap.max" : {
      "value" : 3739746304
    },
    "vm.memory.heap.usage" : {
      "value" : 0.3989899631437673
    },
    "vm.memory.heap.used" : {
      "value" : 1492121240
    },
    "vm.memory.non-heap.committed" : {
      "value" : 404566016
    },
    "vm.memory.non-heap.init" : {
      "value" : 2555904
    },
    "vm.memory.non-heap.max" : {
      "value" : -1
    },
    "vm.memory.non-heap.usage" : {
      "value" : -3.57224272E8
    },
    "vm.memory.non-heap.used" : {
      "value" : 357224336
    },
    "vm.memory.pools.Code-Cache.committed" : {
      "value" : 147456000
    },
    "vm.memory.pools.Code-Cache.init" : {
      "value" : 2555904
    },
    "vm.memory.pools.Code-Cache.max" : {
      "value" : 251658240
    },
    "vm.memory.pools.Code-Cache.usage" : {
      "value" : 0.5491292317708333
    },
    "vm.memory.pools.Code-Cache.used" : {
      "value" : 138192896
    },
    "vm.memory.pools.Compressed-Class-Space.committed" : {
      "value" : 30932992
    },
    "vm.memory.pools.Compressed-Class-Space.init" : {
      "value" : 0
    },
    "vm.memory.pools.Compressed-Class-Space.max" : {
      "value" : 1073741824
    },
    "vm.memory.pools.Compressed-Class-Space.usage" : {
      "value" : 0.02257007360458374
    },
    "vm.memory.pools.Compressed-Class-Space.used" : {
      "value" : 24234432
    },
    "vm.memory.pools.Metaspace.committed" : {
      "value" : 226177024
    },
    "vm.memory.pools.Metaspace.init" : {
      "value" : 0
    },
    "vm.memory.pools.Metaspace.max" : {
      "value" : -1
    },
    "vm.memory.pools.Metaspace.usage" : {
      "value" : 0.8612762718108803
    },
    "vm.memory.pools.Metaspace.used" : {
      "value" : 194800904
    },
    "vm.memory.pools.PS-Eden-Space.committed" : {
      "value" : 768606208
    },
    "vm.memory.pools.PS-Eden-Space.init" : {
      "value" : 66060288
    },
    "vm.memory.pools.PS-Eden-Space.max" : {
      "value" : 1352663040
    },
    "vm.memory.pools.PS-Eden-Space.usage" : {
      "value" : 0.007630630611449249
    },
    "vm.memory.pools.PS-Eden-Space.used" : {
      "value" : 10321672
    },
    "vm.memory.pools.PS-Old-Gen.committed" : {
      "value" : 2543321088
    },
    "vm.memory.pools.PS-Old-Gen.init" : {
      "value" : 176160768
    },
    "vm.memory.pools.PS-Old-Gen.max" : {
      "value" : 2804940800
    },
    "vm.memory.pools.PS-Old-Gen.usage" : {
      "value" : 0.5231272474627628
    },
    "vm.memory.pools.PS-Old-Gen.used" : {
      "value" : 1467340960
    },
    "vm.memory.pools.PS-Survivor-Space.committed" : {
      "value" : 14680064
    },
    "vm.memory.pools.PS-Survivor-Space.init" : {
      "value" : 11010048
    },
    "vm.memory.pools.PS-Survivor-Space.max" : {
      "value" : 14680064
    },
    "vm.memory.pools.PS-Survivor-Space.usage" : {
      "value" : 0.9849145071847099
    },
    "vm.memory.pools.PS-Survivor-Space.used" : {
      "value" : 14458608
    },
    "vm.memory.total.committed" : {
      "value" : 3731173376
    },
    "vm.memory.total.init" : {
      "value" : 266797056
    },
    "vm.memory.total.max" : {
      "value" : 3739746303
    },
    "vm.memory.total.used" : {
      "value" : 1849363064
    },
    "vm.new.count" : {
      "value" : 0
    },
    "vm.runnable.count" : {
      "value" : 31
    },
    "vm.terminated.count" : {
      "value" : 0
    },
    "vm.timed_waiting.count" : {
      "value" : 92
    },
    "vm.uptime.milliseconds" : {
      "value" : 4242579369
    },
    "vm.waiting.count" : {
      "value" : 46
    }
  },
  "counters" : {
    "http.activeRequests" : {
      "count" : 1
    }
  },
  "histograms" : {
    "jenkins.executor.count.history" : {
      "count" : 0,
      "max" : 0,
      "mean" : 0.0,
      "min" : 0,
      "p50" : 0.0,
      "p75" : 0.0,
      "p95" : 0.0,
      "p98" : 0.0,
      "p99" : 0.0,
      "p999" : 0.0,
      "values" : [ ],
      "stddev" : 0.0
    },
    "jenkins.executor.free.history" : {
      "count" : 0,
      "max" : 0,
      "mean" : 0.0,
      "min" : 0,
      "p50" : 0.0,
      "p75" : 0.0,
      "p95" : 0.0,
      "p98" : 0.0,
      "p99" : 0.0,
      "p999" : 0.0,
      "values" : [ ],
      "stddev" : 0.0
    },
    "jenkins.executor.in-use.history" : {
      "count" : 0,
      "max" : 0,
      "mean" : 0.0,
      "min" : 0,
      "p50" : 0.0,
      "p75" : 0.0,
      "p95" : 0.0,
      "p98" : 0.0,
      "p99" : 0.0,
      "p999" : 0.0,
      "values" : [ ],
      "stddev" : 0.0
    },
    "jenkins.job.count.history" : {
      "count" : 0,
      "max" : 0,
      "mean" : 0.0,
      "min" : 0,
      "p50" : 0.0,
      "p75" : 0.0,
      "p95" : 0.0,
      "p98" : 0.0,
      "p99" : 0.0,
      "p999" : 0.0,
      "values" : [ ],
      "stddev" : 0.0
    },
    "jenkins.node.count.history" : {
      "count" : 0,
      "max" : 0,
      "mean" : 0.0,
      "min" : 0,
      "p50" : 0.0,
      "p75" : 0.0,
      "p95" : 0.0,
      "p98" : 0.0,
      "p99" : 0.0,
      "p999" : 0.0,
      "values" : [ ],
      "stddev" : 0.0
    },
    "jenkins.node.offline.history" : {
      "count" : 0,
      "max" : 0,
      "mean" : 0.0,
      "min" : 0,
      "p50" : 0.0,
      "p75" : 0.0,
      "p95" : 0.0,
      "p98" : 0.0,
      "p99" : 0.0,
      "p999" : 0.0,
      "values" : [ ],
      "stddev" : 0.0
    },
    "jenkins.node.online.history" : {
      "count" : 0,
      "max" : 0,
      "mean" : 0.0,
      "min" : 0,
      "p50" : 0.0,
      "p75" : 0.0,
      "p95" : 0.0,
      "p98" : 0.0,
      "p99" : 0.0,
      "p999" : 0.0,
      "values" : [ ],
      "stddev" : 0.0
    },
    "jenkins.project.count.history" : {
      "count" : 0,
      "max" : 0,
      "mean" : 0.0,
      "min" : 0,
      "p50" : 0.0,
      "p75" : 0.0,
      "p95" : 0.0,
      "p98" : 0.0,
      "p99" : 0.0,
      "p999" : 0.0,
      "values" : [ ],
      "stddev" : 0.0
    },
    "jenkins.project.disabled.count.history" : {
      "count" : 0,
      "max" : 0,
      "mean" : 0.0,
      "min" : 0,
      "p50" : 0.0,
      "p75" : 0.0,
      "p95" : 0.0,
      "p98" : 0.0,
      "p99" : 0.0,
      "p999" : 0.0,
      "values" : [ ],
      "stddev" : 0.0
    },
    "jenkins.project.enabled.count.history" : {
      "count" : 0,
      "max" : 0,
      "mean" : 0.0,
      "min" : 0,
      "p50" : 0.0,
      "p75" : 0.0,
      "p95" : 0.0,
      "p98" : 0.0,
      "p99" : 0.0,
      "p999" : 0.0,
      "values" : [ ],
      "stddev" : 0.0
    },
    "jenkins.queue.blocked.history" : {
      "count" : 0,
      "max" : 0,
      "mean" : 0.0,
      "min" : 0,
      "p50" : 0.0,
      "p75" : 0.0,
      "p95" : 0.0,
      "p98" : 0.0,
      "p99" : 0.0,
      "p999" : 0.0,
      "values" : [ ],
      "stddev" : 0.0
    },
    "jenkins.queue.buildable.history" : {
      "count" : 0,
      "max" : 0,
      "mean" : 0.0,
      "min" : 0,
      "p50" : 0.0,
      "p75" : 0.0,
      "p95" : 0.0,
      "p98" : 0.0,
      "p99" : 0.0,
      "p999" : 0.0,
      "values" : [ ],
      "stddev" : 0.0
    },
    "jenkins.queue.pending.history" : {
      "count" : 0,
      "max" : 0,
      "mean" : 0.0,
      "min" : 0,
      "p50" : 0.0,
      "p75" : 0.0,
      "p95" : 0.0,
      "p98" : 0.0,
      "p99" : 0.0,
      "p999" : 0.0,
      "values" : [ ],
      "stddev" : 0.0
    },
    "jenkins.queue.size.history" : {
      "count" : 0,
      "max" : 0,
      "mean" : 0.0,
      "min" : 0,
      "p50" : 0.0,
      "p75" : 0.0,
      "p95" : 0.0,
      "p98" : 0.0,
      "p99" : 0.0,
      "p999" : 0.0,
      "values" : [ ],
      "stddev" : 0.0
    },
    "jenkins.queue.stuck.history" : {
      "count" : 0,
      "max" : 0,
      "mean" : 0.0,
      "min" : 0,
      "p50" : 0.0,
      "p75" : 0.0,
      "p95" : 0.0,
      "p98" : 0.0,
      "p99" : 0.0,
      "p999" : 0.0,
      "values" : [ ],
      "stddev" : 0.0
    },
    "system.cpu.load.x100.history" : {
      "count" : 0,
      "max" : 0,
      "mean" : 0.0,
      "min" : 0,
      "p50" : 0.0,
      "p75" : 0.0,
      "p95" : 0.0,
      "p98" : 0.0,
      "p99" : 0.0,
      "p999" : 0.0,
      "values" : [ ],
      "stddev" : 0.0
    },
    "system.cpu.load.x100.window.15m" : {
      "count" : 0,
      "max" : 0,
      "mean" : 0.0,
      "min" : 0,
      "p50" : 0.0,
      "p75" : 0.0,
      "p95" : 0.0,
      "p98" : 0.0,
      "p99" : 0.0,
      "p999" : 0.0,
      "values" : [ ],
      "stddev" : 0.0
    },
    "system.cpu.load.x100.window.1h" : {
      "count" : 0,
      "max" : 0,
      "mean" : 0.0,
      "min" : 0,
      "p50" : 0.0,
      "p75" : 0.0,
      "p95" : 0.0,
      "p98" : 0.0,
      "p99" : 0.0,
      "p999" : 0.0,
      "values" : [ ],
      "stddev" : 0.0
    },
    "system.cpu.load.x100.window.5m" : {
      "count" : 0,
      "max" : 0,
      "mean" : 0.0,
      "min" : 0,
      "p50" : 0.0,
      "p75" : 0.0,
      "p95" : 0.0,
      "p98" : 0.0,
      "p99" : 0.0,
      "p999" : 0.0,
      "values" : [ ],
      "stddev" : 0.0
    },
    "vm.cpu.load.x100.history" : {
      "count" : 0,
      "max" : 0,
      "mean" : 0.0,
      "min" : 0,
      "p50" : 0.0,
      "p75" : 0.0,
      "p95" : 0.0,
      "p98" : 0.0,
      "p99" : 0.0,
      "p999" : 0.0,
      "values" : [ ],
      "stddev" : 0.0
    },
    "vm.cpu.load.x100.window.15m" : {
      "count" : 0,
      "max" : 0,
      "mean" : 0.0,
      "min" : 0,
      "p50" : 0.0,
      "p75" : 0.0,
      "p95" : 0.0,
      "p98" : 0.0,
      "p99" : 0.0,
      "p999" : 0.0,
      "values" : [ ],
      "stddev" : 0.0
    },
    "vm.cpu.load.x100.window.1h" : {
      "count" : 0,
      "max" : 0,
      "mean" : 0.0,
      "min" : 0,
      "p50" : 0.0,
      "p75" : 0.0,
      "p95" : 0.0,
      "p98" : 0.0,
      "p99" : 0.0,
      "p999" : 0.0,
      "values" : [ ],
      "stddev" : 0.0
    },
    "vm.cpu.load.x100.window.5m" : {
      "count" : 0,
      "max" : 0,
      "mean" : 0.0,
      "min" : 0,
      "p50" : 0.0,
      "p75" : 0.0,
      "p95" : 0.0,
      "p98" : 0.0,
      "p99" : 0.0,
      "p999" : 0.0,
      "values" : [ ],
      "stddev" : 0.0
    },
    "vm.file.descriptor.ratio.x100.history" : {
      "count" : 0,
      "max" : 0,
      "mean" : 0.0,
      "min" : 0,
      "p50" : 0.0,
      "p75" : 0.0,
      "p95" : 0.0,
      "p98" : 0.0,
      "p99" : 0.0,
      "p999" : 0.0,
      "values" : [ ],
      "stddev" : 0.0
    },
    "vm.file.descriptor.ratio.x100.window.15m" : {
      "count" : 0,
      "max" : 0,
      "mean" : 0.0,
      "min" : 0,
      "p50" : 0.0,
      "p75" : 0.0,
      "p95" : 0.0,
      "p98" : 0.0,
      "p99" : 0.0,
      "p999" : 0.0,
      "values" : [ ],
      "stddev" : 0.0
    },
    "vm.file.descriptor.ratio.x100.window.1h" : {
      "count" : 0,
      "max" : 0,
      "mean" : 0.0,
      "min" : 0,
      "p50" : 0.0,
      "p75" : 0.0,
      "p95" : 0.0,
      "p98" : 0.0,
      "p99" : 0.0,
      "p999" : 0.0,
      "values" : [ ],
      "stddev" : 0.0
    },
    "vm.file.descriptor.ratio.x100.window.5m" : {
      "count" : 0,
      "max" : 0,
      "mean" : 0.0,
      "min" : 0,
      "p50" : 0.0,
      "p75" : 0.0,
      "p95" : 0.0,
      "p98" : 0.0,
      "p99" : 0.0,
      "p999" : 0.0,
      "values" : [ ],
      "stddev" : 0.0
    },
    "vm.memory.heap.committed.history" : {
      "count" : 0,
      "max" : 0,
      "mean" : 0.0,
      "min" : 0,
      "p50" : 0.0,
      "p75" : 0.0,
      "p95" : 0.0,
      "p98" : 0.0,
      "p99" : 0.0,
      "p999" : 0.0,
      "values" : [ ],
      "stddev" : 0.0
    },
    "vm.memory.heap.committed.window.15m" : {
      "count" : 0,
      "max" : 0,
      "mean" : 0.0,
      "min" : 0,
      "p50" : 0.0,
      "p75" : 0.0,
      "p95" : 0.0,
      "p98" : 0.0,
      "p99" : 0.0,
      "p999" : 0.0,
      "values" : [ ],
      "stddev" : 0.0
    },
    "vm.memory.heap.committed.window.1h" : {
      "count" : 0,
      "max" : 0,
      "mean" : 0.0,
      "min" : 0,
      "p50" : 0.0,
      "p75" : 0.0,
      "p95" : 0.0,
      "p98" : 0.0,
      "p99" : 0.0,
      "p999" : 0.0,
      "values" : [ ],
      "stddev" : 0.0
    },
    "vm.memory.heap.committed.window.5m" : {
      "count" : 0,
      "max" : 0,
      "mean" : 0.0,
      "min" : 0,
      "p50" : 0.0,
      "p75" : 0.0,
      "p95" : 0.0,
      "p98" : 0.0,
      "p99" : 0.0,
      "p999" : 0.0,
      "values" : [ ],
      "stddev" : 0.0
    },
    "vm.memory.heap.usage.x100.history" : {
      "count" : 0,
      "max" : 0,
      "mean" : 0.0,
      "min" : 0,
      "p50" : 0.0,
      "p75" : 0.0,
      "p95" : 0.0,
      "p98" : 0.0,
      "p99" : 0.0,
      "p999" : 0.0,
      "values" : [ ],
      "stddev" : 0.0
    },
    "vm.memory.heap.usage.x100.window.15m" : {
      "count" : 0,
      "max" : 0,
      "mean" : 0.0,
      "min" : 0,
      "p50" : 0.0,
      "p75" : 0.0,
      "p95" : 0.0,
      "p98" : 0.0,
      "p99" : 0.0,
      "p999" : 0.0,
      "values" : [ ],
      "stddev" : 0.0
    },
    "vm.memory.heap.usage.x100.window.1h" : {
      "count" : 0,
      "max" : 0,
      "mean" : 0.0,
      "min" : 0,
      "p50" : 0.0,
      "p75" : 0.0,
      "p95" : 0.0,
      "p98" : 0.0,
      "p99" : 0.0,
      "p999" : 0.0,
      "values" : [ ],
      "stddev" : 0.0
    },
    "vm.memory.heap.usage.x100.window.5m" : {
      "count" : 0,
      "max" : 0,
      "mean" : 0.0,
      "min" : 0,
      "p50" : 0.0,
      "p75" : 0.0,
      "p95" : 0.0,
      "p98" : 0.0,
      "p99" : 0.0,
      "p999" : 0.0,
      "values" : [ ],
      "stddev" : 0.0
    },
    "vm.memory.heap.used.history" : {
      "count" : 0,
      "max" : 0,
      "mean" : 0.0,
      "min" : 0,
      "p50" : 0.0,
      "p75" : 0.0,
      "p95" : 0.0,
      "p98" : 0.0,
      "p99" : 0.0,
      "p999" : 0.0,
      "values" : [ ],
      "stddev" : 0.0
    },
    "vm.memory.heap.used.window.15m" : {
      "count" : 0,
      "max" : 0,
      "mean" : 0.0,
      "min" : 0,
      "p50" : 0.0,
      "p75" : 0.0,
      "p95" : 0.0,
      "p98" : 0.0,
      "p99" : 0.0,
      "p999" : 0.0,
      "values" : [ ],
      "stddev" : 0.0
    },
    "vm.memory.heap.used.window.1h" : {
      "count" : 0,
      "max" : 0,
      "mean" : 0.0,
      "min" : 0,
      "p50" : 0.0,
      "p75" : 0.0,
      "p95" : 0.0,
      "p98" : 0.0,
      "p99" : 0.0,
      "p999" : 0.0,
      "values" : [ ],
      "stddev" : 0.0
    },
    "vm.memory.heap.used.window.5m" : {
      "count" : 0,
      "max" : 0,
      "mean" : 0.0,
      "min" : 0,
      "p50" : 0.0,
      "p75" : 0.0,
      "p95" : 0.0,
      "p98" : 0.0,
      "p99" : 0.0,
      "p999" : 0.0,
      "values" : [ ],
      "stddev" : 0.0
    },
    "vm.memory.non-heap.committed.history" : {
      "count" : 0,
      "max" : 0,
      "mean" : 0.0,
      "min" : 0,
      "p50" : 0.0,
      "p75" : 0.0,
      "p95" : 0.0,
      "p98" : 0.0,
      "p99" : 0.0,
      "p999" : 0.0,
      "values" : [ ],
      "stddev" : 0.0
    },
    "vm.memory.non-heap.committed.window.15m" : {
      "count" : 0,
      "max" : 0,
      "mean" : 0.0,
      "min" : 0,
      "p50" : 0.0,
      "p75" : 0.0,
      "p95" : 0.0,
      "p98" : 0.0,
      "p99" : 0.0,
      "p999" : 0.0,
      "values" : [ ],
      "stddev" : 0.0
    },
    "vm.memory.non-heap.committed.window.1h" : {
      "count" : 0,
      "max" : 0,
      "mean" : 0.0,
      "min" : 0,
      "p50" : 0.0,
      "p75" : 0.0,
      "p95" : 0.0,
      "p98" : 0.0,
      "p99" : 0.0,
      "p999" : 0.0,
      "values" : [ ],
      "stddev" : 0.0
    },
    "vm.memory.non-heap.committed.window.5m" : {
      "count" : 0,
      "max" : 0,
      "mean" : 0.0,
      "min" : 0,
      "p50" : 0.0,
      "p75" : 0.0,
      "p95" : 0.0,
      "p98" : 0.0,
      "p99" : 0.0,
      "p999" : 0.0,
      "values" : [ ],
      "stddev" : 0.0
    },
    "vm.memory.non-heap.usage.x100.history" : {
      "count" : 0,
      "max" : 0,
      "mean" : 0.0,
      "min" : 0,
      "p50" : 0.0,
      "p75" : 0.0,
      "p95" : 0.0,
      "p98" : 0.0,
      "p99" : 0.0,
      "p999" : 0.0,
      "values" : [ ],
      "stddev" : 0.0
    },
    "vm.memory.non-heap.usage.x100.window.15m" : {
      "count" : 0,
      "max" : 0,
      "mean" : 0.0,
      "min" : 0,
      "p50" : 0.0,
      "p75" : 0.0,
      "p95" : 0.0,
      "p98" : 0.0,
      "p99" : 0.0,
      "p999" : 0.0,
      "values" : [ ],
      "stddev" : 0.0
    },
    "vm.memory.non-heap.usage.x100.window.1h" : {
      "count" : 0,
      "max" : 0,
      "mean" : 0.0,
      "min" : 0,
      "p50" : 0.0,
      "p75" : 0.0,
      "p95" : 0.0,
      "p98" : 0.0,
      "p99" : 0.0,
      "p999" : 0.0,
      "values" : [ ],
      "stddev" : 0.0
    },
    "vm.memory.non-heap.usage.x100.window.5m" : {
      "count" : 0,
      "max" : 0,
      "mean" : 0.0,
      "min" : 0,
      "p50" : 0.0,
      "p75" : 0.0,
      "p95" : 0.0,
      "p98" : 0.0,
      "p99" : 0.0,
      "p999" : 0.0,
      "values" : [ ],
      "stddev" : 0.0
    },
    "vm.memory.non-heap.used.history" : {
      "count" : 0,
      "max" : 0,
      "mean" : 0.0,
      "min" : 0,
      "p50" : 0.0,
      "p75" : 0.0,
      "p95" : 0.0,
      "p98" : 0.0,
      "p99" : 0.0,
      "p999" : 0.0,
      "values" : [ ],
      "stddev" : 0.0
    },
    "vm.memory.non-heap.used.window.15m" : {
      "count" : 0,
      "max" : 0,
      "mean" : 0.0,
      "min" : 0,
      "p50" : 0.0,
      "p75" : 0.0,
      "p95" : 0.0,
      "p98" : 0.0,
      "p99" : 0.0,
      "p999" : 0.0,
      "values" : [ ],
      "stddev" : 0.0
    },
    "vm.memory.non-heap.used.window.1h" : {
      "count" : 0,
      "max" : 0,
      "mean" : 0.0,
      "min" : 0,
      "p50" : 0.0,
      "p75" : 0.0,
      "p95" : 0.0,
      "p98" : 0.0,
      "p99" : 0.0,
      "p999" : 0.0,
      "values" : [ ],
      "stddev" : 0.0
    },
    "vm.memory.non-heap.used.window.5m" : {
      "count" : 0,
      "max" : 0,
      "mean" : 0.0,
      "min" : 0,
      "p50" : 0.0,
      "p75" : 0.0,
      "p95" : 0.0,
      "p98" : 0.0,
      "p99" : 0.0,
      "p999" : 0.0,
      "values" : [ ],
      "stddev" : 0.0
    },
    "vm.memory.pools.Code-Cache.committed.history" : {
      "count" : 0,
      "max" : 0,
      "mean" : 0.0,
      "min" : 0,
      "p50" : 0.0,
      "p75" : 0.0,
      "p95" : 0.0,
      "p98" : 0.0,
      "p99" : 0.0,
      "p999" : 0.0,
      "values" : [ ],
      "stddev" : 0.0
    },
    "vm.memory.pools.Code-Cache.committed.window.15m" : {
      "count" : 0,
      "max" : 0,
      "mean" : 0.0,
      "min" : 0,
      "p50" : 0.0,
      "p75" : 0.0,
      "p95" : 0.0,
      "p98" : 0.0,
      "p99" : 0.0,
      "p999" : 0.0,
      "values" : [ ],
      "stddev" : 0.0
    },
    "vm.memory.pools.Code-Cache.committed.window.1h" : {
      "count" : 0,
      "max" : 0,
      "mean" : 0.0,
      "min" : 0,
      "p50" : 0.0,
      "p75" : 0.0,
      "p95" : 0.0,
      "p98" : 0.0,
      "p99" : 0.0,
      "p999" : 0.0,
      "values" : [ ],
      "stddev" : 0.0
    },
    "vm.memory.pools.Code-Cache.committed.window.5m" : {
      "count" : 0,
      "max" : 0,
      "mean" : 0.0,
      "min" : 0,
      "p50" : 0.0,
      "p75" : 0.0,
      "p95" : 0.0,
      "p98" : 0.0,
      "p99" : 0.0,
      "p999" : 0.0,
      "values" : [ ],
      "stddev" : 0.0
    },
    "vm.memory.pools.Code-Cache.usage.x100.history" : {
      "count" : 0,
      "max" : 0,
      "mean" : 0.0,
      "min" : 0,
      "p50" : 0.0,
      "p75" : 0.0,
      "p95" : 0.0,
      "p98" : 0.0,
      "p99" : 0.0,
      "p999" : 0.0,
      "values" : [ ],
      "stddev" : 0.0
    },
    "vm.memory.pools.Code-Cache.usage.x100.window.15m" : {
      "count" : 0,
      "max" : 0,
      "mean" : 0.0,
      "min" : 0,
      "p50" : 0.0,
      "p75" : 0.0,
      "p95" : 0.0,
      "p98" : 0.0,
      "p99" : 0.0,
      "p999" : 0.0,
      "values" : [ ],
      "stddev" : 0.0
    },
    "vm.memory.pools.Code-Cache.usage.x100.window.1h" : {
      "count" : 0,
      "max" : 0,
      "mean" : 0.0,
      "min" : 0,
      "p50" : 0.0,
      "p75" : 0.0,
      "p95" : 0.0,
      "p98" : 0.0,
      "p99" : 0.0,
      "p999" : 0.0,
      "values" : [ ],
      "stddev" : 0.0
    },
    "vm.memory.pools.Code-Cache.usage.x100.window.5m" : {
      "count" : 0,
      "max" : 0,
      "mean" : 0.0,
      "min" : 0,
      "p50" : 0.0,
      "p75" : 0.0,
      "p95" : 0.0,
      "p98" : 0.0,
      "p99" : 0.0,
      "p999" : 0.0,
      "values" : [ ],
      "stddev" : 0.0
    },
    "vm.memory.pools.Code-Cache.used.history" : {
      "count" : 0,
      "max" : 0,
      "mean" : 0.0,
      "min" : 0,
      "p50" : 0.0,
      "p75" : 0.0,
      "p95" : 0.0,
      "p98" : 0.0,
      "p99" : 0.0,
      "p999" : 0.0,
      "values" : [ ],
      "stddev" : 0.0
    },
    "vm.memory.pools.Code-Cache.used.window.15m" : {
      "count" : 0,
      "max" : 0,
      "mean" : 0.0,
      "min" : 0,
      "p50" : 0.0,
      "p75" : 0.0,
      "p95" : 0.0,
      "p98" : 0.0,
      "p99" : 0.0,
      "p999" : 0.0,
      "values" : [ ],
      "stddev" : 0.0
    },
    "vm.memory.pools.Code-Cache.used.window.1h" : {
      "count" : 0,
      "max" : 0,
      "mean" : 0.0,
      "min" : 0,
      "p50" : 0.0,
      "p75" : 0.0,
      "p95" : 0.0,
      "p98" : 0.0,
      "p99" : 0.0,
      "p999" : 0.0,
      "values" : [ ],
      "stddev" : 0.0
    },
    "vm.memory.pools.Code-Cache.used.window.5m" : {
      "count" : 0,
      "max" : 0,
      "mean" : 0.0,
      "min" : 0,
      "p50" : 0.0,
      "p75" : 0.0,
      "p95" : 0.0,
      "p98" : 0.0,
      "p99" : 0.0,
      "p999" : 0.0,
      "values" : [ ],
      "stddev" : 0.0
    },
    "vm.memory.pools.Compressed-Class-Space.committed.history" : {
      "count" : 0,
      "max" : 0,
      "mean" : 0.0,
      "min" : 0,
      "p50" : 0.0,
      "p75" : 0.0,
      "p95" : 0.0,
      "p98" : 0.0,
      "p99" : 0.0,
      "p999" : 0.0,
      "values" : [ ],
      "stddev" : 0.0
    },
    "vm.memory.pools.Compressed-Class-Space.committed.window.15m" : {
      "count" : 0,
      "max" : 0,
      "mean" : 0.0,
      "min" : 0,
      "p50" : 0.0,
      "p75" : 0.0,
      "p95" : 0.0,
      "p98" : 0.0,
      "p99" : 0.0,
      "p999" : 0.0,
      "values" : [ ],
      "stddev" : 0.0
    },
    "vm.memory.pools.Compressed-Class-Space.committed.window.1h" : {
      "count" : 0,
      "max" : 0,
      "mean" : 0.0,
      "min" : 0,
      "p50" : 0.0,
      "p75" : 0.0,
      "p95" : 0.0,
      "p98" : 0.0,
      "p99" : 0.0,
      "p999" : 0.0,
      "values" : [ ],
      "stddev" : 0.0
    },
    "vm.memory.pools.Compressed-Class-Space.committed.window.5m" : {
      "count" : 0,
      "max" : 0,
      "mean" : 0.0,
      "min" : 0,
      "p50" : 0.0,
      "p75" : 0.0,
      "p95" : 0.0,
      "p98" : 0.0,
      "p99" : 0.0,
      "p999" : 0.0,
      "values" : [ ],
      "stddev" : 0.0
    },
    "vm.memory.pools.Compressed-Class-Space.usage.x100.history" : {
      "count" : 0,
      "max" : 0,
      "mean" : 0.0,
      "min" : 0,
      "p50" : 0.0,
      "p75" : 0.0,
      "p95" : 0.0,
      "p98" : 0.0,
      "p99" : 0.0,
      "p999" : 0.0,
      "values" : [ ],
      "stddev" : 0.0
    },
    "vm.memory.pools.Compressed-Class-Space.usage.x100.window.15m" : {
      "count" : 0,
      "max" : 0,
      "mean" : 0.0,
      "min" : 0,
      "p50" : 0.0,
      "p75" : 0.0,
      "p95" : 0.0,
      "p98" : 0.0,
      "p99" : 0.0,
      "p999" : 0.0,
      "values" : [ ],
      "stddev" : 0.0
    },
    "vm.memory.pools.Compressed-Class-Space.usage.x100.window.1h" : {
      "count" : 0,
      "max" : 0,
      "mean" : 0.0,
      "min" : 0,
      "p50" : 0.0,
      "p75" : 0.0,
      "p95" : 0.0,
      "p98" : 0.0,
      "p99" : 0.0,
      "p999" : 0.0,
      "values" : [ ],
      "stddev" : 0.0
    },
    "vm.memory.pools.Compressed-Class-Space.usage.x100.window.5m" : {
      "count" : 0,
      "max" : 0,
      "mean" : 0.0,
      "min" : 0,
      "p50" : 0.0,
      "p75" : 0.0,
      "p95" : 0.0,
      "p98" : 0.0,
      "p99" : 0.0,
      "p999" : 0.0,
      "values" : [ ],
      "stddev" : 0.0
    },
    "vm.memory.pools.Compressed-Class-Space.used.history" : {
      "count" : 0,
      "max" : 0,
      "mean" : 0.0,
      "min" : 0,
      "p50" : 0.0,
      "p75" : 0.0,
      "p95" : 0.0,
      "p98" : 0.0,
      "p99" : 0.0,
      "p999" : 0.0,
      "values" : [ ],
      "stddev" : 0.0
    },
    "vm.memory.pools.Compressed-Class-Space.used.window.15m" : {
      "count" : 0,
      "max" : 0,
      "mean" : 0.0,
      "min" : 0,
      "p50" : 0.0,
      "p75" : 0.0,
      "p95" : 0.0,
      "p98" : 0.0,
      "p99" : 0.0,
      "p999" : 0.0,
      "values" : [ ],
      "stddev" : 0.0
    },
    "vm.memory.pools.Compressed-Class-Space.used.window.1h" : {
      "count" : 0,
      "max" : 0,
      "mean" : 0.0,
      "min" : 0,
      "p50" : 0.0,
      "p75" : 0.0,
      "p95" : 0.0,
      "p98" : 0.0,
      "p99" : 0.0,
      "p999" : 0.0,
      "values" : [ ],
      "stddev" : 0.0
    },
    "vm.memory.pools.Compressed-Class-Space.used.window.5m" : {
      "count" : 0,
      "max" : 0,
      "mean" : 0.0,
      "min" : 0,
      "p50" : 0.0,
      "p75" : 0.0,
      "p95" : 0.0,
      "p98" : 0.0,
      "p99" : 0.0,
      "p999" : 0.0,
      "values" : [ ],
      "stddev" : 0.0
    },
    "vm.memory.pools.Metaspace.committed.history" : {
      "count" : 0,
      "max" : 0,
      "mean" : 0.0,
      "min" : 0,
      "p50" : 0.0,
      "p75" : 0.0,
      "p95" : 0.0,
      "p98" : 0.0,
      "p99" : 0.0,
      "p999" : 0.0,
      "values" : [ ],
      "stddev" : 0.0
    },
    "vm.memory.pools.Metaspace.committed.window.15m" : {
      "count" : 0,
      "max" : 0,
      "mean" : 0.0,
      "min" : 0,
      "p50" : 0.0,
      "p75" : 0.0,
      "p95" : 0.0,
      "p98" : 0.0,
      "p99" : 0.0,
      "p999" : 0.0,
      "values" : [ ],
      "stddev" : 0.0
    },
    "vm.memory.pools.Metaspace.committed.window.1h" : {
      "count" : 0,
      "max" : 0,
      "mean" : 0.0,
      "min" : 0,
      "p50" : 0.0,
      "p75" : 0.0,
      "p95" : 0.0,
      "p98" : 0.0,
      "p99" : 0.0,
      "p999" : 0.0,
      "values" : [ ],
      "stddev" : 0.0
    },
    "vm.memory.pools.Metaspace.committed.window.5m" : {
      "count" : 0,
      "max" : 0,
      "mean" : 0.0,
      "min" : 0,
      "p50" : 0.0,
      "p75" : 0.0,
      "p95" : 0.0,
      "p98" : 0.0,
      "p99" : 0.0,
      "p999" : 0.0,
      "values" : [ ],
      "stddev" : 0.0
    },
    "vm.memory.pools.Metaspace.usage.x100.history" : {
      "count" : 0,
      "max" : 0,
      "mean" : 0.0,
      "min" : 0,
      "p50" : 0.0,
      "p75" : 0.0,
      "p95" : 0.0,
      "p98" : 0.0,
      "p99" : 0.0,
      "p999" : 0.0,
      "values" : [ ],
      "stddev" : 0.0
    },
    "vm.memory.pools.Metaspace.usage.x100.window.15m" : {
      "count" : 0,
      "max" : 0,
      "mean" : 0.0,
      "min" : 0,
      "p50" : 0.0,
      "p75" : 0.0,
      "p95" : 0.0,
      "p98" : 0.0,
      "p99" : 0.0,
      "p999" : 0.0,
      "values" : [ ],
      "stddev" : 0.0
    },
    "vm.memory.pools.Metaspace.usage.x100.window.1h" : {
      "count" : 0,
      "max" : 0,
      "mean" : 0.0,
      "min" : 0,
      "p50" : 0.0,
      "p75" : 0.0,
      "p95" : 0.0,
      "p98" : 0.0,
      "p99" : 0.0,
      "p999" : 0.0,
      "values" : [ ],
      "stddev" : 0.0
    },
    "vm.memory.pools.Metaspace.usage.x100.window.5m" : {
      "count" : 0,
      "max" : 0,
      "mean" : 0.0,
      "min" : 0,
      "p50" : 0.0,
      "p75" : 0.0,
      "p95" : 0.0,
      "p98" : 0.0,
      "p99" : 0.0,
      "p999" : 0.0,
      "values" : [ ],
      "stddev" : 0.0
    },
    "vm.memory.pools.Metaspace.used.history" : {
      "count" : 0,
      "max" : 0,
      "mean" : 0.0,
      "min" : 0,
      "p50" : 0.0,
      "p75" : 0.0,
      "p95" : 0.0,
      "p98" : 0.0,
      "p99" : 0.0,
      "p999" : 0.0,
      "values" : [ ],
      "stddev" : 0.0
    },
    "vm.memory.pools.Metaspace.used.window.15m" : {
      "count" : 0,
      "max" : 0,
      "mean" : 0.0,
      "min" : 0,
      "p50" : 0.0,
      "p75" : 0.0,
      "p95" : 0.0,
      "p98" : 0.0,
      "p99" : 0.0,
      "p999" : 0.0,
      "values" : [ ],
      "stddev" : 0.0
    },
    "vm.memory.pools.Metaspace.used.window.1h" : {
      "count" : 0,
      "max" : 0,
      "mean" : 0.0,
      "min" : 0,
      "p50" : 0.0,
      "p75" : 0.0,
      "p95" : 0.0,
      "p98" : 0.0,
      "p99" : 0.0,
      "p999" : 0.0,
      "values" : [ ],
      "stddev" : 0.0
    },
    "vm.memory.pools.Metaspace.used.window.5m" : {
      "count" : 0,
      "max" : 0,
      "mean" : 0.0,
      "min" : 0,
      "p50" : 0.0,
      "p75" : 0.0,
      "p95" : 0.0,
      "p98" : 0.0,
      "p99" : 0.0,
      "p999" : 0.0,
      "values" : [ ],
      "stddev" : 0.0
    },
    "vm.memory.pools.PS-Eden-Space.committed.history" : {
      "count" : 0,
      "max" : 0,
      "mean" : 0.0,
      "min" : 0,
      "p50" : 0.0,
      "p75" : 0.0,
      "p95" : 0.0,
      "p98" : 0.0,
      "p99" : 0.0,
      "p999" : 0.0,
      "values" : [ ],
      "stddev" : 0.0
    },
    "vm.memory.pools.PS-Eden-Space.committed.window.15m" : {
      "count" : 0,
      "max" : 0,
      "mean" : 0.0,
      "min" : 0,
      "p50" : 0.0,
      "p75" : 0.0,
      "p95" : 0.0,
      "p98" : 0.0,
      "p99" : 0.0,
      "p999" : 0.0,
      "values" : [ ],
      "stddev" : 0.0
    },
    "vm.memory.pools.PS-Eden-Space.committed.window.1h" : {
      "count" : 0,
      "max" : 0,
      "mean" : 0.0,
      "min" : 0,
      "p50" : 0.0,
      "p75" : 0.0,
      "p95" : 0.0,
      "p98" : 0.0,
      "p99" : 0.0,
      "p999" : 0.0,
      "values" : [ ],
      "stddev" : 0.0
    },
    "vm.memory.pools.PS-Eden-Space.committed.window.5m" : {
      "count" : 0,
      "max" : 0,
      "mean" : 0.0,
      "min" : 0,
      "p50" : 0.0,
      "p75" : 0.0,
      "p95" : 0.0,
      "p98" : 0.0,
      "p99" : 0.0,
      "p999" : 0.0,
      "values" : [ ],
      "stddev" : 0.0
    },
    "vm.memory.pools.PS-Eden-Space.usage.x100.history" : {
      "count" : 0,
      "max" : 0,
      "mean" : 0.0,
      "min" : 0,
      "p50" : 0.0,
      "p75" : 0.0,
      "p95" : 0.0,
      "p98" : 0.0,
      "p99" : 0.0,
      "p999" : 0.0,
      "values" : [ ],
      "stddev" : 0.0
    },
    "vm.memory.pools.PS-Eden-Space.usage.x100.window.15m" : {
      "count" : 0,
      "max" : 0,
      "mean" : 0.0,
      "min" : 0,
      "p50" : 0.0,
      "p75" : 0.0,
      "p95" : 0.0,
      "p98" : 0.0,
      "p99" : 0.0,
      "p999" : 0.0,
      "values" : [ ],
      "stddev" : 0.0
    },
    "vm.memory.pools.PS-Eden-Space.usage.x100.window.1h" : {
      "count" : 0,
      "max" : 0,
      "mean" : 0.0,
      "min" : 0,
      "p50" : 0.0,
      "p75" : 0.0,
      "p95" : 0.0,
      "p98" : 0.0,
      "p99" : 0.0,
      "p999" : 0.0,
      "values" : [ ],
      "stddev" : 0.0
    },
    "vm.memory.pools.PS-Eden-Space.usage.x100.window.5m" : {
      "count" : 0,
      "max" : 0,
      "mean" : 0.0,
      "min" : 0,
      "p50" : 0.0,
      "p75" : 0.0,
      "p95" : 0.0,
      "p98" : 0.0,
      "p99" : 0.0,
      "p999" : 0.0,
      "values" : [ ],
      "stddev" : 0.0
    },
    "vm.memory.pools.PS-Eden-Space.used.history" : {
      "count" : 0,
      "max" : 0,
      "mean" : 0.0,
      "min" : 0,
      "p50" : 0.0,
      "p75" : 0.0,
      "p95" : 0.0,
      "p98" : 0.0,
      "p99" : 0.0,
      "p999" : 0.0,
      "values" : [ ],
      "stddev" : 0.0
    },
    "vm.memory.pools.PS-Eden-Space.used.window.15m" : {
      "count" : 0,
      "max" : 0,
      "mean" : 0.0,
      "min" : 0,
      "p50" : 0.0,
      "p75" : 0.0,
      "p95" : 0.0,
      "p98" : 0.0,
      "p99" : 0.0,
      "p999" : 0.0,
      "values" : [ ],
      "stddev" : 0.0
    },
    "vm.memory.pools.PS-Eden-Space.used.window.1h" : {
      "count" : 0,
      "max" : 0,
      "mean" : 0.0,
      "min" : 0,
      "p50" : 0.0,
      "p75" : 0.0,
      "p95" : 0.0,
      "p98" : 0.0,
      "p99" : 0.0,
      "p999" : 0.0,
      "values" : [ ],
      "stddev" : 0.0
    },
    "vm.memory.pools.PS-Eden-Space.used.window.5m" : {
      "count" : 0,
      "max" : 0,
      "mean" : 0.0,
      "min" : 0,
      "p50" : 0.0,
      "p75" : 0.0,
      "p95" : 0.0,
      "p98" : 0.0,
      "p99" : 0.0,
      "p999" : 0.0,
      "values" : [ ],
      "stddev" : 0.0
    },
    "vm.memory.pools.PS-Old-Gen.committed.history" : {
      "count" : 0,
      "max" : 0,
      "mean" : 0.0,
      "min" : 0,
      "p50" : 0.0,
      "p75" : 0.0,
      "p95" : 0.0,
      "p98" : 0.0,
      "p99" : 0.0,
      "p999" : 0.0,
      "values" : [ ],
      "stddev" : 0.0
    },
    "vm.memory.pools.PS-Old-Gen.committed.window.15m" : {
      "count" : 0,
      "max" : 0,
      "mean" : 0.0,
      "min" : 0,
      "p50" : 0.0,
      "p75" : 0.0,
      "p95" : 0.0,
      "p98" : 0.0,
      "p99" : 0.0,
      "p999" : 0.0,
      "values" : [ ],
      "stddev" : 0.0
    },
    "vm.memory.pools.PS-Old-Gen.committed.window.1h" : {
      "count" : 0,
      "max" : 0,
      "mean" : 0.0,
      "min" : 0,
      "p50" : 0.0,
      "p75" : 0.0,
      "p95" : 0.0,
      "p98" : 0.0,
      "p99" : 0.0,
      "p999" : 0.0,
      "values" : [ ],
      "stddev" : 0.0
    },
    "vm.memory.pools.PS-Old-Gen.committed.window.5m" : {
      "count" : 0,
      "max" : 0,
      "mean" : 0.0,
      "min" : 0,
      "p50" : 0.0,
      "p75" : 0.0,
      "p95" : 0.0,
      "p98" : 0.0,
      "p99" : 0.0,
      "p999" : 0.0,
      "values" : [ ],
      "stddev" : 0.0
    },
    "vm.memory.pools.PS-Old-Gen.usage.x100.history" : {
      "count" : 0,
      "max" : 0,
      "mean" : 0.0,
      "min" : 0,
      "p50" : 0.0,
      "p75" : 0.0,
      "p95" : 0.0,
      "p98" : 0.0,
      "p99" : 0.0,
      "p999" : 0.0,
      "values" : [ ],
      "stddev" : 0.0
    },
    "vm.memory.pools.PS-Old-Gen.usage.x100.window.15m" : {
      "count" : 0,
      "max" : 0,
      "mean" : 0.0,
      "min" : 0,
      "p50" : 0.0,
      "p75" : 0.0,
      "p95" : 0.0,
      "p98" : 0.0,
      "p99" : 0.0,
      "p999" : 0.0,
      "values" : [ ],
      "stddev" : 0.0
    },
    "vm.memory.pools.PS-Old-Gen.usage.x100.window.1h" : {
      "count" : 0,
      "max" : 0,
      "mean" : 0.0,
      "min" : 0,
      "p50" : 0.0,
      "p75" : 0.0,
      "p95" : 0.0,
      "p98" : 0.0,
      "p99" : 0.0,
      "p999" : 0.0,
      "values" : [ ],
      "stddev" : 0.0
    },
    "vm.memory.pools.PS-Old-Gen.usage.x100.window.5m" : {
      "count" : 0,
      "max" : 0,
      "mean" : 0.0,
      "min" : 0,
      "p50" : 0.0,
      "p75" : 0.0,
      "p95" : 0.0,
      "p98" : 0.0,
      "p99" : 0.0,
      "p999" : 0.0,
      "values" : [ ],
      "stddev" : 0.0
    },
    "vm.memory.pools.PS-Old-Gen.used.history" : {
      "count" : 0,
      "max" : 0,
      "mean" : 0.0,
      "min" : 0,
      "p50" : 0.0,
      "p75" : 0.0,
      "p95" : 0.0,
      "p98" : 0.0,
      "p99" : 0.0,
      "p999" : 0.0,
      "values" : [ ],
      "stddev" : 0.0
    },
    "vm.memory.pools.PS-Old-Gen.used.window.15m" : {
      "count" : 0,
      "max" : 0,
      "mean" : 0.0,
      "min" : 0,
      "p50" : 0.0,
      "p75" : 0.0,
      "p95" : 0.0,
      "p98" : 0.0,
      "p99" : 0.0,
      "p999" : 0.0,
      "values" : [ ],
      "stddev" : 0.0
    },
    "vm.memory.pools.PS-Old-Gen.used.window.1h" : {
      "count" : 0,
      "max" : 0,
      "mean" : 0.0,
      "min" : 0,
      "p50" : 0.0,
      "p75" : 0.0,
      "p95" : 0.0,
      "p98" : 0.0,
      "p99" : 0.0,
      "p999" : 0.0,
      "values" : [ ],
      "stddev" : 0.0
    },
    "vm.memory.pools.PS-Old-Gen.used.window.5m" : {
      "count" : 0,
      "max" : 0,
      "mean" : 0.0,
      "min" : 0,
      "p50" : 0.0,
      "p75" : 0.0,
      "p95" : 0.0,
      "p98" : 0.0,
      "p99" : 0.0,
      "p999" : 0.0,
      "values" : [ ],
      "stddev" : 0.0
    },
    "vm.memory.pools.PS-Survivor-Space.committed.history" : {
      "count" : 0,
      "max" : 0,
      "mean" : 0.0,
      "min" : 0,
      "p50" : 0.0,
      "p75" : 0.0,
      "p95" : 0.0,
      "p98" : 0.0,
      "p99" : 0.0,
      "p999" : 0.0,
      "values" : [ ],
      "stddev" : 0.0
    },
    "vm.memory.pools.PS-Survivor-Space.committed.window.15m" : {
      "count" : 0,
      "max" : 0,
      "mean" : 0.0,
      "min" : 0,
      "p50" : 0.0,
      "p75" : 0.0,
      "p95" : 0.0,
      "p98" : 0.0,
      "p99" : 0.0,
      "p999" : 0.0,
      "values" : [ ],
      "stddev" : 0.0
    },
    "vm.memory.pools.PS-Survivor-Space.committed.window.1h" : {
      "count" : 0,
      "max" : 0,
      "mean" : 0.0,
      "min" : 0,
      "p50" : 0.0,
      "p75" : 0.0,
      "p95" : 0.0,
      "p98" : 0.0,
      "p99" : 0.0,
      "p999" : 0.0,
      "values" : [ ],
      "stddev" : 0.0
    },
    "vm.memory.pools.PS-Survivor-Space.committed.window.5m" : {
      "count" : 0,
      "max" : 0,
      "mean" : 0.0,
      "min" : 0,
      "p50" : 0.0,
      "p75" : 0.0,
      "p95" : 0.0,
      "p98" : 0.0,
      "p99" : 0.0,
      "p999" : 0.0,
      "values" : [ ],
      "stddev" : 0.0
    },
    "vm.memory.pools.PS-Survivor-Space.usage.x100.history" : {
      "count" : 0,
      "max" : 0,
      "mean" : 0.0,
      "min" : 0,
      "p50" : 0.0,
      "p75" : 0.0,
      "p95" : 0.0,
      "p98" : 0.0,
      "p99" : 0.0,
      "p999" : 0.0,
      "values" : [ ],
      "stddev" : 0.0
    },
    "vm.memory.pools.PS-Survivor-Space.usage.x100.window.15m" : {
      "count" : 0,
      "max" : 0,
      "mean" : 0.0,
      "min" : 0,
      "p50" : 0.0,
      "p75" : 0.0,
      "p95" : 0.0,
      "p98" : 0.0,
      "p99" : 0.0,
      "p999" : 0.0,
      "values" : [ ],
      "stddev" : 0.0
    },
    "vm.memory.pools.PS-Survivor-Space.usage.x100.window.1h" : {
      "count" : 0,
      "max" : 0,
      "mean" : 0.0,
      "min" : 0,
      "p50" : 0.0,
      "p75" : 0.0,
      "p95" : 0.0,
      "p98" : 0.0,
      "p99" : 0.0,
      "p999" : 0.0,
      "values" : [ ],
      "stddev" : 0.0
    },
    "vm.memory.pools.PS-Survivor-Space.usage.x100.window.5m" : {
      "count" : 0,
      "max" : 0,
      "mean" : 0.0,
      "min" : 0,
      "p50" : 0.0,
      "p75" : 0.0,
      "p95" : 0.0,
      "p98" : 0.0,
      "p99" : 0.0,
      "p999" : 0.0,
      "values" : [ ],
      "stddev" : 0.0
    },
    "vm.memory.pools.PS-Survivor-Space.used.history" : {
      "count" : 0,
      "max" : 0,
      "mean" : 0.0,
      "min" : 0,
      "p50" : 0.0,
      "p75" : 0.0,
      "p95" : 0.0,
      "p98" : 0.0,
      "p99" : 0.0,
      "p999" : 0.0,
      "values" : [ ],
      "stddev" : 0.0
    },
    "vm.memory.pools.PS-Survivor-Space.used.window.15m" : {
      "count" : 0,
      "max" : 0,
      "mean" : 0.0,
      "min" : 0,
      "p50" : 0.0,
      "p75" : 0.0,
      "p95" : 0.0,
      "p98" : 0.0,
      "p99" : 0.0,
      "p999" : 0.0,
      "values" : [ ],
      "stddev" : 0.0
    },
    "vm.memory.pools.PS-Survivor-Space.used.window.1h" : {
      "count" : 0,
      "max" : 0,
      "mean" : 0.0,
      "min" : 0,
      "p50" : 0.0,
      "p75" : 0.0,
      "p95" : 0.0,
      "p98" : 0.0,
      "p99" : 0.0,
      "p999" : 0.0,
      "values" : [ ],
      "stddev" : 0.0
    },
    "vm.memory.pools.PS-Survivor-Space.used.window.5m" : {
      "count" : 0,
      "max" : 0,
      "mean" : 0.0,
      "min" : 0,
      "p50" : 0.0,
      "p75" : 0.0,
      "p95" : 0.0,
      "p98" : 0.0,
      "p99" : 0.0,
      "p999" : 0.0,
      "values" : [ ],
      "stddev" : 0.0
    },
    "vm.memory.total.committed.history" : {
      "count" : 0,
      "max" : 0,
      "mean" : 0.0,
      "min" : 0,
      "p50" : 0.0,
      "p75" : 0.0,
      "p95" : 0.0,
      "p98" : 0.0,
      "p99" : 0.0,
      "p999" : 0.0,
      "values" : [ ],
      "stddev" : 0.0
    },
    "vm.memory.total.committed.window.15m" : {
      "count" : 0,
      "max" : 0,
      "mean" : 0.0,
      "min" : 0,
      "p50" : 0.0,
      "p75" : 0.0,
      "p95" : 0.0,
      "p98" : 0.0,
      "p99" : 0.0,
      "p999" : 0.0,
      "values" : [ ],
      "stddev" : 0.0
    },
    "vm.memory.total.committed.window.1h" : {
      "count" : 0,
      "max" : 0,
      "mean" : 0.0,
      "min" : 0,
      "p50" : 0.0,
      "p75" : 0.0,
      "p95" : 0.0,
      "p98" : 0.0,
      "p99" : 0.0,
      "p999" : 0.0,
      "values" : [ ],
      "stddev" : 0.0
    },
    "vm.memory.total.committed.window.5m" : {
      "count" : 0,
      "max" : 0,
      "mean" : 0.0,
      "min" : 0,
      "p50" : 0.0,
      "p75" : 0.0,
      "p95" : 0.0,
      "p98" : 0.0,
      "p99" : 0.0,
      "p999" : 0.0,
      "values" : [ ],
      "stddev" : 0.0
    },
    "vm.memory.total.used.history" : {
      "count" : 0,
      "max" : 0,
      "mean" : 0.0,
      "min" : 0,
      "p50" : 0.0,
      "p75" : 0.0,
      "p95" : 0.0,
      "p98" : 0.0,
      "p99" : 0.0,
      "p999" : 0.0,
      "values" : [ ],
      "stddev" : 0.0
    },
    "vm.memory.total.used.window.15m" : {
      "count" : 0,
      "max" : 0,
      "mean" : 0.0,
      "min" : 0,
      "p50" : 0.0,
      "p75" : 0.0,
      "p95" : 0.0,
      "p98" : 0.0,
      "p99" : 0.0,
      "p999" : 0.0,
      "values" : [ ],
      "stddev" : 0.0
    },
    "vm.memory.total.used.window.1h" : {
      "count" : 0,
      "max" : 0,
      "mean" : 0.0,
      "min" : 0,
      "p50" : 0.0,
      "p75" : 0.0,
      "p95" : 0.0,
      "p98" : 0.0,
      "p99" : 0.0,
      "p999" : 0.0,
      "values" : [ ],
      "stddev" : 0.0
    },
    "vm.memory.total.used.window.5m" : {
      "count" : 0,
      "max" : 0,
      "mean" : 0.0,
      "min" : 0,
      "p50" : 0.0,
      "p75" : 0.0,
      "p95" : 0.0,
      "p98" : 0.0,
      "p99" : 0.0,
      "p999" : 0.0,
      "values" : [ ],
      "stddev" : 0.0
    }
  },
  "meters" : {
    "http.responseCodes.badRequest" : {
      "count" : 0,
      "m15_rate" : 0.0,
      "m1_rate" : 0.0,
      "m5_rate" : 0.0,
      "mean_rate" : 0.0,
      "units" : "events/minute"
    },
    "http.responseCodes.created" : {
      "count" : 0,
      "m15_rate" : 0.0,
      "m1_rate" : 0.0,
      "m5_rate" : 0.0,
      "mean_rate" : 0.0,
      "units" : "events/minute"
    },
    "http.responseCodes.forbidden" : {
      "count" : 0,
      "m15_rate" : 0.0,
      "m1_rate" : 0.0,
      "m5_rate" : 0.0,
      "mean_rate" : 0.0,
      "units" : "events/minute"
    },
    "http.responseCodes.noContent" : {
      "count" : 0,
      "m15_rate" : 0.0,
      "m1_rate" : 0.0,
      "m5_rate" : 0.0,
      "mean_rate" : 0.0,
      "units" : "events/minute"
    },
    "http.responseCodes.notFound" : {
      "count" : 0,
      "m15_rate" : 0.0,
      "m1_rate" : 0.0,
      "m5_rate" : 0.0,
      "mean_rate" : 0.0,
      "units" : "events/minute"
    },
    "http.responseCodes.notModified" : {
      "count" : 89,
      "m15_rate" : 122.33123669108028,
      "m1_rate" : 54.50737750674145,
      "m5_rate" : 105.8428764775914,
      "mean_rate" : 48.46398506655087,
      "units" : "events/minute"
    },
    "http.responseCodes.ok" : {
      "count" : 375,
      "m15_rate" : 182.79391624765108,
      "m1_rate" : 195.76894627149977,
      "m5_rate" : 187.2750707704684,
      "mean_rate" : 204.20254168181836,
      "units" : "events/minute"
    },
    "http.responseCodes.other" : {
      "count" : 0,
      "m15_rate" : 0.0,
      "m1_rate" : 0.0,
      "m5_rate" : 0.0,
      "mean_rate" : 0.0,
      "units" : "events/minute"
    },
    "http.responseCodes.serverError" : {
      "count" : 0,
      "m15_rate" : 0.0,
      "m1_rate" : 0.0,
      "m5_rate" : 0.0,
      "mean_rate" : 0.0,
      "units" : "events/minute"
    },
    "http.responseCodes.serviceUnavailable" : {
      "count" : 0,
      "m15_rate" : 0.0,
      "m1_rate" : 0.0,
      "m5_rate" : 0.0,
      "mean_rate" : 0.0,
      "units" : "events/minute"
    },
    "jenkins.job.scheduled" : {
      "count" : 6,
      "m15_rate" : 0.37781887735959907,
      "m1_rate" : 2.7398644224592488,
      "m5_rate" : 1.013396004467539,
      "mean_rate" : 3.3508399417188284,
      "units" : "events/minute"
    },
    "jenkins.runs.aborted" : {
      "count" : 0,
      "m15_rate" : 0.0,
      "m1_rate" : 0.0,
      "m5_rate" : 0.0,
      "mean_rate" : 0.0,
      "units" : "events/minute"
    },
    "jenkins.runs.failure" : {
      "count" : 0,
      "m15_rate" : 0.0,
      "m1_rate" : 0.0,
      "m5_rate" : 0.0,
      "mean_rate" : 0.0,
      "units" : "events/minute"
    },
    "jenkins.runs.not_built" : {
      "count" : 0,
      "m15_rate" : 0.0,
      "m1_rate" : 0.0,
      "m5_rate" : 0.0,
      "mean_rate" : 0.0,
      "units" : "events/minute"
    },
    "jenkins.runs.success" : {
      "count" : 1,
      "m15_rate" : 0.06184964529431837,
      "m1_rate" : 0.3247464143057342,
      "m5_rate" : 0.15970509217546655,
      "mean_rate" : 0.5585134989178602,
      "units" : "events/minute"
    },
    "jenkins.runs.total" : {
      "count" : 1,
      "m15_rate" : 0.06184964529431837,
      "m1_rate" : 0.3247464143057342,
      "m5_rate" : 0.15970509217546655,
      "mean_rate" : 0.5585138427249972,
      "units" : "events/minute"
    },
    "jenkins.runs.unstable" : {
      "count" : 0,
      "m15_rate" : 0.0,
      "m1_rate" : 0.0,
      "m5_rate" : 0.0,
      "mean_rate" : 0.0,
      "units" : "events/minute"
    }
  },
  "timers" : {
    "http.requests" : {
      "count" : 464,
      "max" : 0.530803188,
      "mean" : 0.00964619976566033,
      "min" : 3.1500900000000005E-4,
      "p50" : 0.006835878,
      "p75" : 0.009129442,
      "p95" : 0.015598068000000001,
      "p98" : 0.026724208000000003,
      "p99" : 0.051554511000000004,
      "p999" : 0.46564862500000004,
      "values" : [ 3.1500900000000005E-4, 3.8227400000000005E-4, 4.23931E-4, 4.3188700000000005E-4, 4.70642E-4, 6.10662E-4, 6.43006E-4, 7.43437E-4, 7.577850000000001E-4, 7.610900000000001E-4, 8.228020000000001E-4, 0.001154183, 0.001175568, 0.001199528, 0.001267071, 0.0013372570000000001, 0.001442946, 0.001449175, 0.001461779, 0.0015256780000000001, 0.001927078, 0.002732473, 0.0031559490000000003, 0.004700323, 0.004818859, 0.0048191910000000004, 0.004825659, 0.004828479, 0.0048587940000000005, 0.0048651070000000005, 0.004894259000000001, 0.004930409, 0.0049609350000000005, 0.004966019, 0.004982627, 0.005020435, 0.005033060000000001, 0.0050417840000000005, 0.0050682950000000004, 0.005070769, 0.005071997, 0.005072552, 0.0051165030000000005, 0.005117012000000001, 0.005132628, 0.0051382400000000005, 0.005140443000000001, 0.005196685, 0.00521625, 0.005219052, 0.00523833, 0.00523894, 0.005262705, 0.005300918, 0.005302355, 0.005303585, 0.0053084560000000005, 0.005338428, 0.005354748, 0.0054049480000000006, 0.005407623, 0.005408021000000001, 0.005409713, 0.005414501, 0.005415158000000001, 0.005417113, 0.005435903000000001, 0.0054410430000000004, 0.005443169, 0.005450282000000001, 0.005464046, 0.005471191, 0.0054740430000000005, 0.005511781, 0.005520919, 0.005535276, 0.0055360010000000005, 0.005567004, 0.005613241000000001, 0.005629089, 0.005672387, 0.005688834, 0.0057266290000000004, 0.005743822, 0.005744845, 0.005760189000000001, 0.005770942, 0.005779917000000001, 0.00578965, 0.005795412000000001, 0.005817849, 0.005825012, 0.005833979, 0.005840395, 0.0058492050000000005, 0.005866082000000001, 0.005870394, 0.005873017, 0.0058751, 0.0058830670000000005, 0.005891495, 0.0058976720000000005, 0.005901005, 0.005924572, 0.00592561, 0.005935897000000001, 0.0059435, 0.005952423, 0.005959225, 0.005979277000000001, 0.00598015, 0.005981778, 0.005996568000000001, 0.006009915, 0.0060214380000000005, 0.006034515000000001, 0.006036363, 0.006038675, 0.006039346, 0.006040911, 0.006042438000000001, 0.006053958000000001, 0.006060055, 0.006060788, 0.006060908, 0.006063983, 0.006070413, 0.006084802, 0.006086468, 0.006089625, 0.006096008, 0.0061003080000000005, 0.006103716, 0.006103823, 0.006118913, 0.006123833, 0.006145013, 0.0061455450000000005, 0.006154444, 0.006157746, 0.006163326, 0.006169901, 0.006171946, 0.006184353, 0.00619027, 0.006192963, 0.006192996, 0.006193836, 0.006201605000000001, 0.006203709, 0.006214928000000001, 0.006217358, 0.006224173, 0.006234026, 0.0062360390000000005, 0.006236333, 0.006237701, 0.006239451, 0.006248881, 0.006263993000000001, 0.0062732940000000004, 0.006275791, 0.006285536, 0.006291073, 0.006296968, 0.006303236, 0.006321976, 0.006323076, 0.0063252510000000005, 0.006334994, 0.006347386, 0.006353379, 0.006355879, 0.006357508, 0.006362451000000001, 0.006366409000000001, 0.006370071000000001, 0.006383953, 0.0063855710000000005, 0.006388699, 0.006396464, 0.006398041, 0.0064004840000000006, 0.006402156, 0.006402639000000001, 0.006415591, 0.006416586, 0.006424136, 0.006425966, 0.006429459, 0.006433139, 0.006436689000000001, 0.006464629, 0.006468054, 0.006475216000000001, 0.006485949, 0.006486655, 0.006487667000000001, 0.006509957, 0.006510309000000001, 0.006532149, 0.006547642, 0.006566336000000001, 0.006575969, 0.0065934470000000005, 0.006593711, 0.006594919, 0.006597439, 0.006603849, 0.006604299, 0.006604339000000001, 0.0066195740000000005, 0.006620112, 0.006620867000000001, 0.0066222220000000005, 0.006625154, 0.006642495, 0.0066457370000000005, 0.006650205, 0.006721126, 0.006745588, 0.0067456420000000005, 0.006755217, 0.00676502, 0.006779505000000001, 0.0067865980000000005, 0.006793555000000001, 0.006803977, 0.006835878, 0.006838189000000001, 0.006842138, 0.006857632000000001, 0.006872083, 0.006906378, 0.006916455, 0.006926983, 0.00693966, 0.006941837, 0.006942195000000001, 0.006942231, 0.006955555, 0.0070137640000000005, 0.007017415000000001, 0.007019479, 0.007040468, 0.007040714000000001, 0.007050226000000001, 0.007076636000000001, 0.007081851, 0.0071071910000000005, 0.007110101000000001, 0.0071177210000000005, 0.007170503000000001, 0.007171259, 0.007173471000000001, 0.00721348, 0.007220324, 0.007228776, 0.0072667190000000005, 0.007281529, 0.007304819000000001, 0.007333611, 0.0073558320000000005, 0.007402136, 0.0074238540000000006, 0.007435884, 0.007467615, 0.007487309, 0.00749422, 0.007499087000000001, 0.007515415, 0.007525960000000001, 0.0076109490000000005, 0.007623269, 0.007658135000000001, 0.007750888000000001, 0.007766765, 0.007785373000000001, 0.007790371000000001, 0.007841315, 0.007860583, 0.007945233000000001, 0.007953831, 0.008038878000000001, 0.008119966000000001, 0.008121381, 0.00816216, 0.008170584, 0.008198902000000001, 0.008213414, 0.008238754000000001, 0.008244157, 0.008289199, 0.008289336000000001, 0.008308419000000001, 0.008318967, 0.008324173, 0.008415009000000001, 0.008459050000000001, 0.008466417, 0.008484462, 0.008496542000000001, 0.008521695000000001, 0.008522545000000001, 0.008534015, 0.008548735, 0.00856346, 0.008596238, 0.008618153, 0.00862424, 0.008649249000000001, 0.008684668000000001, 0.008686495, 0.008693989000000001, 0.008696121000000001, 0.008715109, 0.008741908000000001, 0.008754261000000001, 0.008791219000000001, 0.008887849, 0.008891193, 0.008926101, 0.008934876000000001, 0.008935808, 0.008937736, 0.008968982, 0.008970649, 0.008997561000000001, 0.009040019, 0.009044714, 0.009057147, 0.009060566, 0.009075647000000001, 0.009085877000000001, 0.009095161000000001, 0.009110925, 0.009125904, 0.009126460000000001, 0.009129442, 0.009153660000000001, 0.009157389, 0.00921069, 0.009234697, 0.009245904000000001, 0.009293412000000001, 0.009305942000000001, 0.009340126, 0.009345622000000001, 0.009383185, 0.009389468, 0.009421448, 0.009434175000000001, 0.009463783, 0.009469660000000001, 0.00952235, 0.009523773000000001, 0.009584608000000001, 0.009593478, 0.009605699, 0.009610093, 0.009616278, 0.009632883, 0.009634224, 0.009659054, 0.009662223000000001, 0.009675084, 0.009690459, 0.009699616000000001, 0.009723091000000001, 0.009743444, 0.009743566, 0.009748329, 0.009752534, 0.009765807000000001, 0.009774231000000001, 0.009796486, 0.009811419, 0.009912894, 0.009916362000000001, 0.009925664, 0.009933685000000001, 0.009938977, 0.009940677, 0.009962664000000001, 0.009993317, 0.010015607000000001, 0.010038342, 0.010064894000000001, 0.010144460000000001, 0.010146619, 0.010169393, 0.01019226, 0.010218050000000001, 0.01028181, 0.010315860000000001, 0.010349230000000001, 0.010433048, 0.010449088, 0.010493171, 0.010502008, 0.010555021000000001, 0.010621134, 0.010630484, 0.010720077000000001, 0.010784894000000001, 0.010815660000000001, 0.010853905, 0.010861903000000001, 0.010923885000000001, 0.011079557, 0.01110878, 0.011185813000000001, 0.011255948, 0.011300661, 0.011313053, 0.011483891000000001, 0.01188607, 0.012171516, 0.012182285000000001, 0.012371242000000001, 0.012430052, 0.012956943, 0.013063703000000001, 0.013251102, 0.013429075, 0.013450684000000001, 0.013477749, 0.013643625000000001, 0.013695901000000002, 0.013793590000000001, 0.014045279, 0.014235799, 0.014655385000000002, 0.014726001, 0.014933022, 0.015089219000000001, 0.015442500000000001, 0.015598068000000001, 0.01607911, 0.016152485, 0.01628573, 0.017282291, 0.017927405, 0.018705485, 0.018774428000000003, 0.019168168000000003, 0.020012922000000002, 0.020126534, 0.020878341, 0.021368915000000002, 0.023466541, 0.025521747, 0.026724208000000003, 0.030652635, 0.035491889000000006, 0.035636509000000004, 0.037382618, 0.044868657000000006, 0.051554511000000004, 0.059701010000000006, 0.063979943, 0.284897878, 0.46564862500000004, 0.530803188 ],
      "stddev" : 0.02398307092976872,
      "m15_rate" : 305.1251529387314,
      "m1_rate" : 250.27632377824125,
      "m5_rate" : 293.1179472480598,
      "mean_rate" : 252.6657836099237,
      "duration_units" : "seconds",
      "rate_units" : "calls/minute"
    },
    "jenkins.health-check.duration" : {
      "count" : 0,
      "max" : 0.0,
      "mean" : 0.0,
      "min" : 0.0,
      "p50" : 0.0,
      "p75" : 0.0,
      "p95" : 0.0,
      "p98" : 0.0,
      "p99" : 0.0,
      "p999" : 0.0,
      "values" : [ ],
      "stddev" : 0.0,
      "m15_rate" : 0.0,
      "m1_rate" : 0.0,
      "m5_rate" : 0.0,
      "mean_rate" : 0.0,
      "duration_units" : "seconds",
      "rate_units" : "calls/minute"
    },
    "jenkins.job.blocked.duration" : {
      "count" : 0,
      "max" : 0.0,
      "mean" : 0.0,
      "min" : 0.0,
      "p50" : 0.0,
      "p75" : 0.0,
      "p95" : 0.0,
      "p98" : 0.0,
      "p99" : 0.0,
      "p999" : 0.0,
      "values" : [ ],
      "stddev" : 0.0,
      "m15_rate" : 0.0,
      "m1_rate" : 0.0,
      "m5_rate" : 0.0,
      "mean_rate" : 0.0,
      "duration_units" : "seconds",
      "rate_units" : "calls/minute"
    },
    "jenkins.job.buildable.duration" : {
      "count" : 2,
      "max" : 0.023807852,
      "mean" : 0.009791820794402366,
      "min" : 4.43453E-4,
      "p50" : 4.43453E-4,
      "p75" : 0.023807852,
      "p95" : 0.023807852,
      "p98" : 0.023807852,
      "p99" : 0.023807852,
      "p999" : 0.023807852,
      "values" : [ 4.43453E-4, 0.023807852 ],
      "stddev" : 0.01144670322528489,
      "m15_rate" : 0.12268457842757446,
      "m1_rate" : 0.585659166623028,
      "m5_rate" : 0.311794377994203,
      "mean_rate" : 1.116914012286684,
      "duration_units" : "seconds",
      "rate_units" : "calls/minute"
    },
    "jenkins.job.building.duration" : {
      "count" : 2,
      "max" : 19.27606407,
      "mean" : 19.221032035,
      "min" : 19.166,
      "p50" : 19.27606407,
      "p75" : 19.27606407,
      "p95" : 19.27606407,
      "p98" : 19.27606407,
      "p99" : 19.27606407,
      "p999" : 19.27606407,
      "values" : [ 19.166, 19.27606407 ],
      "stddev" : 0.055032035,
      "m15_rate" : 0.12369929058863674,
      "m1_rate" : 0.6494928286114684,
      "m5_rate" : 0.3194101843509331,
      "mean_rate" : 1.1169134469109745,
      "duration_units" : "seconds",
      "rate_units" : "calls/minute"
    },
    "jenkins.job.queuing.duration" : {
      "count" : 4,
      "max" : 5.9,
      "mean" : 3.228678084993212,
      "min" : 0.002,
      "p50" : 5.017,
      "p75" : 5.017,
      "p95" : 5.9,
      "p98" : 5.9,
      "p99" : 5.9,
      "p999" : 5.9,
      "values" : [ 0.002, 0.026000000000000002, 5.017, 5.9 ],
      "stddev" : 2.630377076680511,
      "m15_rate" : 0.24883651422726955,
      "m1_rate" : 1.4923517482397983,
      "m5_rate" : 0.6509672347448986,
      "mean_rate" : 2.233816967834267,
      "duration_units" : "seconds",
      "rate_units" : "calls/minute"
    },
    "jenkins.job.total.duration" : {
      "count" : 1,
      "max" : 19.192,
      "mean" : 19.192,
      "min" : 19.192,
      "p50" : 19.192,
      "p75" : 19.192,
      "p95" : 19.192,
      "p98" : 19.192,
      "p99" : 19.192,
      "p999" : 19.192,
      "values" : [ 19.192 ],
      "stddev" : 0.0,
      "m15_rate" : 0.06184964529431837,
      "m1_rate" : 0.3247464143057342,
      "m5_rate" : 0.15970509217546655,
      "mean_rate" : 0.5584542870083568,
      "duration_units" : "seconds",
      "rate_units" : "calls/minute"
    },
    "jenkins.job.waiting.duration" : {
      "count" : 6,
      "max" : 5.891418473000001,
      "mean" : 1.7584881921516884,
      "min" : 5.13319E-4,
      "p50" : 0.001807112,
      "p75" : 5.0008750740000005,
      "p95" : 5.891418473000001,
      "p98" : 5.891418473000001,
      "p99" : 5.891418473000001,
      "p999" : 5.891418473000001,
      "values" : [ 5.13319E-4, 0.0010300300000000001, 0.001289414, 0.001807112, 5.0008750740000005, 5.891418473000001 ],
      "stddev" : 2.5180167076597035,
      "m15_rate" : 0.3785177782584059,
      "m1_rate" : 2.812359558573668,
      "m5_rate" : 1.0190020386927967,
      "mean_rate" : 3.350704004136117,
      "duration_units" : "seconds",
      "rate_units" : "calls/minute"
    },
    "jenkins.node.builds" : {
      "count" : 0,
      "max" : 0.0,
      "mean" : 0.0,
      "min" : 0.0,
      "p50" : 0.0,
      "p75" : 0.0,
      "p95" : 0.0,
      "p98" : 0.0,
      "p99" : 0.0,
      "p999" : 0.0,
      "values" : [ ],
      "stddev" : 0.0,
      "m15_rate" : 0.0,
      "m1_rate" : 0.0,
      "m5_rate" : 0.0,
      "mean_rate" : 0.0,
      "duration_units" : "seconds",
      "rate_units" : "calls/minute"
    },
    "jenkins.node.jenkins-w10 (jenkinsw-vm4).builds" : {
      "count" : 1,
      "max" : 19.274901949,
      "mean" : 19.274901949,
      "min" : 19.274901949,
      "p50" : 19.274901949,
      "p75" : 19.274901949,
      "p95" : 19.274901949,
      "p98" : 19.274901949,
      "p99" : 19.274901949,
      "p999" : 19.274901949,
      "values" : [ 19.274901949 ],
      "stddev" : 0.0,
      "m15_rate" : 0.06150698885854463,
      "m1_rate" : 0.2987811246528909,
      "m5_rate" : 0.15706539918452153,
      "mean_rate" : 0.6591010640807038,
      "duration_units" : "seconds",
      "rate_units" : "calls/minute"
    }
  }
}