{
  "version" : "3.0.0",
  "gauges" : {
    "jenkins.executor.count.value" : {
      "value" : 3
    },
    "jenkins.executor.free.value" : {
      "value" : 3
    },
    "jenkins.executor.in-use.value" : {
      "value" : 0
    },
    "jenkins.health-check.count" : {
      "value" : 4
    },
    "jenkins.health-check.inverse-score" : {
      "value" : 0.0
    },
    "jenkins.health-check.score" : {
      "value" : 1.0
    },
    "jenkins.job.count.value" : {
      "value" : 5
    },
    "jenkins.job.disk-usage.builds.locked" : {
      "value" : 0
    },
    "jenkins.job.disk-usage.builds.total" : {
      "value" : 0
    },
    "jenkins.job.disk-usage.total" : {
      "value" : 0
    },
    "jenkins.job.disk-usage.without-builds" : {
      "value" : 0
    },
    "jenkins.job.disk-usage.workspaces" : {
      "value" : 0
    },
    "jenkins.node.count.value" : {
      "value" : 11
    },
    "jenkins.node.offline.value" : {
      "value" : 10
    },
    "jenkins.node.online.value" : {
      "value" : 1
    },
    "jenkins.plugins.active" : {
      "value" : 74
    },
    "jenkins.plugins.failed" : {
      "value" : 0
    },
    "jenkins.plugins.inactive" : {
      "value" : 0
    },
    "jenkins.plugins.withUpdate" : {
      "value" : 3
    },
    "jenkins.project.count.value" : {
      "value" : 5
    },
    "jenkins.project.disabled.count.value" : {
      "value" : 5
    },
    "jenkins.project.enabled.count.value" : {
      "value" : 0
    },
    "jenkins.queue.blocked.value" : {
      "value" : 0
    },
    "jenkins.queue.buildable.value" : {
      "value" : 0
    },
    "jenkins.queue.pending.value" : {
      "value" : 0
    },
    "jenkins.queue.size.value" : {
      "value" : 0
    },
    "jenkins.queue.stuck.value" : {
      "value" : 0
    },
    "jenkins.versions.core" : {
      "value" : "1.652"
    },
    "jenkins.versions.plugin.JDK_Parameter_Plugin" : {
      "value" : "1.0"
    },
    "jenkins.versions.plugin.Parameterized-Remote-Trigger" : {
      "value" : "2.2.2"
    },
    "jenkins.versions.plugin.active-directory" : {
      "value" : "1.42"
    },
    "jenkins.versions.plugin.allure-jenkins-plugin" : {
      "value" : "2.10"
    },
    "jenkins.versions.plugin.ant" : {
      "value" : "1.2"
    },
    "jenkins.versions.plugin.antisamy-markup-formatter" : {
      "value" : "1.3"
    },
    "jenkins.versions.plugin.appdynamics-dashboard" : {
      "value" : "1.0.7"
    },
    "jenkins.versions.plugin.avatar" : {
      "value" : "1.2"
    },
    "jenkins.versions.plugin.build-environment" : {
      "value" : "1.6"
    },
    "jenkins.versions.plugin.build-flow-plugin" : {
      "value" : "0.18"
    },
    "jenkins.versions.plugin.build-timeout" : {
      "value" : "1.16"
    },
    "jenkins.versions.plugin.buildgraph-view" : {
      "value" : "1.1.1"
    },
    "jenkins.versions.plugin.buildtriggerbadge" : {
      "value" : "2.2"
    },
    "jenkins.versions.plugin.chromedriver" : {
      "value" : "1.2"
    },
    "jenkins.versions.plugin.cobertura" : {
      "value" : "1.9.7"
    },
    "jenkins.versions.plugin.configurationslicing" : {
      "value" : "1.45"
    },
    "jenkins.versions.plugin.copy-to-slave" : {
      "value" : "1.4.4"
    },
    "jenkins.versions.plugin.credentials" : {
      "value" : "1.25"
    },
    "jenkins.versions.plugin.cvs" : {
      "value" : "2.12"
    },
    "jenkins.versions.plugin.disk-usage" : {
      "value" : "0.28"
    },
    "jenkins.versions.plugin.email-ext" : {
      "value" : "2.41.3"
    },
    "jenkins.versions.plugin.external-monitor-job" : {
      "value" : "1.4"
    },
    "jenkins.versions.plugin.git" : {
      "value" : "2.4.2"
    },
    "jenkins.versions.plugin.git-client" : {
      "value" : "1.19.6"
    },
    "jenkins.versions.plugin.github" : {
      "value" : "1.17.1"
    },
    "jenkins.versions.plugin.github-api" : {
      "value" : "1.72.1"
    },
    "jenkins.versions.plugin.greenballs" : {
      "value" : "1.15"
    },
    "jenkins.versions.plugin.hp-application-automation-tools-plugin" : {
      "value" : "4.0.1"
    },
    "jenkins.versions.plugin.icon-shim" : {
      "value" : "2.0.3"
    },
    "jenkins.versions.plugin.jackson2-api" : {
      "value" : "2.5.4"
    },
    "jenkins.versions.plugin.javadoc" : {
      "value" : "1.3"
    },
    "jenkins.versions.plugin.jqs-monitoring" : {
      "value" : "1.4"
    },
    "jenkins.versions.plugin.junit" : {
      "value" : "1.11"
    },
    "jenkins.versions.plugin.label-linked-jobs" : {
      "value" : "4.0.3"
    },
    "jenkins.versions.plugin.ldap" : {
      "value" : "1.11"
    },
    "jenkins.versions.plugin.mailer" : {
      "value" : "1.16"
    },
    "jenkins.versions.plugin.mailmap-resolver" : {
      "value" : "0.2"
    },
    "jenkins.versions.plugin.mapdb-api" : {
      "value" : "1.0.6.0"
    },
    "jenkins.versions.plugin.matrix-auth" : {
      "value" : "1.3.2"
    },
    "jenkins.versions.plugin.matrix-project" : {
      "value" : "1.6"
    },
    "jenkins.versions.plugin.maven-plugin" : {
      "value" : "2.12.1"
    },
    "jenkins.versions.plugin.metrics" : {
      "value" : "3.1.2.7"
    },
    "jenkins.versions.plugin.metrics-diskusage" : {
      "value" : "3.0.0"
    },
    "jenkins.versions.plugin.nodejs" : {
      "value" : "0.2.1"
    },
    "jenkins.versions.plugin.pam-auth" : {
      "value" : "1.2"
    },
    "jenkins.versions.plugin.performance" : {
      "value" : "1.13"
    },
    "jenkins.versions.plugin.plain-credentials" : {
      "value" : "1.1"
    },
    "jenkins.versions.plugin.postbuild-task" : {
      "value" : "1.8"
    },
    "jenkins.versions.plugin.postbuildscript" : {
      "value" : "0.17"
    },
    "jenkins.versions.plugin.publish-over-ftp" : {
      "value" : "1.11"
    },
    "jenkins.versions.plugin.scm-api" : {
      "value" : "1.1"
    },
    "jenkins.versions.plugin.scm-sync-configuration" : {
      "value" : "0.0.8"
    },
    "jenkins.versions.plugin.script-security" : {
      "value" : "1.17"
    },
    "jenkins.versions.plugin.show-build-parameters" : {
      "value" : "1.0"
    },
    "jenkins.versions.plugin.sidebar-link" : {
      "value" : "1.7"
    },
    "jenkins.versions.plugin.slack" : {
      "value" : "1.8.1"
    },
    "jenkins.versions.plugin.slave-status" : {
      "value" : "1.6"
    },
    "jenkins.versions.plugin.sonar" : {
      "value" : "2.3"
    },
    "jenkins.versions.plugin.ssh-credentials" : {
      "value" : "1.11"
    },
    "jenkins.versions.plugin.ssh-slaves" : {
      "value" : "1.10"
    },
    "jenkins.versions.plugin.ssh2easy" : {
      "value" : "1.3"
    },
    "jenkins.versions.plugin.subversion" : {
      "value" : "1.54"
    },
    "jenkins.versions.plugin.support-core" : {
      "value" : "2.31"
    },
    "jenkins.versions.plugin.svn-release-mgr" : {
      "value" : "1.2"
    },
    "jenkins.versions.plugin.test-results-analyzer" : {
      "value" : "0.3.3"
    },
    "jenkins.versions.plugin.testng-plugin" : {
      "value" : "1.10"
    },
    "jenkins.versions.plugin.text-finder" : {
      "value" : "1.10"
    },
    "jenkins.versions.plugin.timestamper" : {
      "value" : "1.7.4"
    },
    "jenkins.versions.plugin.token-macro" : {
      "value" : "1.12.1"
    },
    "jenkins.versions.plugin.translation" : {
      "value" : "1.12"
    },
    "jenkins.versions.plugin.validating-string-parameter" : {
      "value" : "2.3"
    },
    "jenkins.versions.plugin.versioncolumn" : {
      "value" : "0.2"
    },
    "jenkins.versions.plugin.windows-slaves" : {
      "value" : "1.1"
    },
    "jenkins.versions.plugin.xvfb" : {
      "value" : "1.1.2"
    },
    "system.cpu.load" : {
      "value" : 0.72
    },
    "vm.blocked.count" : {
      "value" : 0
    },
    "vm.count" : {
      "value" : 43
    },
    "vm.cpu.load" : {
      "value" : 0.10194760708576649
    },
    "vm.daemon.count" : {
      "value" : 36
    },
    "vm.deadlock.count" : {
      "value" : 0
    },
    "vm.deadlocks" : {
      "value" : [ ]
    },
    "vm.file.descriptor.ratio" : {
      "value" : 0.00505
    },
    "vm.gc.PS-MarkSweep.count" : {
      "value" : 3
    },
    "vm.gc.PS-MarkSweep.time" : {
      "value" : 370
    },
    "vm.gc.PS-Scavenge.count" : {
      "value" : 32
    },
    "vm.gc.PS-Scavenge.time" : {
      "value" : 376
    },
    "vm.memory.heap.committed" : {
      "value" : 417857536
    },
    "vm.memory.heap.init" : {
      "value" : 65011712
    },
    "vm.memory.heap.max" : {
      "value" : 921174016
    },
    "vm.memory.heap.usage" : {
      "value" : 0.17782495506256224
    },
    "vm.memory.heap.used" : {
      "value" : 163807728
    },
    "vm.memory.non-heap.committed" : {
      "value" : 121208832
    },
    "vm.memory.non-heap.init" : {
      "value" : 2555904
    },
    "vm.memory.non-heap.max" : {
      "value" : -1
    },
    "vm.memory.non-heap.usage" : {
      "value" : -1.13127488E8
    },
    "vm.memory.non-heap.used" : {
      "value" : 113127488
    },
    "vm.memory.pools.Code-Cache.committed" : {
      "value" : 27852800
    },
    "vm.memory.pools.Code-Cache.init" : {
      "value" : 2555904
    },
    "vm.memory.pools.Code-Cache.max" : {
      "value" : 251658240
    },
    "vm.memory.pools.Code-Cache.usage" : {
      "value" : 0.10991592407226562
    },
    "vm.memory.pools.Code-Cache.used" : {
      "value" : 27662656
    },
    "vm.memory.pools.Compressed-Class-Space.committed" : {
      "value" : 10665984
    },
    "vm.memory.pools.Compressed-Class-Space.init" : {
      "value" : 0
    },
    "vm.memory.pools.Compressed-Class-Space.max" : {
      "value" : 1073741824
    },
    "vm.memory.pools.Compressed-Class-Space.usage" : {
      "value" : 0.008428826928138733
    },
    "vm.memory.pools.Compressed-Class-Space.used" : {
      "value" : 9050384
    },
    "vm.memory.pools.Metaspace.committed" : {
      "value" : 82755584
    },
    "vm.memory.pools.Metaspace.init" : {
      "value" : 0
    },
    "vm.memory.pools.Metaspace.max" : {
      "value" : -1
    },
    "vm.memory.pools.Metaspace.usage" : {
      "value" : 0.9237718629355574
    },
    "vm.memory.pools.Metaspace.used" : {
      "value" : 76447280
    },
    "vm.memory.pools.PS-Eden-Space.committed" : {
      "value" : 304087040
    },
    "vm.memory.pools.PS-Eden-Space.init" : {
      "value" : 16252928
    },
    "vm.memory.pools.PS-Eden-Space.max" : {
      "value" : 306184192
    },
    "vm.memory.pools.PS-Eden-Space.usage" : {
      "value" : 0.23884893443486463
    },
    "vm.memory.pools.PS-Eden-Space.used" : {
      "value" : 73131768
    },
    "vm.memory.pools.PS-Old-Gen.committed" : {
      "value" : 95420416
    },
    "vm.memory.pools.PS-Old-Gen.init" : {
      "value" : 43515904
    },
    "vm.memory.pools.PS-Old-Gen.max" : {
      "value" : 691011584
    },
    "vm.memory.pools.PS-Old-Gen.usage" : {
      "value" : 0.11306997713080306
    },
    "vm.memory.pools.PS-Old-Gen.used" : {
      "value" : 78132664
    },
    "vm.memory.pools.PS-Survivor-Space.committed" : {
      "value" : 18350080
    },
    "vm.memory.pools.PS-Survivor-Space.init" : {
      "value" : 2621440
    },
    "vm.memory.pools.PS-Survivor-Space.max" : {
      "value" : 18350080
    },
    "vm.memory.pools.PS-Survivor-Space.usage" : {
      "value" : 0.6835553850446429
    },
    "vm.memory.pools.PS-Survivor-Space.used" : {
      "value" : 12543296
    },
    "vm.memory.total.committed" : {
      "value" : 539131904
    },
    "vm.memory.total.init" : {
      "value" : 67567616
    },
    "vm.memory.total.max" : {
      "value" : 921174015
    },
    "vm.memory.total.used" : {
      "value" : 276985520
    },
    "vm.new.count" : {
      "value" : 0
    },
    "vm.runnable.count" : {
      "value" : 10
    },
    "vm.terminated.count" : {
      "value" : 0
    },
    "vm.timed_waiting.count" : {
      "value" : 19
    },
    "vm.uptime.milliseconds" : {
      "value" : 95252
    },
    "vm.waiting.count" : {
      "value" : 14
    }
  },
  "counters" : {
    "http.activeRequests" : {
      "count" : 1
    }
  },
  "histograms" : {
    "jenkins.executor.count.history" : {
      "count" : 5,
      "max" : 3,
      "mean" : 3.0,
      "min" : 3,
      "p50" : 3.0,
      "p75" : 3.0,
      "p95" : 3.0,
      "p98" : 3.0,
      "p99" : 3.0,
      "p999" : 3.0,
      "values" : [ 3, 3, 3, 3, 3 ],
      "stddev" : 0.0
    },
    "jenkins.executor.free.history" : {
      "count" : 5,
      "max" : 3,
      "mean" : 3.0,
      "min" : 3,
      "p50" : 3.0,
      "p75" : 3.0,
      "p95" : 3.0,
      "p98" : 3.0,
      "p99" : 3.0,
      "p999" : 3.0,
      "values" : [ 3, 3, 3, 3, 3 ],
      "stddev" : 0.0
    },
    "jenkins.executor.in-use.history" : {
      "count" : 5,
      "max" : 0,
      "mean" : 0.0,
      "min" : 0,
      "p50" : 0.0,
      "p75" : 0.0,
      "p95" : 0.0,
      "p98" : 0.0,
      "p99" : 0.0,
      "p999" : 0.0,
      "values" : [ 0, 0, 0, 0, 0 ],
      "stddev" : 0.0
    },
    "jenkins.job.count.history" : {
      "count" : 5,
      "max" : 5,
      "mean" : 5.0,
      "min" : 5,
      "p50" : 5.0,
      "p75" : 5.0,
      "p95" : 5.0,
      "p98" : 5.0,
      "p99" : 5.0,
      "p999" : 5.0,
      "values" : [ 5, 5, 5, 5, 5 ],
      "stddev" : 0.0
    },
    "jenkins.node.count.history" : {
      "count" : 5,
      "max" : 11,
      "mean" : 10.999999999999998,
      "min" : 11,
      "p50" : 11.0,
      "p75" : 11.0,
      "p95" : 11.0,
      "p98" : 11.0,
      "p99" : 11.0,
      "p999" : 11.0,
      "values" : [ 11, 11, 11, 11, 11 ],
      "stddev" : 1.7763568394002503E-15
    },
    "jenkins.node.offline.history" : {
      "count" : 5,
      "max" : 10,
      "mean" : 10.0,
      "min" : 10,
      "p50" : 10.0,
      "p75" : 10.0,
      "p95" : 10.0,
      "p98" : 10.0,
      "p99" : 10.0,
      "p999" : 10.0,
      "values" : [ 10, 10, 10, 10, 10 ],
      "stddev" : 0.0
    },
    "jenkins.node.online.history" : {
      "count" : 5,
      "max" : 1,
      "mean" : 0.9999999999999999,
      "min" : 1,
      "p50" : 1.0,
      "p75" : 1.0,
      "p95" : 1.0,
      "p98" : 1.0,
      "p99" : 1.0,
      "p999" : 1.0,
      "values" : [ 1, 1, 1, 1, 1 ],
      "stddev" : 1.1102230246251564E-16
    },
    "jenkins.project.count.history" : {
      "count" : 5,
      "max" : 5,
      "mean" : 5.0,
      "min" : 5,
      "p50" : 5.0,
      "p75" : 5.0,
      "p95" : 5.0,
      "p98" : 5.0,
      "p99" : 5.0,
      "p999" : 5.0,
      "values" : [ 5, 5, 5, 5, 5 ],
      "stddev" : 0.0
    },
    "jenkins.project.disabled.count.history" : {
      "count" : 5,
      "max" : 5,
      "mean" : 5.0,
      "min" : 5,
      "p50" : 5.0,
      "p75" : 5.0,
      "p95" : 5.0,
      "p98" : 5.0,
      "p99" : 5.0,
      "p999" : 5.0,
      "values" : [ 5, 5, 5, 5, 5 ],
      "stddev" : 0.0
    },
    "jenkins.project.enabled.count.history" : {
      "count" : 5,
      "max" : 0,
      "mean" : 0.0,
      "min" : 0,
      "p50" : 0.0,
      "p75" : 0.0,
      "p95" : 0.0,
      "p98" : 0.0,
      "p99" : 0.0,
      "p999" : 0.0,
      "values" : [ 0, 0, 0, 0, 0 ],
      "stddev" : 0.0
    },
    "jenkins.queue.blocked.history" : {
      "count" : 5,
      "max" : 0,
      "mean" : 0.0,
      "min" : 0,
      "p50" : 0.0,
      "p75" : 0.0,
      "p95" : 0.0,
      "p98" : 0.0,
      "p99" : 0.0,
      "p999" : 0.0,
      "values" : [ 0, 0, 0, 0, 0 ],
      "stddev" : 0.0
    },
    "jenkins.queue.buildable.history" : {
      "count" : 5,
      "max" : 0,
      "mean" : 0.0,
      "min" : 0,
      "p50" : 0.0,
      "p75" : 0.0,
      "p95" : 0.0,
      "p98" : 0.0,
      "p99" : 0.0,
      "p999" : 0.0,
      "values" : [ 0, 0, 0, 0, 0 ],
      "stddev" : 0.0
    },
    "jenkins.queue.pending.history" : {
      "count" : 5,
      "max" : 0,
      "mean" : 0.0,
      "min" : 0,
      "p50" : 0.0,
      "p75" : 0.0,
      "p95" : 0.0,
      "p98" : 0.0,
      "p99" : 0.0,
      "p999" : 0.0,
      "values" : [ 0, 0, 0, 0, 0 ],
      "stddev" : 0.0
    },
    "jenkins.queue.size.history" : {
      "count" : 5,
      "max" : 0,
      "mean" : 0.0,
      "min" : 0,
      "p50" : 0.0,
      "p75" : 0.0,
      "p95" : 0.0,
      "p98" : 0.0,
      "p99" : 0.0,
      "p999" : 0.0,
      "values" : [ 0, 0, 0, 0, 0 ],
      "stddev" : 0.0
    },
    "jenkins.queue.stuck.history" : {
      "count" : 5,
      "max" : 0,
      "mean" : 0.0,
      "min" : 0,
      "p50" : 0.0,
      "p75" : 0.0,
      "p95" : 0.0,
      "p98" : 0.0,
      "p99" : 0.0,
      "p999" : 0.0,
      "values" : [ 0, 0, 0, 0, 0 ],
      "stddev" : 0.0
    }
  },
  "meters" : {
    "http.responseCodes.badRequest" : {
      "count" : 0,
      "m15_rate" : 0.0,
      "m1_rate" : 0.0,
      "m5_rate" : 0.0,
      "mean_rate" : 0.0,
      "units" : "events/minute"
    },
    "http.responseCodes.created" : {
      "count" : 0,
      "m15_rate" : 0.0,
      "m1_rate" : 0.0,
      "m5_rate" : 0.0,
      "mean_rate" : 0.0,
      "units" : "events/minute"
    },
    "http.responseCodes.forbidden" : {
      "count" : 0,
      "m15_rate" : 0.0,
      "m1_rate" : 0.0,
      "m5_rate" : 0.0,
      "mean_rate" : 0.0,
      "units" : "events/minute"
    },
    "http.responseCodes.noContent" : {
      "count" : 0,
      "m15_rate" : 0.0,
      "m1_rate" : 0.0,
      "m5_rate" : 0.0,
      "mean_rate" : 0.0,
      "units" : "events/minute"
    },
    "http.responseCodes.notFound" : {
      "count" : 0,
      "m15_rate" : 0.0,
      "m1_rate" : 0.0,
      "m5_rate" : 0.0,
      "mean_rate" : 0.0,
      "units" : "events/minute"
    },
    "http.responseCodes.notModified" : {
      "count" : 330,
      "m15_rate" : 21.17380642874255,
      "m1_rate" : 192.96654763029784,
      "m5_rate" : 58.906479988002296,
      "mean_rate" : 215.9485838200938,
      "units" : "events/minute"
    },
    "http.responseCodes.ok" : {
      "count" : 106,
      "m15_rate" : 6.651636818411911,
      "m1_rate" : 46.58356441994503,
      "m5_rate" : 17.720442042738565,
      "mean_rate" : 69.36539422213097,
      "units" : "events/minute"
    },
    "http.responseCodes.other" : {
      "count" : 0,
      "m15_rate" : 0.0,
      "m1_rate" : 0.0,
      "m5_rate" : 0.0,
      "mean_rate" : 0.0,
      "units" : "events/minute"
    },
    "http.responseCodes.serverError" : {
      "count" : 0,
      "m15_rate" : 0.0,
      "m1_rate" : 0.0,
      "m5_rate" : 0.0,
      "mean_rate" : 0.0,
      "units" : "events/minute"
    },
    "http.responseCodes.serviceUnavailable" : {
      "count" : 11,
      "m15_rate" : 0.6735176062465937,
      "m1_rate" : 3.0792296998946536,
      "m5_rate" : 1.7045264632678134,
      "mean_rate" : 7.198291779921609,
      "units" : "events/minute"
    },
    "jenkins.job.scheduled" : {
      "count" : 0,
      "m15_rate" : 0.0,
      "m1_rate" : 0.0,
      "m5_rate" : 0.0,
      "mean_rate" : 0.0,
      "units" : "events/minute"
    },
    "jenkins.runs.aborted" : {
      "count" : 0,
      "m15_rate" : 0.0,
      "m1_rate" : 0.0,
      "m5_rate" : 0.0,
      "mean_rate" : 0.0,
      "units" : "events/minute"
    },
    "jenkins.runs.failure" : {
      "count" : 0,
      "m15_rate" : 0.0,
      "m1_rate" : 0.0,
      "m5_rate" : 0.0,
      "mean_rate" : 0.0,
      "units" : "events/minute"
    },
    "jenkins.runs.not_built" : {
      "count" : 0,
      "m15_rate" : 0.0,
      "m1_rate" : 0.0,
      "m5_rate" : 0.0,
      "mean_rate" : 0.0,
      "units" : "events/minute"
    },
    "jenkins.runs.success" : {
      "count" : 0,
      "m15_rate" : 0.0,
      "m1_rate" : 0.0,
      "m5_rate" : 0.0,
      "mean_rate" : 0.0,
      "units" : "events/minute"
    },
    "jenkins.runs.total" : {
      "count" : 0,
      "m15_rate" : 0.0,
      "m1_rate" : 0.0,
      "m5_rate" : 0.0,
      "mean_rate" : 0.0,
      "units" : "events/minute"
    },
    "jenkins.runs.unstable" : {
      "count" : 0,
      "m15_rate" : 0.0,
      "m1_rate" : 0.0,
      "m5_rate" : 0.0,
      "mean_rate" : 0.0,
      "units" : "events/minute"
    }
  },
  "timers" : {
    "http.requests" : {
      "count" : 447,
      "max" : 0.708612,
      "mean" : 0.010665458752044442,
      "min" : 7.070000000000001E-4,
      "p50" : 0.002439,
      "p75" : 0.003428,
      "p95" : 0.031531,
      "p98" : 0.094156,
      "p99" : 0.160674,
      "p999" : 0.708612,
      "values" : [ 7.070000000000001E-4, 7.87E-4, 8.470000000000001E-4, 8.54E-4, 8.84E-4, 0.0010530000000000001, 0.0014240000000000001, 0.001794, 0.00203, 0.002071, 0.0021330000000000003, 0.0021330000000000003, 0.0021360000000000003, 0.002137, 0.0021390000000000003, 0.002143, 0.002145, 0.0021490000000000003, 0.00215, 0.002157, 0.002164, 0.002167, 0.002167, 0.002173, 0.002174, 0.0021750000000000003, 0.002183, 0.002187, 0.0021880000000000003, 0.002194, 0.002199, 0.0022, 0.0022, 0.0022010000000000003, 0.002205, 0.0022080000000000003, 0.002209, 0.00221, 0.002213, 0.0022140000000000003, 0.002215, 0.002215, 0.002216, 0.0022170000000000002, 0.0022170000000000002, 0.0022180000000000004, 0.00222, 0.00222, 0.00222, 0.0022210000000000003, 0.002223, 0.0022240000000000003, 0.0022240000000000003, 0.002225, 0.00223, 0.00223, 0.0022310000000000003, 0.002232, 0.002235, 0.0022370000000000003, 0.002238, 0.002238, 0.002239, 0.002239, 0.0022400000000000002, 0.0022400000000000002, 0.002241, 0.002243, 0.0022440000000000003, 0.002248, 0.002248, 0.002249, 0.002249, 0.0022500000000000003, 0.0022530000000000002, 0.002254, 0.002255, 0.0022570000000000003, 0.0022570000000000003, 0.002259, 0.0022600000000000003, 0.0022600000000000003, 0.002262, 0.0022630000000000003, 0.0022630000000000003, 0.002265, 0.002265, 0.002265, 0.0022660000000000002, 0.0022670000000000004, 0.0022670000000000004, 0.0022700000000000003, 0.0022700000000000003, 0.002271, 0.002271, 0.0022730000000000003, 0.0022730000000000003, 0.002274, 0.002277, 0.002278, 0.002279, 0.0022800000000000003, 0.002282, 0.002282, 0.002284, 0.002284, 0.0022860000000000003, 0.002287, 0.002288, 0.00229, 0.002292, 0.002292, 0.002292, 0.0022930000000000003, 0.002295, 0.0022960000000000003, 0.002298, 0.002298, 0.002298, 0.0023, 0.0023030000000000004, 0.0023030000000000004, 0.002304, 0.002304, 0.002304, 0.0023090000000000003, 0.0023090000000000003, 0.00231, 0.002311, 0.002313, 0.002313, 0.002314, 0.002318, 0.002318, 0.00232, 0.00232, 0.0023250000000000002, 0.00233, 0.002333, 0.00234, 0.00234, 0.002341, 0.002344, 0.002344, 0.002346, 0.002346, 0.002347, 0.002347, 0.00235, 0.0023520000000000004, 0.002353, 0.002354, 0.0023550000000000003, 0.002357, 0.002357, 0.002363, 0.002363, 0.002364, 0.002364, 0.0023650000000000003, 0.002373, 0.0023740000000000002, 0.002377, 0.0023780000000000003, 0.0023840000000000003, 0.002389, 0.002389, 0.0023910000000000003, 0.002395, 0.002395, 0.0023970000000000003, 0.0024010000000000004, 0.0024010000000000004, 0.002403, 0.0024040000000000003, 0.0024070000000000003, 0.002408, 0.002409, 0.002418, 0.0024200000000000003, 0.002421, 0.0024230000000000002, 0.0024230000000000002, 0.002424, 0.002426, 0.002426, 0.0024300000000000003, 0.0024300000000000003, 0.002432, 0.002434, 0.002435, 0.0024360000000000002, 0.002439, 0.002441, 0.002441, 0.0024490000000000002, 0.0024490000000000002, 0.002452, 0.00246, 0.002465, 0.002468, 0.0024720000000000002, 0.00248, 0.0024820000000000003, 0.0024850000000000002, 0.002488, 0.00249, 0.0024920000000000003, 0.002493, 0.0024950000000000003, 0.002496, 0.0024980000000000002, 0.0025, 0.002501, 0.0025120000000000003, 0.002516, 0.002516, 0.0025250000000000003, 0.0025280000000000003, 0.0025310000000000003, 0.002532, 0.002532, 0.002533, 0.0025480000000000004, 0.0025540000000000003, 0.002555, 0.002556, 0.002562, 0.002563, 0.002566, 0.002569, 0.002572, 0.002573, 0.0025800000000000003, 0.002581, 0.002582, 0.002585, 0.0025900000000000003, 0.002591, 0.0025970000000000003, 0.002599, 0.002604, 0.002611, 0.002611, 0.002615, 0.0026230000000000003, 0.002624, 0.002628, 0.0026290000000000003, 0.00263, 0.002634, 0.0026360000000000003, 0.0026590000000000003, 0.0026590000000000003, 0.002661, 0.002666, 0.0026720000000000003, 0.00268, 0.00268, 0.0026820000000000004, 0.002683, 0.0027050000000000004, 0.002706, 0.00271, 0.002712, 0.002713, 0.0027170000000000002, 0.002722, 0.002733, 0.002749, 0.002758, 0.002775, 0.002787, 0.0027890000000000002, 0.0028260000000000004, 0.00283, 0.002836, 0.002837, 0.0028390000000000004, 0.0028640000000000002, 0.002906, 0.0029070000000000003, 0.0029140000000000004, 0.002918, 0.002925, 0.0029590000000000003, 0.002981, 0.002988, 0.002991, 0.00301, 0.0030120000000000004, 0.003017, 0.003024, 0.0030510000000000003, 0.0030540000000000003, 0.0030600000000000002, 0.003082, 0.003088, 0.003114, 0.003154, 0.0031560000000000004, 0.003158, 0.0031660000000000004, 0.0032400000000000003, 0.003269, 0.0033410000000000002, 0.003344, 0.003396, 0.0033980000000000004, 0.003428, 0.0035900000000000003, 0.003591, 0.0036230000000000004, 0.0036660000000000004, 0.0036690000000000004, 0.0037050000000000004, 0.0037270000000000003, 0.003742, 0.003748, 0.003782, 0.0037990000000000003, 0.0038190000000000003, 0.003824, 0.0038580000000000003, 0.00386, 0.00392, 0.003966, 0.003988, 0.004009, 0.004063000000000001, 0.0040750000000000005, 0.0040880000000000005, 0.0041, 0.0041, 0.004125, 0.004179, 0.004197, 0.004217, 0.004223, 0.004223, 0.004231, 0.004279000000000001, 0.004298000000000001, 0.004339, 0.004350000000000001, 0.004371, 0.004397, 0.00446, 0.004485, 0.004507000000000001, 0.004575, 0.0046570000000000005, 0.004659, 0.004682, 0.004703000000000001, 0.004721, 0.004909, 0.005156, 0.005168000000000001, 0.005178, 0.0051790000000000004, 0.00525, 0.005267, 0.005282, 0.005357000000000001, 0.0054080000000000005, 0.005432, 0.005609, 0.00566, 0.0057680000000000006, 0.005935, 0.005936, 0.005946000000000001, 0.006019, 0.006108000000000001, 0.006129000000000001, 0.006387, 0.006540000000000001, 0.006878, 0.0069110000000000005, 0.007073, 0.007378000000000001, 0.008054, 0.008062, 0.008242000000000001, 0.008434, 0.009073000000000001, 0.009173, 0.009263, 0.009506, 0.009669, 0.009828, 0.009915, 0.010253, 0.010607, 0.010721000000000001, 0.010887, 0.011099000000000001, 0.011533000000000002, 0.011558, 0.012429, 0.012459000000000001, 0.01307, 0.013251, 0.013478, 0.013838000000000001, 0.013879, 0.014967000000000001, 0.015422000000000002, 0.015838, 0.01636, 0.016584, 0.01769, 0.019765, 0.022859, 0.022862, 0.031414000000000004, 0.031531, 0.032317000000000005, 0.033708, 0.039817000000000005, 0.041203000000000004, 0.045136, 0.047635000000000004, 0.047888, 0.049491, 0.053381000000000005, 0.059496, 0.060387, 0.063663, 0.071768, 0.073742, 0.08486300000000001, 0.086464, 0.094156, 0.09777100000000001, 0.10785, 0.10900800000000001, 0.11040900000000001, 0.110876, 0.150651, 0.160674, 0.26998300000000003, 0.369377, 0.690361, 0.706187, 0.708612 ],
      "stddev" : 0.0507083080686011,
      "m15_rate" : 28.498960853401055,
      "m1_rate" : 242.62934175013746,
      "m5_rate" : 78.33144849400867,
      "mean_rate" : 292.49834978909195,
      "duration_units" : "seconds",
      "rate_units" : "calls/minute"
    },
    "jenkins.health-check.duration" : {
      "count" : 1,
      "max" : 0.0020770000000000003,
      "mean" : 0.0020770000000000003,
      "min" : 0.0020770000000000003,
      "p50" : 0.0020770000000000003,
      "p75" : 0.0020770000000000003,
      "p95" : 0.0020770000000000003,
      "p98" : 0.0020770000000000003,
      "p99" : 0.0020770000000000003,
      "p999" : 0.0020770000000000003,
      "values" : [ 0.0020770000000000003 ],
      "stddev" : 0.0,
      "m15_rate" : 0.06288911086740774,
      "m1_rate" : 0.4169826499467703,
      "m5_rate" : 0.1678933473481367,
      "mean_rate" : 0.7827663039458075,
      "duration_units" : "seconds",
      "rate_units" : "calls/minute"
    },
    "jenkins.job.blocked.duration" : {
      "count" : 0,
      "max" : 0.0,
      "mean" : 0.0,
      "min" : 0.0,
      "p50" : 0.0,
      "p75" : 0.0,
      "p95" : 0.0,
      "p98" : 0.0,
      "p99" : 0.0,
      "p999" : 0.0,
      "values" : [ ],
      "stddev" : 0.0,
      "m15_rate" : 0.0,
      "m1_rate" : 0.0,
      "m5_rate" : 0.0,
      "mean_rate" : 0.0,
      "duration_units" : "seconds",
      "rate_units" : "calls/minute"
    },
    "jenkins.job.buildable.duration" : {
      "count" : 0,
      "max" : 0.0,
      "mean" : 0.0,
      "min" : 0.0,
      "p50" : 0.0,
      "p75" : 0.0,
      "p95" : 0.0,
      "p98" : 0.0,
      "p99" : 0.0,
      "p999" : 0.0,
      "values" : [ ],
      "stddev" : 0.0,
      "m15_rate" : 0.0,
      "m1_rate" : 0.0,
      "m5_rate" : 0.0,
      "mean_rate" : 0.0,
      "duration_units" : "seconds",
      "rate_units" : "calls/minute"
    },
    "jenkins.job.building.duration" : {
      "count" : 0,
      "max" : 0.0,
      "mean" : 0.0,
      "min" : 0.0,
      "p50" : 0.0,
      "p75" : 0.0,
      "p95" : 0.0,
      "p98" : 0.0,
      "p99" : 0.0,
      "p999" : 0.0,
      "values" : [ ],
      "stddev" : 0.0,
      "m15_rate" : 0.0,
      "m1_rate" : 0.0,
      "m5_rate" : 0.0,
      "mean_rate" : 0.0,
      "duration_units" : "seconds",
      "rate_units" : "calls/minute"
    },
    "jenkins.job.queuing.duration" : {
      "count" : 0,
      "max" : 0.0,
      "mean" : 0.0,
      "min" : 0.0,
      "p50" : 0.0,
      "p75" : 0.0,
      "p95" : 0.0,
      "p98" : 0.0,
      "p99" : 0.0,
      "p999" : 0.0,
      "values" : [ ],
      "stddev" : 0.0,
      "m15_rate" : 0.0,
      "m1_rate" : 0.0,
      "m5_rate" : 0.0,
      "mean_rate" : 0.0,
      "duration_units" : "seconds",
      "rate_units" : "calls/minute"
    },
    "jenkins.job.total.duration" : {
      "count" : 0,
      "max" : 0.0,
      "mean" : 0.0,
      "min" : 0.0,
      "p50" : 0.0,
      "p75" : 0.0,
      "p95" : 0.0,
      "p98" : 0.0,
      "p99" : 0.0,
      "p999" : 0.0,
      "values" : [ ],
      "stddev" : 0.0,
      "m15_rate" : 0.0,
      "m1_rate" : 0.0,
      "m5_rate" : 0.0,
      "mean_rate" : 0.0,
      "duration_units" : "seconds",
      "rate_units" : "calls/minute"
    },
    "jenkins.job.waiting.duration" : {
      "count" : 0,
      "max" : 0.0,
      "mean" : 0.0,
      "min" : 0.0,
      "p50" : 0.0,
      "p75" : 0.0,
      "p95" : 0.0,
      "p98" : 0.0,
      "p99" : 0.0,
      "p999" : 0.0,
      "values" : [ ],
      "stddev" : 0.0,
      "m15_rate" : 0.0,
      "m1_rate" : 0.0,
      "m5_rate" : 0.0,
      "mean_rate" : 0.0,
      "duration_units" : "seconds",
      "rate_units" : "calls/minute"
    },
    "jenkins.node.ATL7ACC1195Q.builds" : {
      "count" : 0,
      "max" : 0.0,
      "mean" : 0.0,
      "min" : 0.0,
      "p50" : 0.0,
      "p75" : 0.0,
      "p95" : 0.0,
      "p98" : 0.0,
      "p99" : 0.0,
      "p999" : 0.0,
      "values" : [ ],
      "stddev" : 0.0,
      "m15_rate" : 0.0,
      "m1_rate" : 0.0,
      "m5_rate" : 0.0,
      "mean_rate" : 0.0,
      "duration_units" : "seconds",
      "rate_units" : "calls/minute"
    },
    "jenkins.node.ATL7ACC1196Q.builds" : {
      "count" : 0,
      "max" : 0.0,
      "mean" : 0.0,
      "min" : 0.0,
      "p50" : 0.0,
      "p75" : 0.0,
      "p95" : 0.0,
      "p98" : 0.0,
      "p99" : 0.0,
      "p999" : 0.0,
      "values" : [ ],
      "stddev" : 0.0,
      "m15_rate" : 0.0,
      "m1_rate" : 0.0,
      "m5_rate" : 0.0,
      "mean_rate" : 0.0,
      "duration_units" : "seconds",
      "rate_units" : "calls/minute"
    },
    "jenkins.node.ATL7ACC1197Q.builds" : {
      "count" : 0,
      "max" : 0.0,
      "mean" : 0.0,
      "min" : 0.0,
      "p50" : 0.0,
      "p75" : 0.0,
      "p95" : 0.0,
      "p98" : 0.0,
      "p99" : 0.0,
      "p999" : 0.0,
      "values" : [ ],
      "stddev" : 0.0,
      "m15_rate" : 0.0,
      "m1_rate" : 0.0,
      "m5_rate" : 0.0,
      "mean_rate" : 0.0,
      "duration_units" : "seconds",
      "rate_units" : "calls/minute"
    },
    "jenkins.node.ATL7ACC1198Q.builds" : {
      "count" : 0,
      "max" : 0.0,
      "mean" : 0.0,
      "min" : 0.0,
      "p50" : 0.0,
      "p75" : 0.0,
      "p95" : 0.0,
      "p98" : 0.0,
      "p99" : 0.0,
      "p999" : 0.0,
      "values" : [ ],
      "stddev" : 0.0,
      "m15_rate" : 0.0,
      "m1_rate" : 0.0,
      "m5_rate" : 0.0,
      "mean_rate" : 0.0,
      "duration_units" : "seconds",
      "rate_units" : "calls/minute"
    },
    "jenkins.node.ATL7ACC1199Q.builds" : {
      "count" : 0,
      "max" : 0.0,
      "mean" : 0.0,
      "min" : 0.0,
      "p50" : 0.0,
      "p75" : 0.0,
      "p95" : 0.0,
      "p98" : 0.0,
      "p99" : 0.0,
      "p999" : 0.0,
      "values" : [ ],
      "stddev" : 0.0,
      "m15_rate" : 0.0,
      "m1_rate" : 0.0,
      "m5_rate" : 0.0,
      "mean_rate" : 0.0,
      "duration_units" : "seconds",
      "rate_units" : "calls/minute"
    },
    "jenkins.node.ATL7ACC1200Q.builds" : {
      "count" : 0,
      "max" : 0.0,
      "mean" : 0.0,
      "min" : 0.0,
      "p50" : 0.0,
      "p75" : 0.0,
      "p95" : 0.0,
      "p98" : 0.0,
      "p99" : 0.0,
      "p999" : 0.0,
      "values" : [ ],
      "stddev" : 0.0,
      "m15_rate" : 0.0,
      "m1_rate" : 0.0,
      "m5_rate" : 0.0,
      "mean_rate" : 0.0,
      "duration_units" : "seconds",
      "rate_units" : "calls/minute"
    },
    "jenkins.node.ATL7ACC1201Q.builds" : {
      "count" : 0,
      "max" : 0.0,
      "mean" : 0.0,
      "min" : 0.0,
      "p50" : 0.0,
      "p75" : 0.0,
      "p95" : 0.0,
      "p98" : 0.0,
      "p99" : 0.0,
      "p999" : 0.0,
      "values" : [ ],
      "stddev" : 0.0,
      "m15_rate" : 0.0,
      "m1_rate" : 0.0,
      "m5_rate" : 0.0,
      "mean_rate" : 0.0,
      "duration_units" : "seconds",
      "rate_units" : "calls/minute"
    },
    "jenkins.node.ATL7ACC1202Q.builds" : {
      "count" : 0,
      "max" : 0.0,
      "mean" : 0.0,
      "min" : 0.0,
      "p50" : 0.0,
      "p75" : 0.0,
      "p95" : 0.0,
      "p98" : 0.0,
      "p99" : 0.0,
      "p999" : 0.0,
      "values" : [ ],
      "stddev" : 0.0,
      "m15_rate" : 0.0,
      "m1_rate" : 0.0,
      "m5_rate" : 0.0,
      "mean_rate" : 0.0,
      "duration_units" : "seconds",
      "rate_units" : "calls/minute"
    },
    "jenkins.node.ATL7ACC1203Q.builds" : {
      "count" : 0,
      "max" : 0.0,
      "mean" : 0.0,
      "min" : 0.0,
      "p50" : 0.0,
      "p75" : 0.0,
      "p95" : 0.0,
      "p98" : 0.0,
      "p99" : 0.0,
      "p999" : 0.0,
      "values" : [ ],
      "stddev" : 0.0,
      "m15_rate" : 0.0,
      "m1_rate" : 0.0,
      "m5_rate" : 0.0,
      "mean_rate" : 0.0,
      "duration_units" : "seconds",
      "rate_units" : "calls/minute"
    },
    "jenkins.node.ATL7ACC1204Q.builds" : {
      "count" : 0,
      "max" : 0.0,
      "mean" : 0.0,
      "min" : 0.0,
      "p50" : 0.0,
      "p75" : 0.0,
      "p95" : 0.0,
      "p98" : 0.0,
      "p99" : 0.0,
      "p999" : 0.0,
      "values" : [ ],
      "stddev" : 0.0,
      "m15_rate" : 0.0,
      "m1_rate" : 0.0,
      "m5_rate" : 0.0,
      "mean_rate" : 0.0,
      "duration_units" : "seconds",
      "rate_units" : "calls/minute"
    }
  }
}