{
  "version" : "3.0.0",
  "gauges" : {
    "jenkins.executor.count.value" : {
      "value" : 3
    },
    "jenkins.executor.free.value" : {
      "value" : 3
    },
    "jenkins.executor.in-use.value" : {
      "value" : 0
    },
    "jenkins.health-check.count" : {
      "value" : 4
    },
    "jenkins.health-check.inverse-score" : {
      "value" : 0.25
    },
    "jenkins.health-check.score" : {
      "value" : 0.75
    },
    "jenkins.job.count.value" : {
      "value" : 1
    },
    "jenkins.node.count.value" : {
      "value" : 2
    },
    "jenkins.node.offline.value" : {
      "value" : 0
    },
    "jenkins.node.online.value" : {
      "value" : 2
    },
    "jenkins.plugins.active" : {
      "value" : 64
    },
    "jenkins.plugins.failed" : {
      "value" : 1
    },
    "jenkins.plugins.inactive" : {
      "value" : 1
    },
    "jenkins.plugins.withUpdate" : {
      "value" : 18
    },
    "jenkins.project.count.value" : {
      "value" : 1
    },
    "jenkins.project.disabled.count.value" : {
      "value" : 0
    },
    "jenkins.project.enabled.count.value" : {
      "value" : 1
    },
    "jenkins.queue.blocked.value" : {
      "value" : 0
    },
    "jenkins.queue.buildable.value" : {
      "value" : 0
    },
    "jenkins.queue.pending.value" : {
      "value" : 0
    },
    "jenkins.queue.size.value" : {
      "value" : 0
    },
    "jenkins.queue.stuck.value" : {
      "value" : 0
    },
    "system.cpu.load" : {
      "value" : 0.21
    },
    "vm.blocked.count" : {
      "value" : 0
    },
    "vm.count" : {
      "value" : 43
    },
    "vm.cpu.load" : {
      "value" : 0.23951362820303573
    },
    "vm.daemon.count" : {
      "value" : 37
    },
    "vm.deadlocks" : {
      "value" : [ ]
    },
    "vm.file.descriptor.ratio" : {
      "value" : 0.0689697265625
    },
    "vm.gc.PS-MarkSweep.count" : {
      "value" : 2
    },
    "vm.gc.PS-MarkSweep.time" : {
      "value" : 467
    },
    "vm.gc.PS-Scavenge.count" : {
      "value" : 13
    },
    "vm.gc.PS-Scavenge.time" : {
      "value" : 274
    },
    "vm.memory.heap.committed" : {
      "value" : 280231936
    },
    "vm.memory.heap.init" : {
      "value" : 32823872
    },
    "vm.memory.heap.max" : {
      "value" : 620756992
    },
    "vm.memory.heap.usage" : {
      "value" : 0.26015250747268265
    },
    "vm.memory.heap.used" : {
      "value" : 161491488
    },
    "vm.memory.non-heap.committed" : {
      "value" : 115998720
    },
    "vm.memory.non-heap.init" : {
      "value" : 24313856
    },
    "vm.memory.non-heap.max" : {
      "value" : 224395264
    },
    "vm.memory.non-heap.usage" : {
      "value" : 0.33495427069262923
    },
    "vm.memory.non-heap.used" : {
      "value" : 75162152
    },
    "vm.memory.pools.Code-Cache.usage" : {
      "value" : 0.12444305419921875
    },
    "vm.memory.pools.PS-Eden-Space.usage" : {
      "value" : 0.5713653515873727
    },
    "vm.memory.pools.PS-Old-Gen.usage" : {
      "value" : 0.08051782900148684
    },
    "vm.memory.pools.PS-Perm-Gen.usage" : {
      "value" : 0.3958249838955431
    },
    "vm.memory.pools.PS-Survivor-Space.usage" : {
      "value" : 0.5702182702850878
    },
    "vm.memory.total.committed" : {
      "value" : 396230656
    },
    "vm.memory.total.init" : {
      "value" : 57137728
    },
    "vm.memory.total.max" : {
      "value" : 845152256
    },
    "vm.memory.total.used" : {
      "value" : 236653640
    },
    "vm.new.count" : {
      "value" : 0
    },
    "vm.runnable.count" : {
      "value" : 9
    },
    "vm.terminated.count" : {
      "value" : 0
    },
    "vm.timed_waiting.count" : {
      "value" : 30
    },
    "vm.uptime.milliseconds" : {
      "value" : 128814
    },
    "vm.waiting.count" : {
      "value" : 4
    }
  },
  "counters" : {
    "http.activeRequests" : {
      "count" : 1
    }
  },
  "histograms" : {
    "jenkins.executor.count.history" : {
      "count" : 8,
      "max" : 3,
      "mean" : 2.5,
      "min" : 2,
      "p50" : 2.5,
      "p75" : 3.0,
      "p95" : 3.0,
      "p98" : 3.0,
      "p99" : 3.0,
      "p999" : 3.0,
      "values" : [ 2, 2, 2, 2, 3, 3, 3, 3 ],
      "stddev" : 0.5345224838248488
    },
    "jenkins.executor.free.history" : {
      "count" : 8,
      "max" : 3,
      "mean" : 2.5,
      "min" : 2,
      "p50" : 2.5,
      "p75" : 3.0,
      "p95" : 3.0,
      "p98" : 3.0,
      "p99" : 3.0,
      "p999" : 3.0,
      "values" : [ 2, 2, 2, 2, 3, 3, 3, 3 ],
      "stddev" : 0.5345224838248488
    },
    "jenkins.executor.in-use.history" : {
      "count" : 8,
      "max" : 0,
      "mean" : 0.0,
      "min" : 0,
      "p50" : 0.0,
      "p75" : 0.0,
      "p95" : 0.0,
      "p98" : 0.0,
      "p99" : 0.0,
      "p999" : 0.0,
      "values" : [ 0, 0, 0, 0, 0, 0, 0, 0 ],
      "stddev" : 0.0
    },
    "jenkins.job.count.history" : {
      "count" : 8,
      "max" : 1,
      "mean" : 1.0,
      "min" : 1,
      "p50" : 1.0,
      "p75" : 1.0,
      "p95" : 1.0,
      "p98" : 1.0,
      "p99" : 1.0,
      "p999" : 1.0,
      "values" : [ 1, 1, 1, 1, 1, 1, 1, 1 ],
      "stddev" : 0.0
    },
    "jenkins.node.count.history" : {
      "count" : 8,
      "max" : 2,
      "mean" : 2.0,
      "min" : 2,
      "p50" : 2.0,
      "p75" : 2.0,
      "p95" : 2.0,
      "p98" : 2.0,
      "p99" : 2.0,
      "p999" : 2.0,
      "values" : [ 2, 2, 2, 2, 2, 2, 2, 2 ],
      "stddev" : 0.0
    },
    "jenkins.node.offline.history" : {
      "count" : 8,
      "max" : 1,
      "mean" : 0.5,
      "min" : 0,
      "p50" : 0.5,
      "p75" : 1.0,
      "p95" : 1.0,
      "p98" : 1.0,
      "p99" : 1.0,
      "p999" : 1.0,
      "values" : [ 0, 0, 0, 0, 1, 1, 1, 1 ],
      "stddev" : 0.5345224838248488
    },
    "jenkins.node.online.history" : {
      "count" : 8,
      "max" : 2,
      "mean" : 1.5,
      "min" : 1,
      "p50" : 1.5,
      "p75" : 2.0,
      "p95" : 2.0,
      "p98" : 2.0,
      "p99" : 2.0,
      "p999" : 2.0,
      "values" : [ 1, 1, 1, 1, 2, 2, 2, 2 ],
      "stddev" : 0.5345224838248488
    },
    "jenkins.project.count.history" : {
      "count" : 8,
      "max" : 1,
      "mean" : 1.0,
      "min" : 1,
      "p50" : 1.0,
      "p75" : 1.0,
      "p95" : 1.0,
      "p98" : 1.0,
      "p99" : 1.0,
      "p999" : 1.0,
      "values" : [ 1, 1, 1, 1, 1, 1, 1, 1 ],
      "stddev" : 0.0
    },
    "jenkins.project.disabled.count.history" : {
      "count" : 8,
      "max" : 0,
      "mean" : 0.0,
      "min" : 0,
      "p50" : 0.0,
      "p75" : 0.0,
      "p95" : 0.0,
      "p98" : 0.0,
      "p99" : 0.0,
      "p999" : 0.0,
      "values" : [ 0, 0, 0, 0, 0, 0, 0, 0 ],
      "stddev" : 0.0
    },
    "jenkins.project.enabled.count.history" : {
      "count" : 8,
      "max" : 1,
      "mean" : 1.0,
      "min" : 1,
      "p50" : 1.0,
      "p75" : 1.0,
      "p95" : 1.0,
      "p98" : 1.0,
      "p99" : 1.0,
      "p999" : 1.0,
      "values" : [ 1, 1, 1, 1, 1, 1, 1, 1 ],
      "stddev" : 0.0
    },
    "jenkins.queue.blocked.history" : {
      "count" : 8,
      "max" : 0,
      "mean" : 0.0,
      "min" : 0,
      "p50" : 0.0,
      "p75" : 0.0,
      "p95" : 0.0,
      "p98" : 0.0,
      "p99" : 0.0,
      "p999" : 0.0,
      "values" : [ 0, 0, 0, 0, 0, 0, 0, 0 ],
      "stddev" : 0.0
    },
    "jenkins.queue.buildable.history" : {
      "count" : 8,
      "max" : 0,
      "mean" : 0.0,
      "min" : 0,
      "p50" : 0.0,
      "p75" : 0.0,
      "p95" : 0.0,
      "p98" : 0.0,
      "p99" : 0.0,
      "p999" : 0.0,
      "values" : [ 0, 0, 0, 0, 0, 0, 0, 0 ],
      "stddev" : 0.0
    },
    "jenkins.queue.pending.history" : {
      "count" : 8,
      "max" : 0,
      "mean" : 0.0,
      "min" : 0,
      "p50" : 0.0,
      "p75" : 0.0,
      "p95" : 0.0,
      "p98" : 0.0,
      "p99" : 0.0,
      "p999" : 0.0,
      "values" : [ 0, 0, 0, 0, 0, 0, 0, 0 ],
      "stddev" : 0.0
    },
    "jenkins.queue.size.history" : {
      "count" : 8,
      "max" : 0,
      "mean" : 0.0,
      "min" : 0,
      "p50" : 0.0,
      "p75" : 0.0,
      "p95" : 0.0,
      "p98" : 0.0,
      "p99" : 0.0,
      "p999" : 0.0,
      "values" : [ 0, 0, 0, 0, 0, 0, 0, 0 ],
      "stddev" : 0.0
    },
    "jenkins.queue.stuck.history" : {
      "count" : 8,
      "max" : 0,
      "mean" : 0.0,
      "min" : 0,
      "p50" : 0.0,
      "p75" : 0.0,
      "p95" : 0.0,
      "p98" : 0.0,
      "p99" : 0.0,
      "p999" : 0.0,
      "values" : [ 0, 0, 0, 0, 0, 0, 0, 0 ],
      "stddev" : 0.0
    }
  },
  "meters" : {
    "http.responseCodes.badRequest" : {
      "count" : 0,
      "m15_rate" : 0.0,
      "m1_rate" : 0.0,
      "m5_rate" : 0.0,
      "mean_rate" : 0.0,
      "units" : "events/minute"
    },
    "http.responseCodes.created" : {
      "count" : 0,
      "m15_rate" : 0.0,
      "m1_rate" : 0.0,
      "m5_rate" : 0.0,
      "mean_rate" : 0.0,
      "units" : "events/minute"
    },
    "http.responseCodes.forbidden" : {
      "count" : 0,
      "m15_rate" : 0.0,
      "m1_rate" : 0.0,
      "m5_rate" : 0.0,
      "mean_rate" : 0.0,
      "units" : "events/minute"
    },
    "http.responseCodes.noContent" : {
      "count" : 0,
      "m15_rate" : 0.0,
      "m1_rate" : 0.0,
      "m5_rate" : 0.0,
      "mean_rate" : 0.0,
      "units" : "events/minute"
    },
    "http.responseCodes.notFound" : {
      "count" : 0,
      "m15_rate" : 0.0,
      "m1_rate" : 0.0,
      "m5_rate" : 0.0,
      "mean_rate" : 0.0,
      "units" : "events/minute"
    },
    "http.responseCodes.notModified" : {
      "count" : 263,
      "m15_rate" : 13.729683103423639,
      "m1_rate" : 158.45932069102713,
      "m5_rate" : 39.62637307397594,
      "mean_rate" : 126.73555971573272,
      "units" : "events/minute"
    },
    "http.responseCodes.ok" : {
      "count" : 82,
      "m15_rate" : 5.17014593626422,
      "m1_rate" : 43.04164394254761,
      "m5_rate" : 14.225838161030214,
      "mean_rate" : 39.514528153684395,
      "units" : "events/minute"
    },
    "http.responseCodes.other" : {
      "count" : 0,
      "m15_rate" : 0.0,
      "m1_rate" : 0.0,
      "m5_rate" : 0.0,
      "mean_rate" : 0.0,
      "units" : "events/minute"
    },
    "http.responseCodes.serverError" : {
      "count" : 0,
      "m15_rate" : 0.0,
      "m1_rate" : 0.0,
      "m5_rate" : 0.0,
      "mean_rate" : 0.0,
      "units" : "events/minute"
    },
    "http.responseCodes.serviceUnavailable" : {
      "count" : 0,
      "m15_rate" : 0.0,
      "m1_rate" : 0.0,
      "m5_rate" : 0.0,
      "mean_rate" : 0.0,
      "units" : "events/minute"
    },
    "jenkins.job.scheduled" : {
      "count" : 0,
      "m15_rate" : 0.0,
      "m1_rate" : 0.0,
      "m5_rate" : 0.0,
      "mean_rate" : 0.0,
      "units" : "events/minute"
    },
    "jenkins.runs.aborted" : {
      "count" : 0,
      "m15_rate" : 0.0,
      "m1_rate" : 0.0,
      "m5_rate" : 0.0,
      "mean_rate" : 0.0,
      "units" : "events/minute"
    },
    "jenkins.runs.failure" : {
      "count" : 0,
      "m15_rate" : 0.0,
      "m1_rate" : 0.0,
      "m5_rate" : 0.0,
      "mean_rate" : 0.0,
      "units" : "events/minute"
    },
    "jenkins.runs.not_built" : {
      "count" : 0,
      "m15_rate" : 0.0,
      "m1_rate" : 0.0,
      "m5_rate" : 0.0,
      "mean_rate" : 0.0,
      "units" : "events/minute"
    },
    "jenkins.runs.success" : {
      "count" : 0,
      "m15_rate" : 0.0,
      "m1_rate" : 0.0,
      "m5_rate" : 0.0,
      "mean_rate" : 0.0,
      "units" : "events/minute"
    },
    "jenkins.runs.total" : {
      "count" : 0,
      "m15_rate" : 0.0,
      "m1_rate" : 0.0,
      "m5_rate" : 0.0,
      "mean_rate" : 0.0,
      "units" : "events/minute"
    },
    "jenkins.runs.unstable" : {
      "count" : 0,
      "m15_rate" : 0.0,
      "m1_rate" : 0.0,
      "m5_rate" : 0.0,
      "mean_rate" : 0.0,
      "units" : "events/minute"
    }
  },
  "timers" : {
    "http.requests" : {
      "count" : 345,
      "max" : 0.41660528,
      "mean" : 0.011793727944927536,
      "min" : 5.557460000000001E-4,
      "p50" : 0.001132472,
      "p75" : 0.0031473990000000004,
      "p95" : 0.06613460609999998,
      "p98" : 0.15838239971999973,
      "p99" : 0.23744089920000086,
      "p999" : 0.41660528,
      "values" : [ 5.557460000000001E-4, 5.67979E-4, 5.78629E-4, 5.85234E-4, 5.86074E-4, 5.891480000000001E-4, 5.91596E-4, 6.01479E-4, 6.04158E-4, 6.05591E-4, 6.07924E-4, 6.08371E-4, 6.12035E-4, 6.19796E-4, 6.20853E-4, 6.26131E-4, 6.29043E-4, 6.36299E-4, 6.38925E-4, 6.40376E-4, 6.43064E-4, 6.44013E-4, 6.560110000000001E-4, 6.583110000000001E-4, 6.61639E-4, 6.693210000000001E-4, 6.69538E-4, 6.70736E-4, 6.71134E-4, 6.73559E-4, 6.76851E-4, 6.768540000000001E-4, 6.789270000000001E-4, 6.792370000000001E-4, 6.80059E-4, 6.851730000000001E-4, 6.86194E-4, 6.89122E-4, 6.91665E-4, 6.979110000000001E-4, 6.999560000000001E-4, 7.003920000000001E-4, 7.00628E-4, 7.018150000000001E-4, 7.03575E-4, 7.03667E-4, 7.038210000000001E-4, 7.0388E-4, 7.05062E-4, 7.052050000000001E-4, 7.054E-4, 7.058580000000001E-4, 7.10391E-4, 7.10923E-4, 7.13249E-4, 7.13476E-4, 7.1356E-4, 7.136610000000001E-4, 7.1444E-4, 7.16239E-4, 7.169310000000001E-4, 7.171570000000001E-4, 7.184320000000001E-4, 7.19732E-4, 7.20675E-4, 7.215940000000001E-4, 7.222550000000001E-4, 7.23001E-4, 7.251880000000001E-4, 7.25763E-4, 7.29853E-4, 7.33989E-4, 7.341670000000001E-4, 7.377750000000001E-4, 7.45884E-4, 7.48388E-4, 7.489370000000001E-4, 7.49169E-4, 7.50691E-4, 7.525180000000001E-4, 7.525940000000001E-4, 7.541000000000001E-4, 7.5827E-4, 7.59236E-4, 7.598590000000001E-4, 7.60206E-4, 7.67228E-4, 7.675570000000001E-4, 7.68681E-4, 7.6935E-4, 7.756600000000001E-4, 7.77268E-4, 7.809840000000001E-4, 7.84029E-4, 7.84924E-4, 7.93183E-4, 7.96266E-4, 7.96757E-4, 7.967860000000001E-4, 7.99331E-4, 8.02353E-4, 8.02685E-4, 8.115840000000001E-4, 8.151180000000001E-4, 8.16719E-4, 8.185800000000001E-4, 8.240010000000001E-4, 8.280500000000001E-4, 8.31461E-4, 8.33766E-4, 8.36046E-4, 8.416840000000001E-4, 8.44332E-4, 8.578990000000001E-4, 8.58914E-4, 8.647360000000001E-4, 8.682080000000001E-4, 8.713050000000001E-4, 8.730470000000001E-4, 8.783570000000001E-4, 8.86851E-4, 8.949530000000001E-4, 8.9528E-4, 9.02628E-4, 9.134540000000001E-4, 9.203130000000001E-4, 9.224070000000001E-4, 9.227160000000001E-4, 9.254710000000001E-4, 9.27877E-4, 9.28664E-4, 9.34241E-4, 9.36953E-4, 9.385000000000001E-4, 9.40616E-4, 9.423560000000001E-4, 9.46462E-4, 9.497700000000001E-4, 9.55677E-4, 9.562390000000001E-4, 9.566090000000001E-4, 9.57116E-4, 9.616990000000001E-4, 9.71549E-4, 9.76852E-4, 9.88563E-4, 9.89518E-4, 9.92671E-4, 9.96951E-4, 0.00100526, 0.001008592, 0.0010093580000000001, 0.001010466, 0.001016738, 0.001017876, 0.0010208580000000001, 0.001021221, 0.001026969, 0.001038824, 0.001057005, 0.001057863, 0.001059499, 0.0010771420000000001, 0.0010840910000000001, 0.001093063, 0.001101124, 0.001106119, 0.001111521, 0.001113781, 0.001118651, 0.0011206920000000002, 0.0011253110000000001, 0.001132472, 0.0011327680000000001, 0.0011365750000000001, 0.0011407160000000002, 0.0011492750000000002, 0.001152454, 0.001157582, 0.001165613, 0.00117167, 0.001181731, 0.001186119, 0.001196908, 0.001197382, 0.0012016420000000002, 0.001268189, 0.0012698470000000002, 0.001289075, 0.001295338, 0.001302799, 0.0013293830000000002, 0.0013335320000000001, 0.00134201, 0.001349553, 0.0013612960000000001, 0.001367781, 0.0013756920000000002, 0.001389433, 0.001392006, 0.0013949510000000002, 0.0014048510000000001, 0.00141394, 0.001435164, 0.001469613, 0.001479229, 0.0015, 0.0015094700000000002, 0.0015100480000000002, 0.0015431870000000001, 0.0015706320000000002, 0.001589897, 0.001612179, 0.001646548, 0.0016611870000000002, 0.0016702930000000002, 0.0017005100000000001, 0.0017439600000000001, 0.001759034, 0.0017766390000000002, 0.0018061260000000001, 0.0018432600000000002, 0.001864577, 0.0019064070000000002, 0.001912899, 0.0019196920000000002, 0.0019239880000000002, 0.001951023, 0.0019805820000000003, 0.0020107040000000003, 0.002119494, 0.0021237960000000003, 0.002140734, 0.0021735680000000003, 0.002181351, 0.002204941, 0.002276892, 0.00240449, 0.002419323, 0.0024273980000000003, 0.002466297, 0.0024725420000000003, 0.0024943870000000003, 0.0025128530000000002, 0.00252502, 0.0025526000000000004, 0.002591009, 0.002619296, 0.002623603, 0.002697526, 0.00275047, 0.002835502, 0.002865926, 0.0028779820000000003, 0.0028794000000000003, 0.0030068240000000004, 0.003009981, 0.0031096690000000002, 0.003132831, 0.0031619670000000003, 0.0031853370000000003, 0.0032078550000000003, 0.003216764, 0.003218583, 0.003244331, 0.003285689, 0.003337791, 0.0033759780000000004, 0.0035483980000000004, 0.003613091, 0.003620495, 0.003644843, 0.0037255900000000004, 0.0037327640000000004, 0.0038030150000000003, 0.003808825, 0.0038597730000000004, 0.0038661330000000003, 0.0038837010000000003, 0.004325789, 0.004356011, 0.00440632, 0.0044450240000000005, 0.004518501, 0.004545003000000001, 0.00469607, 0.004818028, 0.004920474, 0.005017581, 0.005019115, 0.005520901, 0.005561828, 0.005587025000000001, 0.005736191000000001, 0.005820538, 0.005913286, 0.0060017790000000005, 0.0060737410000000006, 0.00627672, 0.006498685000000001, 0.006610594, 0.007264723000000001, 0.007542358000000001, 0.007726370000000001, 0.007774334000000001, 0.007911622, 0.008739833, 0.010911185, 0.011401444, 0.012920796, 0.013814558000000001, 0.014740092000000002, 0.015790855, 0.019634068, 0.0206158, 0.023147588, 0.024741417, 0.029059260000000003, 0.035456437, 0.040153074000000004, 0.048281803000000005, 0.051097449, 0.052194706, 0.055635176, 0.06270953700000001, 0.063250295, 0.064389475, 0.06502553800000001, 0.066609921, 0.07032379700000001, 0.07278654700000001, 0.07471702300000001, 0.07491408000000001, 0.081413835, 0.13286477000000002, 0.145880291, 0.147495182, 0.14830326000000002, 0.157085955, 0.173291514, 0.17929118400000002, 0.21501946200000002, 0.25654064200000004, 0.38841024500000004, 0.41660528 ],
      "stddev" : 0.04265945382494383,
      "m15_rate" : 18.899829039687855,
      "m1_rate" : 201.50096463357474,
      "m5_rate" : 53.85221123500616,
      "mean_rate" : 166.22131177568124,
      "duration_units" : "seconds",
      "rate_units" : "calls/minute"
    },
    "jenkins.health-check.duration" : {
      "count" : 2,
      "max" : 0.004830339,
      "mean" : 0.0033472140000000003,
      "min" : 0.0018640890000000002,
      "p50" : 0.0033472140000000003,
      "p75" : 0.004830339,
      "p95" : 0.004830339,
      "p98" : 0.004830339,
      "p99" : 0.004830339,
      "p999" : 0.004830339,
      "values" : [ 0.0018640890000000002, 0.004830339 ],
      "stddev" : 0.0020974554896945967,
      "m15_rate" : 0.12725421452620317,
      "m1_rate" : 1.110952426483401,
      "m5_rate" : 0.34890551096002426,
      "mean_rate" : 1.0325391844160992,
      "duration_units" : "seconds",
      "rate_units" : "calls/minute"
    },
    "jenkins.job.blocked.duration" : {
      "count" : 0,
      "max" : 0.0,
      "mean" : 0.0,
      "min" : 0.0,
      "p50" : 0.0,
      "p75" : 0.0,
      "p95" : 0.0,
      "p98" : 0.0,
      "p99" : 0.0,
      "p999" : 0.0,
      "values" : [ ],
      "stddev" : 0.0,
      "m15_rate" : 0.0,
      "m1_rate" : 0.0,
      "m5_rate" : 0.0,
      "mean_rate" : 0.0,
      "duration_units" : "seconds",
      "rate_units" : "calls/minute"
    },
    "jenkins.job.buildable.duration" : {
      "count" : 0,
      "max" : 0.0,
      "mean" : 0.0,
      "min" : 0.0,
      "p50" : 0.0,
      "p75" : 0.0,
      "p95" : 0.0,
      "p98" : 0.0,
      "p99" : 0.0,
      "p999" : 0.0,
      "values" : [ ],
      "stddev" : 0.0,
      "m15_rate" : 0.0,
      "m1_rate" : 0.0,
      "m5_rate" : 0.0,
      "mean_rate" : 0.0,
      "duration_units" : "seconds",
      "rate_units" : "calls/minute"
    },
    "jenkins.job.building.duration" : {
      "count" : 0,
      "max" : 0.0,
      "mean" : 0.0,
      "min" : 0.0,
      "p50" : 0.0,
      "p75" : 0.0,
      "p95" : 0.0,
      "p98" : 0.0,
      "p99" : 0.0,
      "p999" : 0.0,
      "values" : [ ],
      "stddev" : 0.0,
      "m15_rate" : 0.0,
      "m1_rate" : 0.0,
      "m5_rate" : 0.0,
      "mean_rate" : 0.0,
      "duration_units" : "seconds",
      "rate_units" : "calls/minute"
    },
    "jenkins.job.queuing.duration" : {
      "count" : 0,
      "max" : 0.0,
      "mean" : 0.0,
      "min" : 0.0,
      "p50" : 0.0,
      "p75" : 0.0,
      "p95" : 0.0,
      "p98" : 0.0,
      "p99" : 0.0,
      "p999" : 0.0,
      "values" : [ ],
      "stddev" : 0.0,
      "m15_rate" : 0.0,
      "m1_rate" : 0.0,
      "m5_rate" : 0.0,
      "mean_rate" : 0.0,
      "duration_units" : "seconds",
      "rate_units" : "calls/minute"
    },
    "jenkins.job.total.duration" : {
      "count" : 0,
      "max" : 0.0,
      "mean" : 0.0,
      "min" : 0.0,
      "p50" : 0.0,
      "p75" : 0.0,
      "p95" : 0.0,
      "p98" : 0.0,
      "p99" : 0.0,
      "p999" : 0.0,
      "values" : [ ],
      "stddev" : 0.0,
      "m15_rate" : 0.0,
      "m1_rate" : 0.0,
      "m5_rate" : 0.0,
      "mean_rate" : 0.0,
      "duration_units" : "seconds",
      "rate_units" : "calls/minute"
    },
    "jenkins.job.waiting.duration" : {
      "count" : 0,
      "max" : 0.0,
      "mean" : 0.0,
      "min" : 0.0,
      "p50" : 0.0,
      "p75" : 0.0,
      "p95" : 0.0,
      "p98" : 0.0,
      "p99" : 0.0,
      "p999" : 0.0,
      "values" : [ ],
      "stddev" : 0.0,
      "m15_rate" : 0.0,
      "m1_rate" : 0.0,
      "m5_rate" : 0.0,
      "mean_rate" : 0.0,
      "duration_units" : "seconds",
      "rate_units" : "calls/minute"
    },
    "jenkins.node.st130.builds" : {
      "count" : 0,
      "max" : 0.0,
      "mean" : 0.0,
      "min" : 0.0,
      "p50" : 0.0,
      "p75" : 0.0,
      "p95" : 0.0,
      "p98" : 0.0,
      "p99" : 0.0,
      "p999" : 0.0,
      "values" : [ ],
      "stddev" : 0.0,
      "m15_rate" : 0.0,
      "m1_rate" : 0.0,
      "m5_rate" : 0.0,
      "mean_rate" : 0.0,
      "duration_units" : "seconds",
      "rate_units" : "calls/minute"
    }
  }
}