<com.michelin.cio.hudson.plugins.maskpasswords.MaskPasswordsConfig plugin="mask-passwords@2.9">
  <maskPasswordsParamDefClasses class="linked-hash-set">
    <string>com.michelin.cio.hudson.plugins.passwordparam.PasswordParameterDefinition</string>
    <string>hudson.model.PasswordParameterDefinition</string>
  </maskPasswordsParamDefClasses>
  <globalVarPasswordPairs/>
  <globalVarMaskRegexes/>
  <globalVarEnableGlobally>false</globalVarEnableGlobally>
</com.michelin.cio.hudson.plugins.maskpasswords.MaskPasswordsConfig>