<hudson.plugins.ircbot.IrcPublisher_-DescriptorImpl plugin="ircbot@2.27">
  <enabled>true</enabled>
  <hostname>irc.mozilla.org</hostname>
  <port>6697</port>
  <ssl>true</ssl>
  <disallowPrivateChat>false</disallowPrivateChat>
  <login>cloud-test-dev</login>
  <sslTrustAllCertificates>false</sslTrustAllCertificates>
  <password>V3RyKk0zbG9uMw==</password>
  <nick>cloud-test-dev</nick>
  <nickServPassword>V3RyKk0zbG9uMw==</nickServPassword>
  <socksHost/>
  <socksPort>1080</socksPort>
  <messageRate>500</messageRate>
  <scrambledPasswords>true</scrambledPasswords>
  <defaultTargets>
    <hudson.plugins.im.GroupChatIMMessageTarget plugin="instant-messaging@1.35">
      <name>#services-test</name>
      <notificationOnly>false</notificationOnly>
    </hudson.plugins.im.GroupChatIMMessageTarget>
  </defaultTargets>
  <commandPrefix>!jenkins</commandPrefix>
  <hudsonLogin/>
  <useNotice>true</useNotice>
  <charset>UTF-8</charset>
  <useColors>true</useColors>
</hudson.plugins.ircbot.IrcPublisher_-DescriptorImpl>