<hudson.plugins.s3.S3BucketPublisher_-DescriptorImpl plugin="s3@0.10.11">
  <profiles>
    <hudson.plugins.s3.S3Profile>
      <name>services-qa-jenkins-artifacts/test-logs</name>
      <accessKey/>
      <maxUploadRetries>3</maxUploadRetries>
      <uploadRetryTime>0</uploadRetryTime>
      <maxDownloadRetries>0</maxDownloadRetries>
      <downloadRetryTime>0</downloadRetryTime>
      <keepStructure>false</keepStructure>
      <useRole>true</useRole>
      <signedUrlExpirySeconds>60</signedUrlExpirySeconds>
    </hudson.plugins.s3.S3Profile>
    <hudson.plugins.s3.S3Profile>
      <name>ActiveData</name>
      <accessKey/>
      <maxUploadRetries>5</maxUploadRetries>
      <uploadRetryTime>5</uploadRetryTime>
      <maxDownloadRetries>5</maxDownloadRetries>
      <downloadRetryTime>5</downloadRetryTime>
      <keepStructure>false</keepStructure>
      <useRole>true</useRole>
      <signedUrlExpirySeconds>60</signedUrlExpirySeconds>
    </hudson.plugins.s3.S3Profile>
    <hudson.plugins.s3.S3Profile>
      <name>fx-test-jenkins-s3-publisher</name>
      <accessKey/>
      <maxUploadRetries>5</maxUploadRetries>
      <uploadRetryTime>5</uploadRetryTime>
      <maxDownloadRetries>5</maxDownloadRetries>
      <downloadRetryTime>5</downloadRetryTime>
      <keepStructure>false</keepStructure>
      <useRole>true</useRole>
      <signedUrlExpirySeconds>60</signedUrlExpirySeconds>
    </hudson.plugins.s3.S3Profile>
  </profiles>
  <regions>
    <com.amazonaws.regions.Regions>GovCloud</com.amazonaws.regions.Regions>
    <com.amazonaws.regions.Regions>US_EAST_1</com.amazonaws.regions.Regions>
    <com.amazonaws.regions.Regions>US_WEST_1</com.amazonaws.regions.Regions>
    <com.amazonaws.regions.Regions>US_WEST_2</com.amazonaws.regions.Regions>
    <com.amazonaws.regions.Regions>EU_WEST_1</com.amazonaws.regions.Regions>
    <com.amazonaws.regions.Regions>EU_CENTRAL_1</com.amazonaws.regions.Regions>
    <com.amazonaws.regions.Regions>AP_SOUTHEAST_1</com.amazonaws.regions.Regions>
    <com.amazonaws.regions.Regions>AP_SOUTHEAST_2</com.amazonaws.regions.Regions>
    <com.amazonaws.regions.Regions>AP_NORTHEAST_1</com.amazonaws.regions.Regions>
    <com.amazonaws.regions.Regions>AP_NORTHEAST_2</com.amazonaws.regions.Regions>
    <com.amazonaws.regions.Regions>SA_EAST_1</com.amazonaws.regions.Regions>
    <com.amazonaws.regions.Regions>CN_NORTH_1</com.amazonaws.regions.Regions>
  </regions>
  <storageClasses>
    <string>STANDARD</string>
    <string>REDUCED_REDUNDANCY</string>
  </storageClasses>
</hudson.plugins.s3.S3BucketPublisher_-DescriptorImpl>