<org.jenkinsci.plugins.workflow.libs.GlobalLibraries plugin="workflow-cps-global-lib@2.7">
  <libraries>
    <org.jenkinsci.plugins.workflow.libs.LibraryConfiguration>
      <name>fxtest</name>
      <retriever class="org.jenkinsci.plugins.workflow.libs.SCMSourceRetriever">
        <scm class="jenkins.plugins.git.GitSCMSource" plugin="git@3.2.0">
          <id>695d35aa-017b-436b-a924-9fca8c47440b</id>
          <remote>https://github.com/mozilla/fxtest-jenkins-pipeline.git</remote>
          <credentialsId/>
          <remoteName>origin</remoteName>
          <rawRefSpecs>+refs/heads/*:refs/remotes/origin/*</rawRefSpecs>
          <includes>*</includes>
          <excludes/>
          <ignoreOnPushNotifications>false</ignoreOnPushNotifications>
          <extensions>
            <hudson.plugins.git.extensions.impl.WipeWorkspace/>
          </extensions>
        </scm>
      </retriever>
      <defaultVersion>1.2</defaultVersion>
      <implicit>false</implicit>
      <allowVersionOverride>true</allowVersionOverride>
    </org.jenkinsci.plugins.workflow.libs.LibraryConfiguration>
  </libraries>
</org.jenkinsci.plugins.workflow.libs.GlobalLibraries>