<scriptApproval plugin="script-security@1.27">
  <approvedScriptHashes>
    <string>0b10c98f7144a8c8ec61d6e393d98db5ada5bd36</string>
    <string>29c0873a6f033d77f2178f603c9376a1efb7b307</string>
    <string>32c234be256f35de9c791b8f12d87b8418fe93df</string>
    <string>451afac81daf671dab9fe9d6ffd96b4061abadb2</string>
    <string>4585c7dae38a4f99f32868a6edcdbc4ab55d3fdb</string>
    <string>4e54a576601ffd4949d68403983f9a6e8be4ed89</string>
    <string>520d32fe72c981c8520045cf7401c16e710082b8</string>
    <string>7c14c747066fe89cef63bb24c36e622737795b52</string>
    <string>8f563b62af894ff82a55a03b38722c56ba9ba07e</string>
    <string>8fc773135c41318b8d8e09c10713dfb6548e9dce</string>
    <string>902ab82106db380f567251df97762acafeef9e98</string>
    <string>94dc3c20ec6c26103c13cf86e1dab7ae4c15efb2</string>
    <string>9e65311381c65aa86c45e889e2fd0239e2cb6d35</string>
    <string>b2284ed06bb8eb1b1621dc8129859026ecd2bec1</string>
    <string>b8eb16a87f51901761405787e7ac1f062722ce51</string>
    <string>bcce3e4b74dec08190599419fa5bbb463286a780</string>
    <string>c13f36731e57e441ea38713ffd9b4248352fa69a</string>
    <string>cf8e5f34d248ec9e17fe38b8ee2bb3eb5589a0a8</string>
    <string>d461ef21237e7c313cf7e1e1e97410500ae021e3</string>
    <string>dab6b7daaacdc1dd3d20bcf9bb1de2ef2d5b5d7e</string>
    <string>f03db5e110f612fc1340f31cc52cee50bd6318de</string>
  </approvedScriptHashes>
  <approvedSignatures>
    <string>method groovy.lang.GroovyObject invokeMethod java.lang.String java.lang.Object</string>
  </approvedSignatures>
  <aclApprovedSignatures>
    <string>method java.net.URL openConnection</string>
  </aclApprovedSignatures>
  <approvedClasspathEntries/>
  <pendingScripts/>
  <pendingSignatures/>
  <pendingClasspathEntries/>
</scriptApproval>