<?xml version="1.0" encoding="UTF-8"?><InteractionHistory Id="http://issues.hudson-ci.org-138040" Version="1"><InteractionEvent Delta="null" EndDate="2010-10-27 23:38:27.415 CEST" Interest="1.0" Kind="propagation" Navigation="null" OriginId="org.eclipse.jdt.ui.PackageExplorer" StartDate="2010-10-27 23:38:27.415 CEST" StructureHandle="/hudson-core/src/main/java/hudson/model" StructureKind="resource"/><InteractionEvent Delta="null" EndDate="2010-10-27 23:38:27.416 CEST" Interest="1.0" Kind="propagation" Navigation="org.eclipse.mylyn.core.model.edges.containment" OriginId="org.eclipse.mylyn.core.model.interest.propagation" StartDate="2010-10-27 23:38:27.416 CEST" StructureHandle="/" StructureKind="resource"/><InteractionEvent Delta="null" EndDate="2010-10-27 23:37:33.973 CEST" Interest="1.0" Kind="propagation" Navigation="org.eclipse.mylyn.core.model.edges.containment" OriginId="org.eclipse.mylyn.core.model.interest.propagation" StartDate="2010-10-27 23:37:33.973 CEST" StructureHandle="=hudson-core/src\/main\/java&amp;lt;hudson.model{Run.java[Run" StructureKind="java"/><InteractionEvent Delta="null" EndDate="2010-10-27 23:37:28.729 CEST" Interest="0.01699996" Kind="propagation" Navigation="org.eclipse.mylyn.core.model.edges.containment" OriginId="org.eclipse.mylyn.core.model.interest.propagation" StartDate="2010-10-27 23:37:28.729 CEST" StructureHandle="=hudson-core/src\/main\/java" StructureKind="java"/><InteractionEvent Delta="null" EndDate="2010-10-27 23:37:30.17 CEST" Interest="1.0" Kind="selection" Navigation="null" OriginId="org.eclipse.jdt.ui.CompilationUnitEditor" StartDate="2010-10-27 23:37:30.17 CEST" StructureHandle="=hudson-core/src\/main\/java&amp;lt;hudson.model{Run.java" StructureKind="java"/><InteractionEvent Delta="null" EndDate="2010-10-27 23:37:56.974 CEST" Interest="1.0" Kind="propagation" Navigation="null" OriginId="org.eclipse.ui.views.ContentOutline" StartDate="2010-10-27 23:37:56.974 CEST" StructureHandle="/hudson-core/src/main/java/hudson/model" StructureKind="resource"/><InteractionEvent Delta="null" EndDate="2010-10-27 23:38:02.355 CEST" Interest="1.0" Kind="propagation" Navigation="org.eclipse.mylyn.core.model.edges.containment" OriginId="org.eclipse.mylyn.core.model.interest.propagation" StartDate="2010-10-27 23:38:02.355 CEST" StructureHandle="=hudson-core" StructureKind="resource"/><InteractionEvent Delta="null" EndDate="2010-10-27 23:37:42.466 CEST" Interest="1.0" Kind="propagation" Navigation="org.eclipse.mylyn.core.model.edges.containment" OriginId="org.eclipse.mylyn.core.model.interest.propagation" StartDate="2010-10-27 23:37:42.466 CEST" StructureHandle="/hudson-core/src/main/java" StructureKind="resource"/><InteractionEvent Delta="null" EndDate="2010-10-27 23:37:53.917 CEST" Interest="209.03401" Kind="propagation" Navigation="org.eclipse.mylyn.core.model.edges.containment" OriginId="org.eclipse.mylyn.core.model.interest.propagation" StartDate="2010-10-27 23:37:53.917 CEST" StructureHandle="=hudson-core/src\/main\/java&amp;lt;hudson.model{Run.java" StructureKind="java"/><InteractionEvent Delta="null" EndDate="2010-10-27 23:38:07.654 CEST" Interest="1.0" Kind="propagation" Navigation="org.eclipse.mylyn.core.model.edges.containment" OriginId="org.eclipse.mylyn.core.model.interest.propagation" StartDate="2010-10-27 23:38:07.654 CEST" StructureHandle="/hudson-core/src/main/java/hudson" StructureKind="resource"/><InteractionEvent Delta="null" EndDate="2010-10-27 23:37:28.703 CEST" Interest="1.0" Kind="selection" Navigation="null" OriginId="org.eclipse.jdt.ui.CompilationUnitEditor" StartDate="2010-10-27 23:37:28.703 CEST" StructureHandle="=hudson-core/src\/main\/java&amp;lt;hudson.model{AbstractBuild.java" StructureKind="java"/><InteractionEvent Delta="null" EndDate="2010-10-27 23:38:02.301 CEST" Interest="1.0" Kind="propagation" Navigation="org.eclipse.mylyn.core.model.edges.containment" OriginId="org.eclipse.mylyn.core.model.interest.propagation" StartDate="2010-10-27 23:38:02.301 CEST" StructureHandle="/hudson-core/src/main" StructureKind="resource"/><InteractionEvent Delta="null" EndDate="2010-10-27 23:37:53.859 CEST" Interest="1.0000005" Kind="propagation" Navigation="org.eclipse.mylyn.core.model.edges.containment" OriginId="org.eclipse.mylyn.core.model.interest.propagation" StartDate="2010-10-27 23:37:53.859 CEST" StructureHandle="=hudson-core" StructureKind="resource"/><InteractionEvent Delta="null" EndDate="2010-10-27 23:38:02.301 CEST" Interest="1.0" Kind="propagation" Navigation="org.eclipse.mylyn.core.model.edges.containment" OriginId="org.eclipse.mylyn.core.model.interest.propagation" StartDate="2010-10-27 23:38:02.301 CEST" StructureHandle="/" StructureKind="resource"/><InteractionEvent Delta="null" EndDate="2010-10-27 23:38:02.354 CEST" Interest="1.0" Kind="propagation" Navigation="org.eclipse.mylyn.core.model.edges.containment" OriginId="org.eclipse.mylyn.core.model.interest.propagation" StartDate="2010-10-27 23:38:02.354 CEST" StructureHandle="=hudson-core/src\/main\/java&amp;lt;hudson.model{AbstractBuild.java[AbstractBuild" StructureKind="java"/><InteractionEvent Delta="null" EndDate="2010-10-27 23:37:53.917 CEST" Interest="209.03401" Kind="propagation" Navigation="org.eclipse.mylyn.core.model.edges.containment" OriginId="org.eclipse.mylyn.core.model.interest.propagation" StartDate="2010-10-27 23:37:53.917 CEST" StructureHandle="=hudson-core/src\/main\/java&amp;lt;hudson.model" StructureKind="java"/><InteractionEvent Delta="null" EndDate="2010-10-27 23:37:28.729 CEST" Interest="0.01700002" Kind="propagation" Navigation="org.eclipse.mylyn.core.model.edges.containment" OriginId="org.eclipse.mylyn.core.model.interest.propagation" StartDate="2010-10-27 23:37:28.729 CEST" StructureHandle="=hudson-core/src\/main\/java&amp;lt;hudson.model" StructureKind="java"/><InteractionEvent Delta="null" EndDate="2010-10-27 23:37:30.41 CEST" Interest="1.0" Kind="propagation" Navigation="org.eclipse.mylyn.core.model.edges.containment" OriginId="org.eclipse.mylyn.core.model.interest.propagation" StartDate="2010-10-27 23:37:30.41 CEST" StructureHandle="/hudson-core/src/main/java" StructureKind="resource"/><InteractionEvent Delta="null" EndDate="2010-10-27 23:37:50.33 CEST" Interest="1.0" Kind="propagation" Navigation="org.eclipse.mylyn.core.model.edges.containment" OriginId="org.eclipse.mylyn.core.model.interest.propagation" StartDate="2010-10-27 23:37:50.33 CEST" StructureHandle="/hudson-core/src/main" StructureKind="resource"/><InteractionEvent Delta="null" EndDate="2010-10-27 23:38:02.354 CEST" Interest="1.0" Kind="propagation" Navigation="null" OriginId="org.eclipse.jdt.ui.CompilationUnitEditor" StartDate="2010-10-27 23:38:02.354 CEST" StructureHandle="/hudson-core/src/main/java/hudson/model" StructureKind="resource"/><InteractionEvent Delta="null" EndDate="2010-10-27 23:38:00.87 CEST" Interest="208.119" Kind="manipulation" Navigation="null" OriginId="org.eclipse.mylyn.ui.interest.user" StartDate="2010-10-27 23:38:00.87 CEST" StructureHandle="=hudson-core/src\/main\/java&amp;lt;hudson.model{Run.java[Run~getEnvironment~QTaskListener;" StructureKind="java"/><InteractionEvent Delta="null" EndDate="2010-10-27 23:37:28.728 CEST" Interest="1.0" Kind="propagation" Navigation="null" OriginId="org.eclipse.jdt.ui.CompilationUnitEditor" StartDate="2010-10-27 23:37:28.728 CEST" StructureHandle="/hudson-core/src/main/java/hudson/model/AbstractBuild.java" StructureKind="resource"/><InteractionEvent Delta="null" EndDate="2010-10-27 23:38:09.108 CEST" Interest="207.204" Kind="manipulation" Navigation="null" OriginId="org.eclipse.mylyn.ui.interest.user" StartDate="2010-10-27 23:38:09.108 CEST" StructureHandle="=hudson-core/src\/main\/java&amp;lt;hudson.model{AbstractBuild.java[AbstractBuild~getComputer" StructureKind="java"/><InteractionEvent Delta="null" EndDate="2010-10-27 23:37:53.859 CEST" Interest="0.9999999" Kind="propagation" Navigation="org.eclipse.mylyn.core.model.edges.containment" OriginId="org.eclipse.mylyn.core.model.interest.propagation" StartDate="2010-10-27 23:37:53.859 CEST" StructureHandle="=hudson-core/src\/main\/java&amp;lt;hudson.model" StructureKind="java"/><InteractionEvent Delta="null" EndDate="2010-10-27 23:37:28.728 CEST" Interest="1.0" Kind="propagation" Navigation="org.eclipse.mylyn.core.model.edges.containment" OriginId="org.eclipse.mylyn.core.model.interest.propagation" StartDate="2010-10-27 23:37:28.728 CEST" StructureHandle="/hudson-core/src" StructureKind="resource"/><InteractionEvent Delta="null" EndDate="2010-10-27 23:37:30.18 CEST" Interest="0.01699996" Kind="propagation" Navigation="org.eclipse.mylyn.core.model.edges.containment" OriginId="org.eclipse.mylyn.core.model.interest.propagation" StartDate="2010-10-27 23:37:30.18 CEST" StructureHandle="=hudson-core/src\/main\/java" StructureKind="java"/><InteractionEvent Delta="null" EndDate="2010-10-27 23:37:53.859 CEST" Interest="1.0000005" Kind="propagation" Navigation="org.eclipse.mylyn.core.model.edges.containment" OriginId="org.eclipse.mylyn.core.model.interest.propagation" StartDate="2010-10-27 23:37:53.859 CEST" StructureHandle="/" StructureKind="resource"/><InteractionEvent Delta="null" EndDate="2010-10-27 23:37:33.973 CEST" Interest="1.0" Kind="selection" Navigation="null" OriginId="org.eclipse.ui.views.ContentOutline" StartDate="2010-10-27 23:37:33.973 CEST" StructureHandle="=hudson-core/src\/main\/java&amp;lt;hudson.model{Run.java[Run~getEnvironment~QTaskListener;" StructureKind="java"/><InteractionEvent Delta="null" EndDate="2010-10-27 23:38:07.653 CEST" Interest="1.0" Kind="propagation" Navigation="null" OriginId="org.eclipse.ui.views.ContentOutline" StartDate="2010-10-27 23:38:07.653 CEST" StructureHandle="/hudson-core/src/main/java/hudson/model/AbstractBuild.java" StructureKind="resource"/><InteractionEvent Delta="null" EndDate="2010-10-27 23:37:53.917 CEST" Interest="1.0" Kind="propagation" Navigation="org.eclipse.mylyn.core.model.edges.containment" OriginId="org.eclipse.mylyn.core.model.interest.propagation" StartDate="2010-10-27 23:37:53.917 CEST" StructureHandle="/hudson-core/src/main/java" StructureKind="resource"/><InteractionEvent Delta="null" EndDate="2010-10-27 23:37:30.17 CEST" Interest="1.0000001" Kind="propagation" Navigation="org.eclipse.mylyn.core.model.edges.containment" OriginId="org.eclipse.mylyn.core.model.interest.propagation" StartDate="2010-10-27 23:37:30.17 CEST" StructureHandle="/hudson-core/src/main/java" StructureKind="resource"/><InteractionEvent Delta="null" EndDate="2010-10-27 23:37:28.729 CEST" Interest="1.0" Kind="propagation" Navigation="org.eclipse.mylyn.core.model.edges.containment" OriginId="org.eclipse.mylyn.core.model.interest.propagation" StartDate="2010-10-27 23:37:28.729 CEST" StructureHandle="=hudson-core" StructureKind="resource"/><InteractionEvent Delta="null" EndDate="2010-10-27 23:37:30.17 CEST" Interest="1.0" Kind="propagation" Navigation="null" OriginId="org.eclipse.jdt.ui.CompilationUnitEditor" StartDate="2010-10-27 23:37:30.17 CEST" StructureHandle="/hudson-core/src/main/java/hudson/model/Run.java" StructureKind="resource"/><InteractionEvent Delta="null" EndDate="2010-10-27 23:37:28.729 CEST" Interest="0.01700002" Kind="propagation" Navigation="org.eclipse.mylyn.core.model.edges.containment" OriginId="org.eclipse.mylyn.core.model.interest.propagation" StartDate="2010-10-27 23:37:28.729 CEST" StructureHandle="=hudson-core/src\/main\/java&amp;lt;hudson.model{AbstractBuild.java" StructureKind="java"/><InteractionEvent Delta="null" EndDate="2010-10-27 23:38:02.355 CEST" Interest="1.0" Kind="propagation" Navigation="org.eclipse.mylyn.core.model.edges.containment" OriginId="org.eclipse.mylyn.core.model.interest.propagation" StartDate="2010-10-27 23:38:02.355 CEST" StructureHandle="/hudson-core/src" StructureKind="resource"/><InteractionEvent Delta="null" EndDate="2010-10-27 23:38:07.655 CEST" Interest="1.0" Kind="propagation" Navigation="org.eclipse.mylyn.core.model.edges.containment" OriginId="org.eclipse.mylyn.core.model.interest.propagation" StartDate="2010-10-27 23:38:07.655 CEST" StructureHandle="=hudson-core" StructureKind="resource"/><InteractionEvent Delta="null" EndDate="2010-10-27 23:38:27.415 CEST" Interest="208.204" Kind="propagation" Navigation="org.eclipse.mylyn.core.model.edges.containment" OriginId="org.eclipse.mylyn.core.model.interest.propagation" StartDate="2010-10-27 23:38:27.415 CEST" StructureHandle="=hudson-core/src\/main\/java&amp;lt;hudson.model{AbstractBuild.java" StructureKind="java"/><InteractionEvent Delta="null" EndDate="2010-10-27 23:37:50.33 CEST" Interest="1.0" Kind="propagation" Navigation="org.eclipse.mylyn.core.model.edges.containment" OriginId="org.eclipse.mylyn.core.model.interest.propagation" StartDate="2010-10-27 23:37:50.33 CEST" StructureHandle="/hudson-core/src" StructureKind="resource"/><InteractionEvent Delta="null" EndDate="2010-10-27 23:38:27.415 CEST" Interest="1.0" Kind="propagation" Navigation="org.eclipse.mylyn.core.model.edges.containment" OriginId="org.eclipse.mylyn.core.model.interest.propagation" StartDate="2010-10-27 23:38:27.415 CEST" StructureHandle="/hudson-core/src/main/java/hudson" StructureKind="resource"/><InteractionEvent Delta="null" EndDate="2010-10-27 23:37:28.703 CEST" Interest="1.0" Kind="propagation" Navigation="org.eclipse.mylyn.core.model.edges.containment" OriginId="org.eclipse.mylyn.core.model.interest.propagation" StartDate="2010-10-27 23:37:28.703 CEST" StructureHandle="/hudson-core/src/main/java/hudson" StructureKind="resource"/><InteractionEvent Delta="null" EndDate="2010-10-27 23:38:27.416 CEST" Interest="1.0" Kind="propagation" Navigation="org.eclipse.mylyn.core.model.edges.containment" OriginId="org.eclipse.mylyn.core.model.interest.propagation" StartDate="2010-10-27 23:38:27.416 CEST" StructureHandle="=hudson-core" StructureKind="resource"/><InteractionEvent Delta="null" EndDate="2010-10-27 23:37:30.17 CEST" Interest="1.0000001" Kind="propagation" Navigation="org.eclipse.mylyn.core.model.edges.containment" OriginId="org.eclipse.mylyn.core.model.interest.propagation" StartDate="2010-10-27 23:37:30.17 CEST" StructureHandle="/hudson-core/src/main/java/hudson" StructureKind="resource"/><InteractionEvent Delta="null" EndDate="2010-10-27 23:37:28.703 CEST" Interest="1.0" Kind="propagation" Navigation="org.eclipse.mylyn.core.model.edges.containment" OriginId="org.eclipse.mylyn.core.model.interest.propagation" StartDate="2010-10-27 23:37:28.703 CEST" StructureHandle="/hudson-core/src/main/java" StructureKind="resource"/><InteractionEvent Delta="null" EndDate="2010-10-27 23:37:30.41 CEST" Interest="1.0" Kind="propagation" Navigation="null" OriginId="org.eclipse.jdt.ui.CompilationUnitEditor" StartDate="2010-10-27 23:37:30.41 CEST" StructureHandle="/hudson-core/src/main/java/hudson/model/Run.java" StructureKind="resource"/><InteractionEvent Delta="null" EndDate="2010-10-27 23:37:33.973 CEST" Interest="1.0" Kind="propagation" Navigation="org.eclipse.mylyn.core.model.edges.containment" OriginId="org.eclipse.mylyn.core.model.interest.propagation" StartDate="2010-10-27 23:37:33.973 CEST" StructureHandle="=hudson-core/src\/main\/java&amp;lt;hudson.model{Run.java" StructureKind="java"/><InteractionEvent Delta="null" EndDate="2010-10-27 23:37:33.974 CEST" Interest="1.0000002" Kind="propagation" Navigation="org.eclipse.mylyn.core.model.edges.containment" OriginId="org.eclipse.mylyn.core.model.interest.propagation" StartDate="2010-10-27 23:37:33.974 CEST" StructureHandle="=hudson-core/src\/main\/java" StructureKind="java"/><InteractionEvent Delta="null" EndDate="2010-10-27 23:37:56.974 CEST" Interest="1.0" Kind="propagation" Navigation="org.eclipse.mylyn.core.model.edges.containment" OriginId="org.eclipse.mylyn.core.model.interest.propagation" StartDate="2010-10-27 23:37:56.974 CEST" StructureHandle="/hudson-core/src" StructureKind="resource"/><InteractionEvent Delta="null" EndDate="2010-10-27 23:37:33.974 CEST" Interest="1.0000002" Kind="propagation" Navigation="org.eclipse.mylyn.core.model.edges.containment" OriginId="org.eclipse.mylyn.core.model.interest.propagation" StartDate="2010-10-27 23:37:33.974 CEST" StructureHandle="/hudson-core/src" StructureKind="resource"/><InteractionEvent Delta="null" EndDate="2010-10-27 23:38:02.354 CEST" Interest="1.0" Kind="selection" Navigation="null" OriginId="org.eclipse.jdt.ui.CompilationUnitEditor" StartDate="2010-10-27 23:38:02.354 CEST" StructureHandle="=hudson-core/src\/main\/java&amp;lt;hudson.model{AbstractBuild.java[AbstractBuild~getComputer" StructureKind="java"/><InteractionEvent Delta="null" EndDate="2010-10-27 23:37:53.859 CEST" Interest="1.0" Kind="propagation" Navigation="null" OriginId="org.eclipse.jdt.ui.CompilationUnitEditor" StartDate="2010-10-27 23:37:53.859 CEST" StructureHandle="/hudson-core/src/main/java/hudson/model" StructureKind="resource"/><InteractionEvent Delta="null" EndDate="2010-10-27 23:37:28.728 CEST" Interest="1.0" Kind="propagation" Navigation="org.eclipse.mylyn.core.model.edges.containment" OriginId="org.eclipse.mylyn.core.model.interest.propagation" StartDate="2010-10-27 23:37:28.728 CEST" StructureHandle="/hudson-core/src/main/java/hudson" StructureKind="resource"/><InteractionEvent Delta="null" EndDate="2010-10-27 23:37:53.860 CEST" Interest="1.0000001" Kind="propagation" Navigation="org.eclipse.mylyn.core.model.edges.containment" OriginId="org.eclipse.mylyn.core.model.interest.propagation" StartDate="2010-10-27 23:37:53.860 CEST" StructureHandle="=hudson-core/src\/main\/java" StructureKind="java"/><InteractionEvent Delta="null" EndDate="2010-10-27 23:37:30.41 CEST" Interest="1.0" Kind="propagation" Navigation="org.eclipse.mylyn.core.model.edges.containment" OriginId="org.eclipse.mylyn.core.model.interest.propagation" StartDate="2010-10-27 23:37:30.41 CEST" StructureHandle="/hudson-core/src/main/java/hudson" StructureKind="resource"/><InteractionEvent Delta="null" EndDate="2010-10-27 23:38:02.301 CEST" Interest="1.0" Kind="propagation" Navigation="org.eclipse.mylyn.core.model.edges.containment" OriginId="org.eclipse.mylyn.core.model.interest.propagation" StartDate="2010-10-27 23:38:02.301 CEST" StructureHandle="/hudson-core/src/main/java" StructureKind="resource"/><InteractionEvent Delta="null" EndDate="2010-10-27 23:37:28.703 CEST" Interest="1.0" Kind="propagation" Navigation="org.eclipse.mylyn.core.model.edges.containment" OriginId="org.eclipse.mylyn.core.model.interest.propagation" StartDate="2010-10-27 23:37:28.703 CEST" StructureHandle="/hudson-core/src/main/java/hudson/model" StructureKind="resource"/><InteractionEvent Delta="null" EndDate="2010-10-27 23:37:28.729 CEST" Interest="1.0" Kind="propagation" Navigation="org.eclipse.mylyn.core.model.edges.containment" OriginId="org.eclipse.mylyn.core.model.interest.propagation" StartDate="2010-10-27 23:37:28.729 CEST" StructureHandle="/" StructureKind="resource"/><InteractionEvent Delta="null" EndDate="2010-10-27 23:38:07.655 CEST" Interest="1.0" Kind="propagation" Navigation="org.eclipse.mylyn.core.model.edges.containment" OriginId="org.eclipse.mylyn.core.model.interest.propagation" StartDate="2010-10-27 23:38:07.655 CEST" StructureHandle="/" StructureKind="resource"/><InteractionEvent Delta="null" EndDate="2010-10-27 23:38:27.415 CEST" Interest="0.13598633" Kind="propagation" Navigation="org.eclipse.mylyn.core.model.edges.containment" OriginId="org.eclipse.mylyn.core.model.interest.propagation" StartDate="2010-10-27 23:38:27.415 CEST" StructureHandle="=hudson-core/src\/main\/java&amp;lt;hudson.model" StructureKind="java"/><InteractionEvent Delta="null" EndDate="2010-10-27 23:37:53.917 CEST" Interest="1.0" Kind="propagation" Navigation="org.eclipse.mylyn.core.model.edges.containment" OriginId="org.eclipse.mylyn.core.model.interest.propagation" StartDate="2010-10-27 23:37:53.917 CEST" StructureHandle="=hudson-core" StructureKind="resource"/><InteractionEvent Delta="null" EndDate="2010-10-27 23:37:30.18 CEST" Interest="1.0000001" Kind="propagation" Navigation="org.eclipse.mylyn.core.model.edges.containment" OriginId="org.eclipse.mylyn.core.model.interest.propagation" StartDate="2010-10-27 23:37:30.18 CEST" StructureHandle="/" StructureKind="resource"/><InteractionEvent Delta="null" EndDate="2010-10-27 23:37:28.728 CEST" Interest="1.0" Kind="propagation" Navigation="org.eclipse.mylyn.core.model.edges.containment" OriginId="org.eclipse.mylyn.core.model.interest.propagation" StartDate="2010-10-27 23:37:28.728 CEST" StructureHandle="/hudson-core/src/main" StructureKind="resource"/><InteractionEvent Delta="null" EndDate="2010-10-27 23:37:53.917 CEST" Interest="1.0" Kind="propagation" Navigation="org.eclipse.mylyn.core.model.edges.containment" OriginId="org.eclipse.mylyn.core.model.interest.propagation" StartDate="2010-10-27 23:37:53.917 CEST" StructureHandle="/hudson-core/src" StructureKind="resource"/><InteractionEvent Delta="null" EndDate="2010-10-27 23:38:27.415 CEST" Interest="1.0" Kind="propagation" Navigation="null" OriginId="org.eclipse.jdt.ui.PackageExplorer" StartDate="2010-10-27 23:38:27.415 CEST" StructureHandle="/hudson-core/src/main/java/hudson/model/AbstractBuild.java" StructureKind="resource"/><InteractionEvent Delta="null" EndDate="2010-10-27 23:37:53.917 CEST" Interest="1.0" Kind="propagation" Navigation="org.eclipse.mylyn.core.model.edges.containment" OriginId="org.eclipse.mylyn.core.model.interest.propagation" StartDate="2010-10-27 23:37:53.917 CEST" StructureHandle="/hudson-core/src/main/java/hudson" StructureKind="resource"/><InteractionEvent Delta="null" EndDate="2010-10-27 23:37:30.41 CEST" Interest="1.0" Kind="propagation" Navigation="null" OriginId="org.eclipse.jdt.ui.CompilationUnitEditor" StartDate="2010-10-27 23:37:30.41 CEST" StructureHandle="/hudson-core/src/main/java/hudson/model" StructureKind="resource"/><InteractionEvent Delta="null" EndDate="2010-10-27 23:38:27.416 CEST" Interest="0.13598633" Kind="propagation" Navigation="org.eclipse.mylyn.core.model.edges.containment" OriginId="org.eclipse.mylyn.core.model.interest.propagation" StartDate="2010-10-27 23:38:27.416 CEST" StructureHandle="=hudson-core/src\/main\/java" StructureKind="java"/><InteractionEvent Delta="null" EndDate="2010-10-27 23:37:30.40 CEST" Interest="1.0" Kind="propagation" Navigation="org.eclipse.mylyn.core.model.edges.containment" OriginId="org.eclipse.mylyn.core.model.interest.propagation" StartDate="2010-10-27 23:37:30.40 CEST" StructureHandle="=hudson-core/src\/main\/java&amp;lt;hudson.model{Run.java[Run" StructureKind="java"/><InteractionEvent Delta="null" EndDate="2010-10-27 23:37:56.974 CEST" Interest="1.0" Kind="propagation" Navigation="org.eclipse.mylyn.core.model.edges.containment" OriginId="org.eclipse.mylyn.core.model.interest.propagation" StartDate="2010-10-27 23:37:56.974 CEST" StructureHandle="/hudson-core/src/main" StructureKind="resource"/><InteractionEvent Delta="null" EndDate="2010-10-27 23:37:50.33 CEST" Interest="1.0" Kind="propagation" Navigation="org.eclipse.mylyn.core.model.edges.containment" OriginId="org.eclipse.mylyn.core.model.interest.propagation" StartDate="2010-10-27 23:37:50.33 CEST" StructureHandle="/hudson-core/src/main/java" StructureKind="resource"/><InteractionEvent Delta="null" EndDate="2010-10-27 23:37:50.91 CEST" Interest="1.0" Kind="propagation" Navigation="org.eclipse.mylyn.core.model.edges.containment" OriginId="org.eclipse.mylyn.core.model.interest.propagation" StartDate="2010-10-27 23:37:50.91 CEST" StructureHandle="/hudson-core/src/main/java" StructureKind="resource"/><InteractionEvent Delta="null" EndDate="2010-10-27 23:37:50.91 CEST" Interest="1.0" Kind="propagation" Navigation="org.eclipse.mylyn.core.model.edges.containment" OriginId="org.eclipse.mylyn.core.model.interest.propagation" StartDate="2010-10-27 23:37:50.91 CEST" StructureHandle="/hudson-core/src/main/java/hudson" StructureKind="resource"/><InteractionEvent Delta="null" EndDate="2010-10-27 23:37:50.91 CEST" Interest="1.0" Kind="propagation" Navigation="org.eclipse.mylyn.core.model.edges.containment" OriginId="org.eclipse.mylyn.core.model.interest.propagation" StartDate="2010-10-27 23:37:50.91 CEST" StructureHandle="/hudson-core/src/main" StructureKind="resource"/><InteractionEvent Delta="null" EndDate="2010-10-27 23:37:30.41 CEST" Interest="1.0" Kind="propagation" Navigation="org.eclipse.mylyn.core.model.edges.containment" OriginId="org.eclipse.mylyn.core.model.interest.propagation" StartDate="2010-10-27 23:37:30.41 CEST" StructureHandle="/" StructureKind="resource"/><InteractionEvent Delta="null" EndDate="2010-10-27 23:37:42.466 CEST" Interest="1.0" Kind="propagation" Navigation="org.eclipse.mylyn.core.model.edges.containment" OriginId="org.eclipse.mylyn.core.model.interest.propagation" StartDate="2010-10-27 23:37:42.466 CEST" StructureHandle="/hudson-core/src/main/java/hudson" StructureKind="resource"/><InteractionEvent Delta="null" EndDate="2010-10-27 23:37:53.917 CEST" Interest="1.0" Kind="propagation" Navigation="null" OriginId="org.eclipse.jdt.ui.CompilationUnitEditor" StartDate="2010-10-27 23:37:53.917 CEST" StructureHandle="/hudson-core/src/main/java/hudson/model" StructureKind="resource"/><InteractionEvent Delta="null" EndDate="2010-10-27 23:37:53.859 CEST" Interest="1.0000005" Kind="propagation" Navigation="org.eclipse.mylyn.core.model.edges.containment" OriginId="org.eclipse.mylyn.core.model.interest.propagation" StartDate="2010-10-27 23:37:53.859 CEST" StructureHandle="/hudson-core/src" StructureKind="resource"/><InteractionEvent Delta="null" EndDate="2010-10-27 23:37:56.974 CEST" Interest="1.0" Kind="propagation" Navigation="org.eclipse.mylyn.core.model.edges.containment" OriginId="org.eclipse.mylyn.core.model.interest.propagation" StartDate="2010-10-27 23:37:56.974 CEST" StructureHandle="=hudson-core" StructureKind="resource"/><InteractionEvent Delta="null" EndDate="2010-10-27 23:37:50.32 CEST" Interest="1.0" Kind="propagation" Navigation="org.eclipse.mylyn.core.model.edges.containment" OriginId="org.eclipse.mylyn.core.model.interest.propagation" StartDate="2010-10-27 23:37:50.32 CEST" StructureHandle="/hudson-core/src/main/java/hudson" StructureKind="resource"/><InteractionEvent Delta="null" EndDate="2010-10-27 23:37:50.91 CEST" Interest="1.0" Kind="propagation" Navigation="null" OriginId="org.eclipse.jdt.ui.CompilationUnitEditor" StartDate="2010-10-27 23:37:50.91 CEST" StructureHandle="/hudson-core/src/main/java/hudson/model/AbstractBuild.java" StructureKind="resource"/><InteractionEvent Delta="null" EndDate="2010-10-27 23:38:07.654 CEST" Interest="1.0" Kind="propagation" Navigation="null" OriginId="org.eclipse.ui.views.ContentOutline" StartDate="2010-10-27 23:38:07.654 CEST" StructureHandle="/hudson-core/src/main/java/hudson/model" StructureKind="resource"/><InteractionEvent Delta="null" EndDate="2010-10-27 23:37:33.974 CEST" Interest="1.0" Kind="propagation" Navigation="null" OriginId="org.eclipse.ui.views.ContentOutline" StartDate="2010-10-27 23:37:33.974 CEST" StructureHandle="/hudson-core/src/main/java/hudson/model" StructureKind="resource"/><InteractionEvent Delta="null" EndDate="2010-10-27 23:37:50.33 CEST" Interest="1.0" Kind="propagation" Navigation="org.eclipse.mylyn.core.model.edges.containment" OriginId="org.eclipse.mylyn.core.model.interest.propagation" StartDate="2010-10-27 23:37:50.33 CEST" StructureHandle="/" StructureKind="resource"/><InteractionEvent Delta="null" EndDate="2010-10-27 23:37:50.91 CEST" Interest="1.0" Kind="propagation" Navigation="org.eclipse.mylyn.core.model.edges.containment" OriginId="org.eclipse.mylyn.core.model.interest.propagation" StartDate="2010-10-27 23:37:50.91 CEST" StructureHandle="/" StructureKind="resource"/><InteractionEvent Delta="null" EndDate="2010-10-27 23:38:07.655 CEST" Interest="1.0" Kind="propagation" Navigation="org.eclipse.mylyn.core.model.edges.containment" OriginId="org.eclipse.mylyn.core.model.interest.propagation" StartDate="2010-10-27 23:38:07.655 CEST" StructureHandle="/hudson-core/src" StructureKind="resource"/><InteractionEvent Delta="null" EndDate="2010-10-27 23:37:50.32 CEST" Interest="1.0" Kind="propagation" Navigation="null" OriginId="org.eclipse.jdt.ui.CompilationUnitEditor" StartDate="2010-10-27 23:37:50.32 CEST" StructureHandle="/hudson-core/src/main/java/hudson/model/AbstractBuild.java" StructureKind="resource"/><InteractionEvent Delta="null" EndDate="2010-10-27 23:38:07.653 CEST" Interest="1.0" Kind="propagation" Navigation="org.eclipse.mylyn.core.model.edges.containment" OriginId="org.eclipse.mylyn.core.model.interest.propagation" StartDate="2010-10-27 23:38:07.653 CEST" StructureHandle="=hudson-core/src\/main\/java&amp;lt;hudson.model{AbstractBuild.java[AbstractBuild" StructureKind="java"/><InteractionEvent Delta="null" EndDate="2010-10-27 23:37:33.974 CEST" Interest="1.0000002" Kind="propagation" Navigation="org.eclipse.mylyn.core.model.edges.containment" OriginId="org.eclipse.mylyn.core.model.interest.propagation" StartDate="2010-10-27 23:37:33.974 CEST" StructureHandle="/hudson-core/src/main" StructureKind="resource"/><InteractionEvent Delta="null" EndDate="2010-10-27 23:37:53.917 CEST" Interest="1.0" Kind="propagation" Navigation="org.eclipse.mylyn.core.model.edges.containment" OriginId="org.eclipse.mylyn.core.model.interest.propagation" StartDate="2010-10-27 23:37:53.917 CEST" StructureHandle="/" StructureKind="resource"/><InteractionEvent Delta="null" EndDate="2010-10-27 23:37:53.859 CEST" Interest="1.0000005" Kind="propagation" Navigation="org.eclipse.mylyn.core.model.edges.containment" OriginId="org.eclipse.mylyn.core.model.interest.propagation" StartDate="2010-10-27 23:37:53.859 CEST" StructureHandle="/hudson-core/src/main/java/hudson" StructureKind="resource"/><InteractionEvent Delta="null" EndDate="2010-10-27 23:37:42.466 CEST" Interest="1.0" Kind="propagation" Navigation="null" OriginId="org.eclipse.ui.views.ContentOutline" StartDate="2010-10-27 23:37:42.466 CEST" StructureHandle="/hudson-core/src/main/java/hudson/model/Run.java" StructureKind="resource"/><InteractionEvent Delta="null" EndDate="2010-10-27 23:38:02.354 CEST" Interest="1.0" Kind="propagation" Navigation="null" OriginId="org.eclipse.jdt.ui.CompilationUnitEditor" StartDate="2010-10-27 23:38:02.354 CEST" StructureHandle="/hudson-core/src/main/java/hudson/model/AbstractBuild.java" StructureKind="resource"/><InteractionEvent Delta="null" EndDate="2010-10-27 23:38:02.301 CEST" Interest="1.0" Kind="propagation" Navigation="null" OriginId="org.eclipse.jdt.ui.CompilationUnitEditor" StartDate="2010-10-27 23:38:02.301 CEST" StructureHandle="/hudson-core/src/main/java/hudson/model" StructureKind="resource"/><InteractionEvent Delta="null" EndDate="2010-10-27 23:37:28.703 CEST" Interest="1.0" Kind="propagation" Navigation="org.eclipse.mylyn.core.model.edges.containment" OriginId="org.eclipse.mylyn.core.model.interest.propagation" StartDate="2010-10-27 23:37:28.703 CEST" StructureHandle="/" StructureKind="resource"/><InteractionEvent Delta="null" EndDate="2010-10-27 23:37:42.466 CEST" Interest="1.0" Kind="selection" Navigation="null" OriginId="org.eclipse.ui.views.ContentOutline" StartDate="2010-10-27 23:37:42.466 CEST" StructureHandle="=hudson-core/src\/main\/java&amp;lt;hudson.model{Run.java[Run~getComputer" StructureKind="java"/><InteractionEvent Delta="null" EndDate="2010-10-27 23:37:30.18 CEST" Interest="1.0000001" Kind="propagation" Navigation="org.eclipse.mylyn.core.model.edges.containment" OriginId="org.eclipse.mylyn.core.model.interest.propagation" StartDate="2010-10-27 23:37:30.18 CEST" StructureHandle="=hudson-core" StructureKind="resource"/><InteractionEvent Delta="null" EndDate="2010-10-27 23:38:02.300 CEST" Interest="1.0" Kind="selection" Navigation="null" OriginId="org.eclipse.jdt.ui.CompilationUnitEditor" StartDate="2010-10-27 23:38:02.300 CEST" StructureHandle="=hudson-core/src\/main\/java&amp;lt;hudson.model{AbstractBuild.java" StructureKind="java"/><InteractionEvent Delta="null" EndDate="2010-10-27 23:37:30.41 CEST" Interest="0.01700008" Kind="propagation" Navigation="org.eclipse.mylyn.core.model.edges.containment" OriginId="org.eclipse.mylyn.core.model.interest.propagation" StartDate="2010-10-27 23:37:30.41 CEST" StructureHandle="=hudson-core/src\/main\/java&amp;lt;hudson.model" StructureKind="java"/><InteractionEvent Delta="null" EndDate="2010-10-27 23:37:50.32 CEST" Interest="1.0" Kind="selection" Navigation="null" OriginId="org.eclipse.jdt.ui.CompilationUnitEditor" StartDate="2010-10-27 23:37:50.32 CEST" StructureHandle="=hudson-core/src\/main\/java&amp;lt;hudson.model{AbstractBuild.java" StructureKind="java"/><InteractionEvent Delta="null" EndDate="2010-10-27 23:38:02.301 CEST" Interest="1.0" Kind="propagation" Navigation="org.eclipse.mylyn.core.model.edges.containment" OriginId="org.eclipse.mylyn.core.model.interest.propagation" StartDate="2010-10-27 23:38:02.301 CEST" StructureHandle="/hudson-core/src" StructureKind="resource"/><InteractionEvent Delta="null" EndDate="2010-10-27 23:38:30.533 CEST" Interest="1.0" Kind="propagation" Navigation="org.eclipse.mylyn.core.model.edges.containment" OriginId="org.eclipse.mylyn.core.model.interest.propagation" StartDate="2010-10-27 23:38:30.533 CEST" StructureHandle="/" StructureKind="resource"/><InteractionEvent Delta="null" EndDate="2010-10-27 23:37:28.728 CEST" Interest="1.0" Kind="propagation" Navigation="org.eclipse.mylyn.core.model.edges.containment" OriginId="org.eclipse.mylyn.core.model.interest.propagation" StartDate="2010-10-27 23:37:28.728 CEST" StructureHandle="/hudson-core/src/main/java/hudson/model" StructureKind="resource"/><InteractionEvent Delta="null" EndDate="2010-10-27 23:38:30.533 CEST" Interest="1.0" Kind="selection" Navigation="null" OriginId="org.eclipse.jdt.ui.PackageExplorer" StartDate="2010-10-27 23:38:30.533 CEST" StructureHandle="=hudson-core" StructureKind="java"/><InteractionEvent Delta="null" EndDate="2010-10-27 23:37:42.466 CEST" Interest="1.0" Kind="propagation" Navigation="org.eclipse.mylyn.core.model.edges.containment" OriginId="org.eclipse.mylyn.core.model.interest.propagation" StartDate="2010-10-27 23:37:42.466 CEST" StructureHandle="/" StructureKind="resource"/><InteractionEvent Delta="null" EndDate="2010-10-27 23:37:28.703 CEST" Interest="1.0" Kind="propagation" Navigation="org.eclipse.mylyn.core.model.edges.containment" OriginId="org.eclipse.mylyn.core.model.interest.propagation" StartDate="2010-10-27 23:37:28.703 CEST" StructureHandle="/hudson-core/src/main" StructureKind="resource"/><InteractionEvent Delta="null" EndDate="2010-10-27 23:37:50.91 CEST" Interest="1.0" Kind="propagation" Navigation="org.eclipse.mylyn.core.model.edges.containment" OriginId="org.eclipse.mylyn.core.model.interest.propagation" StartDate="2010-10-27 23:37:50.91 CEST" StructureHandle="=hudson-core/src\/main\/java&amp;lt;hudson.model{AbstractBuild.java[AbstractBuild" StructureKind="java"/><InteractionEvent Delta="null" EndDate="2010-10-27 23:37:30.41 CEST" Interest="1.0" Kind="propagation" Navigation="org.eclipse.mylyn.core.model.edges.containment" OriginId="org.eclipse.mylyn.core.model.interest.propagation" StartDate="2010-10-27 23:37:30.41 CEST" StructureHandle="=hudson-core" StructureKind="resource"/><InteractionEvent Delta="null" EndDate="2010-10-27 23:37:30.17 CEST" Interest="0.01700002" Kind="propagation" Navigation="org.eclipse.mylyn.core.model.edges.containment" OriginId="org.eclipse.mylyn.core.model.interest.propagation" StartDate="2010-10-27 23:37:30.17 CEST" StructureHandle="=hudson-core/src\/main\/java&amp;lt;hudson.model" StructureKind="java"/><InteractionEvent Delta="null" EndDate="2010-10-27 23:37:50.32 CEST" Interest="1.0" Kind="propagation" Navigation="null" OriginId="org.eclipse.jdt.ui.CompilationUnitEditor" StartDate="2010-10-27 23:37:50.32 CEST" StructureHandle="/hudson-core/src/main/java/hudson/model" StructureKind="resource"/><InteractionEvent Delta="null" EndDate="2010-10-27 23:38:27.415 CEST" Interest="1.0" Kind="propagation" Navigation="org.eclipse.mylyn.core.model.edges.containment" OriginId="org.eclipse.mylyn.core.model.interest.propagation" StartDate="2010-10-27 23:38:27.415 CEST" StructureHandle="/hudson-core/src/main" StructureKind="resource"/><InteractionEvent Delta="null" EndDate="2010-10-27 23:38:02.301 CEST" Interest="1.0" Kind="propagation" Navigation="org.eclipse.mylyn.core.model.edges.containment" OriginId="org.eclipse.mylyn.core.model.interest.propagation" StartDate="2010-10-27 23:38:02.301 CEST" StructureHandle="/hudson-core/src/main/java/hudson" StructureKind="resource"/><InteractionEvent Delta="null" EndDate="2010-10-27 23:37:33.974 CEST" Interest="1.0000002" Kind="propagation" Navigation="org.eclipse.mylyn.core.model.edges.containment" OriginId="org.eclipse.mylyn.core.model.interest.propagation" StartDate="2010-10-27 23:37:33.974 CEST" StructureHandle="=hudson-core" StructureKind="resource"/><InteractionEvent Delta="null" EndDate="2010-10-27 23:38:02.301 CEST" Interest="1.0" Kind="propagation" Navigation="null" OriginId="org.eclipse.jdt.ui.CompilationUnitEditor" StartDate="2010-10-27 23:38:02.301 CEST" StructureHandle="/hudson-core/src/main/java/hudson/model/AbstractBuild.java" StructureKind="resource"/><InteractionEvent Delta="null" EndDate="2010-10-27 23:38:02.355 CEST" Interest="1.0" Kind="propagation" Navigation="org.eclipse.mylyn.core.model.edges.containment" OriginId="org.eclipse.mylyn.core.model.interest.propagation" StartDate="2010-10-27 23:38:02.355 CEST" StructureHandle="/hudson-core/src/main" StructureKind="resource"/><InteractionEvent Delta="null" EndDate="2010-10-27 23:38:02.355 CEST" Interest="1.0" Kind="propagation" Navigation="org.eclipse.mylyn.core.model.edges.containment" OriginId="org.eclipse.mylyn.core.model.interest.propagation" StartDate="2010-10-27 23:38:02.355 CEST" StructureHandle="/" StructureKind="resource"/><InteractionEvent Delta="null" EndDate="2010-10-27 23:37:50.90 CEST" Interest="1.0" Kind="selection" Navigation="null" OriginId="org.eclipse.jdt.ui.CompilationUnitEditor" StartDate="2010-10-27 23:37:50.90 CEST" StructureHandle="=hudson-core/src\/main\/java&amp;lt;hudson.model{AbstractBuild.java[AbstractBuild~getComputer" StructureKind="java"/><InteractionEvent Delta="null" EndDate="2010-10-27 23:37:28.728 CEST" Interest="1.0" Kind="propagation" Navigation="org.eclipse.mylyn.core.model.edges.containment" OriginId="org.eclipse.mylyn.core.model.interest.propagation" StartDate="2010-10-27 23:37:28.728 CEST" StructureHandle="=hudson-core/src\/main\/java&amp;lt;hudson.model{AbstractBuild.java[AbstractBuild" StructureKind="java"/><InteractionEvent Delta="null" EndDate="2010-10-27 23:37:30.41 CEST" Interest="0.01700002" Kind="propagation" Navigation="org.eclipse.mylyn.core.model.edges.containment" OriginId="org.eclipse.mylyn.core.model.interest.propagation" StartDate="2010-10-27 23:37:30.41 CEST" StructureHandle="=hudson-core/src\/main\/java&amp;lt;hudson.model{Run.java" StructureKind="java"/><InteractionEvent Delta="null" EndDate="2010-10-27 23:37:53.859 CEST" Interest="1.0" Kind="selection" Navigation="null" OriginId="org.eclipse.jdt.ui.CompilationUnitEditor" StartDate="2010-10-27 23:37:53.859 CEST" StructureHandle="=hudson-core/src\/main\/java&amp;lt;hudson.model{Run.java" StructureKind="java"/><InteractionEvent Delta="null" EndDate="2010-10-27 23:37:33.974 CEST" Interest="1.0000002" Kind="propagation" Navigation="org.eclipse.mylyn.core.model.edges.containment" OriginId="org.eclipse.mylyn.core.model.interest.propagation" StartDate="2010-10-27 23:37:33.974 CEST" StructureHandle="/" StructureKind="resource"/><InteractionEvent Delta="null" EndDate="2010-10-27 23:37:53.859 CEST" Interest="1.0000005" Kind="propagation" Navigation="org.eclipse.mylyn.core.model.edges.containment" OriginId="org.eclipse.mylyn.core.model.interest.propagation" StartDate="2010-10-27 23:37:53.859 CEST" StructureHandle="/hudson-core/src/main" StructureKind="resource"/><InteractionEvent Delta="null" EndDate="2010-10-27 23:38:27.414 CEST" Interest="1.0" Kind="selection" Navigation="null" OriginId="org.eclipse.jdt.ui.PackageExplorer" StartDate="2010-10-27 23:38:27.414 CEST" StructureHandle="=hudson-core/src\/main\/java&amp;lt;hudson.model{AbstractBuild.java[AbstractBuild~getComputer" StructureKind="java"/><InteractionEvent Delta="null" EndDate="2010-10-27 23:37:56.973 CEST" Interest="1.0" Kind="selection" Navigation="null" OriginId="org.eclipse.ui.views.ContentOutline" StartDate="2010-10-27 23:37:56.973 CEST" StructureHandle="=hudson-core/src\/main\/java&amp;lt;hudson.model{Run.java[Run~getEnvironment~QTaskListener;" StructureKind="java"/><InteractionEvent Delta="null" EndDate="2010-10-27 23:37:30.17 CEST" Interest="1.0" Kind="propagation" Navigation="null" OriginId="org.eclipse.jdt.ui.CompilationUnitEditor" StartDate="2010-10-27 23:37:30.17 CEST" StructureHandle="/hudson-core/src/main/java/hudson/model" StructureKind="resource"/><InteractionEvent Delta="null" EndDate="2010-10-27 23:38:02.301 CEST" Interest="1.0" Kind="propagation" Navigation="org.eclipse.mylyn.core.model.edges.containment" OriginId="org.eclipse.mylyn.core.model.interest.propagation" StartDate="2010-10-27 23:38:02.301 CEST" StructureHandle="=hudson-core" StructureKind="resource"/><InteractionEvent Delta="null" EndDate="2010-10-27 23:37:33.973 CEST" Interest="1.0" Kind="propagation" Navigation="null" OriginId="org.eclipse.ui.views.ContentOutline" StartDate="2010-10-27 23:37:33.973 CEST" StructureHandle="/hudson-core/src/main/java/hudson/model/Run.java" StructureKind="resource"/><InteractionEvent Delta="null" EndDate="2010-10-27 23:37:28.703 CEST" Interest="1.0" Kind="propagation" Navigation="org.eclipse.mylyn.core.model.edges.containment" OriginId="org.eclipse.mylyn.core.model.interest.propagation" StartDate="2010-10-27 23:37:28.703 CEST" StructureHandle="=hudson-core/src\/main\/java" StructureKind="java"/><InteractionEvent Delta="null" EndDate="2010-10-27 23:37:50.91 CEST" Interest="1.0" Kind="propagation" Navigation="org.eclipse.mylyn.core.model.edges.containment" OriginId="org.eclipse.mylyn.core.model.interest.propagation" StartDate="2010-10-27 23:37:50.91 CEST" StructureHandle="/hudson-core/src" StructureKind="resource"/><InteractionEvent Delta="null" EndDate="2010-10-27 23:38:27.414 CEST" Interest="208.204" Kind="propagation" Navigation="org.eclipse.mylyn.core.model.edges.containment" OriginId="org.eclipse.mylyn.core.model.interest.propagation" StartDate="2010-10-27 23:38:27.414 CEST" StructureHandle="=hudson-core/src\/main\/java&amp;lt;hudson.model{AbstractBuild.java[AbstractBuild" StructureKind="java"/><InteractionEvent Delta="null" EndDate="2010-10-27 23:37:53.859 CEST" Interest="1.0" Kind="propagation" Navigation="null" OriginId="org.eclipse.jdt.ui.CompilationUnitEditor" StartDate="2010-10-27 23:37:53.859 CEST" StructureHandle="/hudson-core/src/main/java/hudson/model/Run.java" StructureKind="resource"/><InteractionEvent Delta="null" EndDate="2010-10-27 23:37:33.974 CEST" Interest="1.0000002" Kind="propagation" Navigation="org.eclipse.mylyn.core.model.edges.containment" OriginId="org.eclipse.mylyn.core.model.interest.propagation" StartDate="2010-10-27 23:37:33.974 CEST" StructureHandle="/hudson-core/src/main/java" StructureKind="resource"/><InteractionEvent Delta="null" EndDate="2010-10-27 23:38:27.415 CEST" Interest="1.0" Kind="propagation" Navigation="org.eclipse.mylyn.core.model.edges.containment" OriginId="org.eclipse.mylyn.core.model.interest.propagation" StartDate="2010-10-27 23:38:27.415 CEST" StructureHandle="/hudson-core/src" StructureKind="resource"/><InteractionEvent Delta="null" EndDate="2010-10-27 23:37:28.728 CEST" Interest="1.0" Kind="propagation" Navigation="org.eclipse.mylyn.core.model.edges.containment" OriginId="org.eclipse.mylyn.core.model.interest.propagation" StartDate="2010-10-27 23:37:28.728 CEST" StructureHandle="/hudson-core/src/main/java" StructureKind="resource"/><InteractionEvent Delta="null" EndDate="2010-10-27 23:37:50.91 CEST" Interest="1.0" Kind="propagation" Navigation="null" OriginId="org.eclipse.jdt.ui.CompilationUnitEditor" StartDate="2010-10-27 23:37:50.91 CEST" StructureHandle="/hudson-core/src/main/java/hudson/model" StructureKind="resource"/><InteractionEvent Delta="null" EndDate="2010-10-27 23:38:07.654 CEST" Interest="1.0" Kind="propagation" Navigation="org.eclipse.mylyn.core.model.edges.containment" OriginId="org.eclipse.mylyn.core.model.interest.propagation" StartDate="2010-10-27 23:38:07.654 CEST" StructureHandle="/hudson-core/src/main" StructureKind="resource"/><InteractionEvent Delta="null" EndDate="2010-10-27 23:37:30.18 CEST" Interest="1.0000001" Kind="propagation" Navigation="org.eclipse.mylyn.core.model.edges.containment" OriginId="org.eclipse.mylyn.core.model.interest.propagation" StartDate="2010-10-27 23:37:30.18 CEST" StructureHandle="/hudson-core/src/main" StructureKind="resource"/><InteractionEvent Delta="null" EndDate="2010-10-27 23:38:02.355 CEST" Interest="1.0" Kind="propagation" Navigation="org.eclipse.mylyn.core.model.edges.containment" OriginId="org.eclipse.mylyn.core.model.interest.propagation" StartDate="2010-10-27 23:38:02.355 CEST" StructureHandle="/hudson-core/src/main/java" StructureKind="resource"/><InteractionEvent Delta="null" EndDate="2010-10-27 23:37:53.916 CEST" Interest="210.03401" Kind="propagation" Navigation="org.eclipse.mylyn.core.model.edges.containment" OriginId="org.eclipse.mylyn.core.model.interest.propagation" StartDate="2010-10-27 23:37:53.916 CEST" StructureHandle="=hudson-core/src\/main\/java&amp;lt;hudson.model{Run.java[Run" StructureKind="java"/><InteractionEvent Delta="null" EndDate="2010-10-27 23:37:53.916 CEST" Interest="1.0" Kind="selection" Navigation="null" OriginId="org.eclipse.jdt.ui.CompilationUnitEditor" StartDate="2010-10-27 23:37:53.916 CEST" StructureHandle="=hudson-core/src\/main\/java&amp;lt;hudson.model{Run.java[Run~getComputer" StructureKind="java"/><InteractionEvent Delta="null" EndDate="2010-10-27 23:37:53.859 CEST" Interest="1.0000005" Kind="propagation" Navigation="org.eclipse.mylyn.core.model.edges.containment" OriginId="org.eclipse.mylyn.core.model.interest.propagation" StartDate="2010-10-27 23:37:53.859 CEST" StructureHandle="/hudson-core/src/main/java" StructureKind="resource"/><InteractionEvent Delta="null" EndDate="2010-10-27 23:37:30.18 CEST" Interest="1.0000001" Kind="propagation" Navigation="org.eclipse.mylyn.core.model.edges.containment" OriginId="org.eclipse.mylyn.core.model.interest.propagation" StartDate="2010-10-27 23:37:30.18 CEST" StructureHandle="/hudson-core/src" StructureKind="resource"/><InteractionEvent Delta="null" EndDate="2010-10-27 23:37:30.41 CEST" Interest="1.0" Kind="propagation" Navigation="org.eclipse.mylyn.core.model.edges.containment" OriginId="org.eclipse.mylyn.core.model.interest.propagation" StartDate="2010-10-27 23:37:30.41 CEST" StructureHandle="/hudson-core/src" StructureKind="resource"/><InteractionEvent Delta="null" EndDate="2010-10-27 23:37:30.41 CEST" Interest="1.0" Kind="propagation" Navigation="org.eclipse.mylyn.core.model.edges.containment" OriginId="org.eclipse.mylyn.core.model.interest.propagation" StartDate="2010-10-27 23:37:30.41 CEST" StructureHandle="/hudson-core/src/main" StructureKind="resource"/><InteractionEvent Delta="null" EndDate="2010-10-27 23:37:42.466 CEST" Interest="1.0" Kind="propagation" Navigation="org.eclipse.mylyn.core.model.edges.containment" OriginId="org.eclipse.mylyn.core.model.interest.propagation" StartDate="2010-10-27 23:37:42.466 CEST" StructureHandle="=hudson-core" StructureKind="resource"/><InteractionEvent Delta="null" EndDate="2010-10-27 23:37:42.466 CEST" Interest="1.0" Kind="propagation" Navigation="org.eclipse.mylyn.core.model.edges.containment" OriginId="org.eclipse.mylyn.core.model.interest.propagation" StartDate="2010-10-27 23:37:42.466 CEST" StructureHandle="/hudson-core/src" StructureKind="resource"/><InteractionEvent Delta="null" EndDate="2010-10-27 23:37:28.703 CEST" Interest="1.0" Kind="propagation" Navigation="null" OriginId="org.eclipse.jdt.ui.CompilationUnitEditor" StartDate="2010-10-27 23:37:28.703 CEST" StructureHandle="/hudson-core/src/main/java/hudson/model/AbstractBuild.java" StructureKind="resource"/><InteractionEvent Delta="null" EndDate="2010-10-27 23:37:30.40 CEST" Interest="1.0" Kind="selection" Navigation="null" OriginId="org.eclipse.jdt.ui.CompilationUnitEditor" StartDate="2010-10-27 23:37:30.40 CEST" StructureHandle="=hudson-core/src\/main\/java&amp;lt;hudson.model{Run.java[Run~getEnvironment~QTaskListener;" StructureKind="java"/><InteractionEvent Delta="null" EndDate="2010-10-27 23:37:42.466 CEST" Interest="1.0" Kind="propagation" Navigation="org.eclipse.mylyn.core.model.edges.containment" OriginId="org.eclipse.mylyn.core.model.interest.propagation" StartDate="2010-10-27 23:37:42.466 CEST" StructureHandle="/hudson-core/src/main" StructureKind="resource"/><InteractionEvent Delta="null" EndDate="2010-10-27 23:37:33.974 CEST" Interest="1.0000002" Kind="propagation" Navigation="org.eclipse.mylyn.core.model.edges.containment" OriginId="org.eclipse.mylyn.core.model.interest.propagation" StartDate="2010-10-27 23:37:33.974 CEST" StructureHandle="/hudson-core/src/main/java/hudson" StructureKind="resource"/><InteractionEvent Delta="null" EndDate="2010-10-27 23:38:07.653 CEST" Interest="1.0" Kind="selection" Navigation="null" OriginId="org.eclipse.ui.views.ContentOutline" StartDate="2010-10-27 23:38:07.653 CEST" StructureHandle="=hudson-core/src\/main\/java&amp;lt;hudson.model{AbstractBuild.java[AbstractBuild~getComputer" StructureKind="java"/><InteractionEvent Delta="null" EndDate="2010-10-27 23:37:53.916 CEST" Interest="1.0" Kind="propagation" Navigation="null" OriginId="org.eclipse.jdt.ui.CompilationUnitEditor" StartDate="2010-10-27 23:37:53.916 CEST" StructureHandle="/hudson-core/src/main/java/hudson/model/Run.java" StructureKind="resource"/><InteractionEvent Delta="null" EndDate="2010-10-27 23:37:28.703 CEST" Interest="1.0" Kind="propagation" Navigation="org.eclipse.mylyn.core.model.edges.containment" OriginId="org.eclipse.mylyn.core.model.interest.propagation" StartDate="2010-10-27 23:37:28.703 CEST" StructureHandle="=hudson-core/src\/main\/java&amp;lt;hudson.model" StructureKind="java"/><InteractionEvent Delta="null" EndDate="2010-10-27 23:37:56.974 CEST" Interest="1.0" Kind="propagation" Navigation="org.eclipse.mylyn.core.model.edges.containment" OriginId="org.eclipse.mylyn.core.model.interest.propagation" StartDate="2010-10-27 23:37:56.974 CEST" StructureHandle="/hudson-core/src/main/java/hudson" StructureKind="resource"/><InteractionEvent Delta="null" EndDate="2010-10-27 23:37:56.974 CEST" Interest="1.0" Kind="propagation" Navigation="org.eclipse.mylyn.core.model.edges.containment" OriginId="org.eclipse.mylyn.core.model.interest.propagation" StartDate="2010-10-27 23:37:56.974 CEST" StructureHandle="/" StructureKind="resource"/><InteractionEvent Delta="null" EndDate="2010-10-27 23:37:53.917 CEST" Interest="209.03401" Kind="propagation" Navigation="org.eclipse.mylyn.core.model.edges.containment" OriginId="org.eclipse.mylyn.core.model.interest.propagation" StartDate="2010-10-27 23:37:53.917 CEST" StructureHandle="=hudson-core/src\/main\/java" StructureKind="java"/><InteractionEvent Delta="null" EndDate="2010-10-27 23:37:28.703 CEST" Interest="1.0" Kind="propagation" Navigation="org.eclipse.mylyn.core.model.edges.containment" OriginId="org.eclipse.mylyn.core.model.interest.propagation" StartDate="2010-10-27 23:37:28.703 CEST" StructureHandle="/hudson-core/src" StructureKind="resource"/><InteractionEvent Delta="null" EndDate="2010-10-27 23:37:28.703 CEST" Interest="1.0" Kind="propagation" Navigation="org.eclipse.mylyn.core.model.edges.containment" OriginId="org.eclipse.mylyn.core.model.interest.propagation" StartDate="2010-10-27 23:37:28.703 CEST" StructureHandle="=hudson-core" StructureKind="resource"/><InteractionEvent Delta="null" EndDate="2010-10-27 23:37:33.974 CEST" Interest="1.0" Kind="propagation" Navigation="org.eclipse.mylyn.core.model.edges.containment" OriginId="org.eclipse.mylyn.core.model.interest.propagation" StartDate="2010-10-27 23:37:33.974 CEST" StructureHandle="=hudson-core/src\/main\/java&amp;lt;hudson.model" StructureKind="java"/><InteractionEvent Delta="null" EndDate="2010-10-27 23:37:47.544 CEST" Interest="210.0" Kind="manipulation" Navigation="null" OriginId="org.eclipse.mylyn.ui.interest.user" StartDate="2010-10-27 23:37:47.544 CEST" StructureHandle="=hudson-core/src\/main\/java&amp;lt;hudson.model{Run.java[Run~getComputer" StructureKind="java"/><InteractionEvent Delta="null" EndDate="2010-10-27 23:37:50.33 CEST" Interest="1.0" Kind="propagation" Navigation="org.eclipse.mylyn.core.model.edges.containment" OriginId="org.eclipse.mylyn.core.model.interest.propagation" StartDate="2010-10-27 23:37:50.33 CEST" StructureHandle="=hudson-core" StructureKind="resource"/><InteractionEvent Delta="null" EndDate="2010-10-27 23:37:50.91 CEST" Interest="1.0" Kind="propagation" Navigation="org.eclipse.mylyn.core.model.edges.containment" OriginId="org.eclipse.mylyn.core.model.interest.propagation" StartDate="2010-10-27 23:37:50.91 CEST" StructureHandle="=hudson-core" StructureKind="resource"/><InteractionEvent Delta="null" EndDate="2010-10-27 23:38:07.654 CEST" Interest="1.0" Kind="propagation" Navigation="org.eclipse.mylyn.core.model.edges.containment" OriginId="org.eclipse.mylyn.core.model.interest.propagation" StartDate="2010-10-27 23:38:07.654 CEST" StructureHandle="=hudson-core/src\/main\/java&amp;lt;hudson.model{AbstractBuild.java" StructureKind="java"/><InteractionEvent Delta="null" EndDate="2010-10-27 23:37:28.728 CEST" Interest="1.0" Kind="selection" Navigation="null" OriginId="org.eclipse.jdt.ui.CompilationUnitEditor" StartDate="2010-10-27 23:37:28.728 CEST" StructureHandle="=hudson-core/src\/main\/java&amp;lt;hudson.model{AbstractBuild.java[AbstractBuild~getComputer" StructureKind="java"/><InteractionEvent Delta="null" EndDate="2010-10-27 23:37:42.466 CEST" Interest="1.0" Kind="propagation" Navigation="null" OriginId="org.eclipse.ui.views.ContentOutline" StartDate="2010-10-27 23:37:42.466 CEST" StructureHandle="/hudson-core/src/main/java/hudson/model" StructureKind="resource"/><InteractionEvent Delta="null" EndDate="2010-10-27 23:37:56.974 CEST" Interest="1.0" Kind="propagation" Navigation="org.eclipse.mylyn.core.model.edges.containment" OriginId="org.eclipse.mylyn.core.model.interest.propagation" StartDate="2010-10-27 23:37:56.974 CEST" StructureHandle="/hudson-core/src/main/java" StructureKind="resource"/><InteractionEvent Delta="null" EndDate="2010-10-27 23:38:02.354 CEST" Interest="1.0" Kind="propagation" Navigation="org.eclipse.mylyn.core.model.edges.containment" OriginId="org.eclipse.mylyn.core.model.interest.propagation" StartDate="2010-10-27 23:38:02.354 CEST" StructureHandle="/hudson-core/src/main/java/hudson" StructureKind="resource"/><InteractionEvent Delta="null" EndDate="2010-10-27 23:37:30.41 CEST" Interest="0.01700008" Kind="propagation" Navigation="org.eclipse.mylyn.core.model.edges.containment" OriginId="org.eclipse.mylyn.core.model.interest.propagation" StartDate="2010-10-27 23:37:30.41 CEST" StructureHandle="=hudson-core/src\/main\/java" StructureKind="java"/><InteractionEvent Delta="null" EndDate="2010-10-27 23:37:53.917 CEST" Interest="1.0" Kind="propagation" Navigation="org.eclipse.mylyn.core.model.edges.containment" OriginId="org.eclipse.mylyn.core.model.interest.propagation" StartDate="2010-10-27 23:37:53.917 CEST" StructureHandle="/hudson-core/src/main" StructureKind="resource"/><InteractionEvent Delta="null" EndDate="2010-10-27 23:38:27.415 CEST" Interest="1.0" Kind="propagation" Navigation="org.eclipse.mylyn.core.model.edges.containment" OriginId="org.eclipse.mylyn.core.model.interest.propagation" StartDate="2010-10-27 23:38:27.415 CEST" StructureHandle="/hudson-core/src/main/java" StructureKind="resource"/><InteractionEvent Delta="null" EndDate="2010-10-27 23:38:07.654 CEST" Interest="1.0" Kind="propagation" Navigation="org.eclipse.mylyn.core.model.edges.containment" OriginId="org.eclipse.mylyn.core.model.interest.propagation" StartDate="2010-10-27 23:38:07.654 CEST" StructureHandle="/hudson-core/src/main/java" StructureKind="resource"/><InteractionEvent Delta="null" EndDate="2010-10-27 23:37:56.973 CEST" Interest="1.0" Kind="propagation" Navigation="null" OriginId="org.eclipse.ui.views.ContentOutline" StartDate="2010-10-27 23:37:56.973 CEST" StructureHandle="/hudson-core/src/main/java/hudson/model/Run.java" StructureKind="resource"/></InteractionHistory>