{
  "jvm" : {
    "vm" : {
      "name" : "Java HotSpot(TM) Client VM",
      "version" : "1.6.0_39-b04"
    },
    "memory" : {
      "totalInit" : 5.259264E7,
      "totalUsed" : 4.0644088E7,
      "totalMax" : 3.83254528E8,
      "totalCommitted" : 6.356992E7,
      "heapInit" : 1.6777216E7,
      "heapUsed" : 4399944.0,
      "heapMax" : 2.5952256E8,
      "heapCommitted" : 1.6318464E7,
      "heap_usage" : 0.016953994288589014,
      "non_heap_usage" : 0.29292465468584483,
      "memory_pool_usages" : {
        "Code Cache" : 0.07475852966308594,
        "Eden Space" : 0.006417011843835773,
        "Perm Gen" : 0.31814634799957275,
        "Perm Gen [shared-ro]" : 0.5196311950683594,
        "Perm Gen [shared-rw]" : 0.551263173421224,
        "Survivor Space" : 0.03231362735523897,
        "Tenured Gen" : 0.020406213883993957
      }
    },
    "daemon_thread_count" : 4,
    "thread_count" : 9,
    "current_time" : 1386779976852,
    "uptime" : 5272234,
    "fd_usage" : "NaN",
    "thread-states" : {
      "timed_waiting" : 0.1111111111111111,
      "blocked" : 0.0,
      "waiting" : 0.5555555555555556,
      "new" : 0.0,
      "runnable" : 0.3333333333333333,
      "terminated" : 0.0
    },
    "garbage-collectors" : {
      "MarkSweepCompact" : {
        "runs" : 29,
        "time" : 16547
      },
      "Copy" : {
        "runs" : 2865,
        "time" : 12059
      }
    }
  }
}