{
  "version" : "4.0.0",
  "gauges" : {
    "jenkins.executor.count.value" : {
      "value" : 36
    },
    "jenkins.executor.free.value" : {
      "value" : 36
    },
    "jenkins.executor.in-use.value" : {
      "value" : 0
    },
    "jenkins.health-check.count" : {
      "value" : 4
    },
    "jenkins.health-check.inverse-score" : {
      "value" : 0.0
    },
    "jenkins.health-check.score" : {
      "value" : 1.0
    },
    "jenkins.job.averageDepth" : {
      "value" : 1.8976377952755905
    },
    "jenkins.job.count.value" : {
      "value" : 127
    },
    "jenkins.node.count.value" : {
      "value" : 16
    },
    "jenkins.node.offline.value" : {
      "value" : 13
    },
    "jenkins.node.online.value" : {
      "value" : 3
    },
    "jenkins.plugins.active" : {
      "value" : 153
    },
    "jenkins.plugins.failed" : {
      "value" : 0
    },
    "jenkins.plugins.inactive" : {
      "value" : 0
    },
    "jenkins.plugins.withUpdate" : {
      "value" : 123
    },
    "jenkins.project.count.value" : {
      "value" : 127
    },
    "jenkins.project.disabled.count.value" : {
      "value" : 2
    },
    "jenkins.project.enabled.count.value" : {
      "value" : 125
    },
    "jenkins.queue.blocked.value" : {
      "value" : 0
    },
    "jenkins.queue.buildable.value" : {
      "value" : 0
    },
    "jenkins.queue.pending.value" : {
      "value" : 0
    },
    "jenkins.queue.size.value" : {
      "value" : 0
    },
    "jenkins.queue.stuck.value" : {
      "value" : 0
    },
    "jenkins.versions.core" : {
      "value" : "2.319.2"
    },
    "jenkins.versions.plugin.ace-editor" : {
      "value" : "1.1"
    },
    "jenkins.versions.plugin.amazon-ecr" : {
      "value" : "1.6"
    },
    "jenkins.versions.plugin.ant" : {
      "value" : "1.11"
    },
    "jenkins.versions.plugin.antisamy-markup-formatter" : {
      "value" : "2.1"
    },
    "jenkins.versions.plugin.apache-httpcomponents-client-4-api" : {
      "value" : "4.5.13-1.0"
    },
    "jenkins.versions.plugin.authentication-tokens" : {
      "value" : "1.4"
    },
    "jenkins.versions.plugin.aws-credentials" : {
      "value" : "1.29"
    },
    "jenkins.versions.plugin.aws-java-sdk" : {
      "value" : "1.11.995"
    },
    "jenkins.versions.plugin.blueocean" : {
      "value" : "1.24.6"
    },
    "jenkins.versions.plugin.blueocean-autofavorite" : {
      "value" : "1.2.4"
    },
    "jenkins.versions.plugin.blueocean-bitbucket-pipeline" : {
      "value" : "1.24.6"
    },
    "jenkins.versions.plugin.blueocean-commons" : {
      "value" : "1.24.7"
    },
    "jenkins.versions.plugin.blueocean-config" : {
      "value" : "1.24.6"
    },
    "jenkins.versions.plugin.blueocean-core-js" : {
      "value" : "1.24.7"
    },
    "jenkins.versions.plugin.blueocean-dashboard" : {
      "value" : "1.24.6"
    },
    "jenkins.versions.plugin.blueocean-display-url" : {
      "value" : "2.4.1"
    },
    "jenkins.versions.plugin.blueocean-events" : {
      "value" : "1.24.6"
    },
    "jenkins.versions.plugin.blueocean-git-pipeline" : {
      "value" : "1.24.6"
    },
    "jenkins.versions.plugin.blueocean-github-pipeline" : {
      "value" : "1.24.6"
    },
    "jenkins.versions.plugin.blueocean-i18n" : {
      "value" : "1.24.6"
    },
    "jenkins.versions.plugin.blueocean-jira" : {
      "value" : "1.24.6"
    },
    "jenkins.versions.plugin.blueocean-jwt" : {
      "value" : "1.24.6"
    },
    "jenkins.versions.plugin.blueocean-personalization" : {
      "value" : "1.24.6"
    },
    "jenkins.versions.plugin.blueocean-pipeline-api-impl" : {
      "value" : "1.24.6"
    },
    "jenkins.versions.plugin.blueocean-pipeline-editor" : {
      "value" : "1.24.6"
    },
    "jenkins.versions.plugin.blueocean-pipeline-scm-api" : {
      "value" : "1.24.6"
    },
    "jenkins.versions.plugin.blueocean-rest" : {
      "value" : "1.24.6"
    },
    "jenkins.versions.plugin.blueocean-rest-impl" : {
      "value" : "1.24.6"
    },
    "jenkins.versions.plugin.blueocean-web" : {
      "value" : "1.24.6"
    },
    "jenkins.versions.plugin.bootstrap4-api" : {
      "value" : "4.6.0-3"
    },
    "jenkins.versions.plugin.bouncycastle-api" : {
      "value" : "2.20"
    },
    "jenkins.versions.plugin.branch-api" : {
      "value" : "2.6.4"
    },
    "jenkins.versions.plugin.build-blocker-plugin" : {
      "value" : "1.7.7"
    },
    "jenkins.versions.plugin.build-timeout" : {
      "value" : "1.20"
    },
    "jenkins.versions.plugin.caffeine-api" : {
      "value" : "2.9.1-23.v51c4e2c879c8"
    },
    "jenkins.versions.plugin.checks-api" : {
      "value" : "1.7.0"
    },
    "jenkins.versions.plugin.cloudbees-bitbucket-branch-source" : {
      "value" : "2.9.8"
    },
    "jenkins.versions.plugin.cloudbees-folder" : {
      "value" : "6.15"
    },
    "jenkins.versions.plugin.command-launcher" : {
      "value" : "1.6"
    },
    "jenkins.versions.plugin.config-file-provider" : {
      "value" : "3.8.0"
    },
    "jenkins.versions.plugin.convert-to-pipeline" : {
      "value" : "1.0"
    },
    "jenkins.versions.plugin.credentials" : {
      "value" : "1087.1089.v2f1b_9a_b_040e4"
    },
    "jenkins.versions.plugin.credentials-binding" : {
      "value" : "1.24"
    },
    "jenkins.versions.plugin.declarative-pipeline-migration-assistant" : {
      "value" : "1.5.1"
    },
    "jenkins.versions.plugin.declarative-pipeline-migration-assistant-api" : {
      "value" : "1.5.1"
    },
    "jenkins.versions.plugin.display-url-api" : {
      "value" : "2.3.4"
    },
    "jenkins.versions.plugin.docker-commons" : {
      "value" : "1.17"
    },
    "jenkins.versions.plugin.docker-java-api" : {
      "value" : "3.1.5.2"
    },
    "jenkins.versions.plugin.docker-plugin" : {
      "value" : "1.2.2"
    },
    "jenkins.versions.plugin.docker-workflow" : {
      "value" : "1.26"
    },
    "jenkins.versions.plugin.durable-task" : {
      "value" : "1.36"
    },
    "jenkins.versions.plugin.echarts-api" : {
      "value" : "5.1.0-2"
    },
    "jenkins.versions.plugin.email-ext" : {
      "value" : "2.82"
    },
    "jenkins.versions.plugin.extended-choice-parameter" : {
      "value" : "0.82"
    },
    "jenkins.versions.plugin.external-monitor-job" : {
      "value" : "1.7"
    },
    "jenkins.versions.plugin.favorite" : {
      "value" : "2.3.3"
    },
    "jenkins.versions.plugin.font-awesome-api" : {
      "value" : "5.15.3-2"
    },
    "jenkins.versions.plugin.generic-webhook-trigger" : {
      "value" : "1.72"
    },
    "jenkins.versions.plugin.git" : {
      "value" : "4.7.1"
    },
    "jenkins.versions.plugin.git-client" : {
      "value" : "3.7.1"
    },
    "jenkins.versions.plugin.git-server" : {
      "value" : "1.9"
    },
    "jenkins.versions.plugin.github" : {
      "value" : "1.33.1"
    },
    "jenkins.versions.plugin.github-api" : {
      "value" : "1.123"
    },
    "jenkins.versions.plugin.github-branch-source" : {
      "value" : "2.10.4"
    },
    "jenkins.versions.plugin.gradle" : {
      "value" : "1.36"
    },
    "jenkins.versions.plugin.handlebars" : {
      "value" : "3.0.8"
    },
    "jenkins.versions.plugin.handy-uri-templates-2-api" : {
      "value" : "2.1.8-1.0"
    },
    "jenkins.versions.plugin.htmlpublisher" : {
      "value" : "1.25"
    },
    "jenkins.versions.plugin.http_request" : {
      "value" : "1.9.0"
    },
    "jenkins.versions.plugin.jackson2-api" : {
      "value" : "2.13.2.20220328-273.v11d70a_b_a_1a_52"
    },
    "jenkins.versions.plugin.javadoc" : {
      "value" : "1.6"
    },
    "jenkins.versions.plugin.jdk-tool" : {
      "value" : "1.5"
    },
    "jenkins.versions.plugin.jenkins-design-language" : {
      "value" : "1.24.7"
    },
    "jenkins.versions.plugin.jenkins-discord" : {
      "value" : "1.4.0"
    },
    "jenkins.versions.plugin.jira" : {
      "value" : "3.3"
    },
    "jenkins.versions.plugin.jjwt-api" : {
      "value" : "0.11.2-9.c8b45b8bb173"
    },
    "jenkins.versions.plugin.jquery" : {
      "value" : "1.12.4-1"
    },
    "jenkins.versions.plugin.jquery-detached" : {
      "value" : "1.2.1"
    },
    "jenkins.versions.plugin.jquery3-api" : {
      "value" : "3.6.0-1"
    },
    "jenkins.versions.plugin.jsch" : {
      "value" : "0.1.55.2"
    },
    "jenkins.versions.plugin.junit" : {
      "value" : "1.49"
    },
    "jenkins.versions.plugin.kubernetes-cli" : {
      "value" : "1.10.3"
    },
    "jenkins.versions.plugin.kubernetes-client-api" : {
      "value" : "5.4.1"
    },
    "jenkins.versions.plugin.kubernetes-credentials" : {
      "value" : "0.9.0"
    },
    "jenkins.versions.plugin.ldap" : {
      "value" : "2.7"
    },
    "jenkins.versions.plugin.lockable-resources" : {
      "value" : "2.10"
    },
    "jenkins.versions.plugin.mailer" : {
      "value" : "1.34"
    },
    "jenkins.versions.plugin.manage-permission" : {
      "value" : "1.0.1"
    },
    "jenkins.versions.plugin.mapdb-api" : {
      "value" : "1.0.9.0"
    },
    "jenkins.versions.plugin.matrix-auth" : {
      "value" : "2.6.7"
    },
    "jenkins.versions.plugin.matrix-project" : {
      "value" : "1.18"
    },
    "jenkins.versions.plugin.mercurial" : {
      "value" : "2.15"
    },
    "jenkins.versions.plugin.metrics" : {
      "value" : "4.1.6.1"
    },
    "jenkins.versions.plugin.momentjs" : {
      "value" : "1.1.1"
    },
    "jenkins.versions.plugin.nodelabelparameter" : {
      "value" : "1.8.1"
    },
    "jenkins.versions.plugin.okhttp-api" : {
      "value" : "3.14.9"
    },
    "jenkins.versions.plugin.pam-auth" : {
      "value" : "1.6"
    },
    "jenkins.versions.plugin.permissive-script-security" : {
      "value" : "0.6"
    },
    "jenkins.versions.plugin.pipeline-build-step" : {
      "value" : "2.13"
    },
    "jenkins.versions.plugin.pipeline-github-lib" : {
      "value" : "1.0"
    },
    "jenkins.versions.plugin.pipeline-graph-analysis" : {
      "value" : "1.10"
    },
    "jenkins.versions.plugin.pipeline-input-step" : {
      "value" : "2.12"
    },
    "jenkins.versions.plugin.pipeline-milestone-step" : {
      "value" : "1.3.2"
    },
    "jenkins.versions.plugin.pipeline-model-api" : {
      "value" : "1.8.4"
    },
    "jenkins.versions.plugin.pipeline-model-definition" : {
      "value" : "1.8.4"
    },
    "jenkins.versions.plugin.pipeline-model-extensions" : {
      "value" : "1.8.4"
    },
    "jenkins.versions.plugin.pipeline-rest-api" : {
      "value" : "2.19"
    },
    "jenkins.versions.plugin.pipeline-stage-step" : {
      "value" : "2.5"
    },
    "jenkins.versions.plugin.pipeline-stage-tags-metadata" : {
      "value" : "1.8.4"
    },
    "jenkins.versions.plugin.pipeline-stage-view" : {
      "value" : "2.19"
    },
    "jenkins.versions.plugin.pipeline-utility-steps" : {
      "value" : "2.7.1"
    },
    "jenkins.versions.plugin.plain-credentials" : {
      "value" : "1.7"
    },
    "jenkins.versions.plugin.plugin-util-api" : {
      "value" : "2.2.0"
    },
    "jenkins.versions.plugin.popper-api" : {
      "value" : "1.16.1-2"
    },
    "jenkins.versions.plugin.postbuild-task" : {
      "value" : "1.9"
    },
    "jenkins.versions.plugin.powershell" : {
      "value" : "1.5"
    },
    "jenkins.versions.plugin.pubsub-light" : {
      "value" : "1.14"
    },
    "jenkins.versions.plugin.purge-build-queue-plugin" : {
      "value" : "1.0"
    },
    "jenkins.versions.plugin.resource-disposer" : {
      "value" : "0.15"
    },
    "jenkins.versions.plugin.rich-text-publisher-plugin" : {
      "value" : "1.4"
    },
    "jenkins.versions.plugin.scm-api" : {
      "value" : "2.6.4"
    },
    "jenkins.versions.plugin.script-security" : {
      "value" : "1.77"
    },
    "jenkins.versions.plugin.scriptler" : {
      "value" : "3.1"
    },
    "jenkins.versions.plugin.simple-queue" : {
      "value" : "1.4.1"
    },
    "jenkins.versions.plugin.snakeyaml-api" : {
      "value" : "1.30.1"
    },
    "jenkins.versions.plugin.sse-gateway" : {
      "value" : "1.24"
    },
    "jenkins.versions.plugin.ssh-credentials" : {
      "value" : "1.18.1"
    },
    "jenkins.versions.plugin.ssh-slaves" : {
      "value" : "1.31.5"
    },
    "jenkins.versions.plugin.sshd" : {
      "value" : "3.0.3"
    },
    "jenkins.versions.plugin.structs" : {
      "value" : "318.va_f3ccb_729b_71"
    },
    "jenkins.versions.plugin.subversion" : {
      "value" : "2.14.1"
    },
    "jenkins.versions.plugin.support-core" : {
      "value" : "2.80"
    },
    "jenkins.versions.plugin.text-finder" : {
      "value" : "1.16"
    },
    "jenkins.versions.plugin.throttle-concurrents" : {
      "value" : "2.2"
    },
    "jenkins.versions.plugin.timestamper" : {
      "value" : "1.13"
    },
    "jenkins.versions.plugin.token-macro" : {
      "value" : "2.15"
    },
    "jenkins.versions.plugin.translation" : {
      "value" : "1.16"
    },
    "jenkins.versions.plugin.trilead-api" : {
      "value" : "1.0.13"
    },
    "jenkins.versions.plugin.uno-choice" : {
      "value" : "2.5.6"
    },
    "jenkins.versions.plugin.variant" : {
      "value" : "1.4"
    },
    "jenkins.versions.plugin.windows-slaves" : {
      "value" : "1.8"
    },
    "jenkins.versions.plugin.workflow-aggregator" : {
      "value" : "2.6"
    },
    "jenkins.versions.plugin.workflow-api" : {
      "value" : "2.42"
    },
    "jenkins.versions.plugin.workflow-basic-steps" : {
      "value" : "2.23"
    },
    "jenkins.versions.plugin.workflow-cps" : {
      "value" : "2.92"
    },
    "jenkins.versions.plugin.workflow-cps-global-lib" : {
      "value" : "2.19"
    },
    "jenkins.versions.plugin.workflow-durable-task-step" : {
      "value" : "2.39"
    },
    "jenkins.versions.plugin.workflow-job" : {
      "value" : "2.40"
    },
    "jenkins.versions.plugin.workflow-multibranch" : {
      "value" : "2.24"
    },
    "jenkins.versions.plugin.workflow-scm-step" : {
      "value" : "2.12"
    },
    "jenkins.versions.plugin.workflow-step-api" : {
      "value" : "2.23"
    },
    "jenkins.versions.plugin.workflow-support" : {
      "value" : "3.8"
    },
    "jenkins.versions.plugin.ws-cleanup" : {
      "value" : "0.39"
    },
    "vm.blocked.count" : {
      "value" : 0
    },
    "vm.class.loaded" : {
      "value" : 16851
    },
    "vm.class.unloaded" : {
      "value" : 24
    },
    "vm.count" : {
      "value" : 56
    },
    "vm.cpu.load" : {
      "value" : 0.21537093307641
    },
    "vm.daemon.count" : {
      "value" : 36
    },
    "vm.deadlock.count" : {
      "value" : 0
    },
    "vm.deadlocks" : {
      "value" : [ ]
    },
    "vm.file.descriptor.ratio" : {
      "value" : "NaN"
    },
    "vm.gc.Copy.count" : {
      "value" : 585
    },
    "vm.gc.Copy.time" : {
      "value" : 2249
    },
    "vm.gc.MarkSweepCompact.count" : {
      "value" : 4
    },
    "vm.gc.MarkSweepCompact.time" : {
      "value" : 215
    },
    "vm.memory.heap.committed" : {
      "value" : 259653632
    },
    "vm.memory.heap.init" : {
      "value" : 268435456
    },
    "vm.memory.heap.max" : {
      "value" : 1037959168
    },
    "vm.memory.heap.usage" : {
      "value" : 0.18944407647449962
    },
    "vm.memory.heap.used" : {
      "value" : 196635216
    },
    "vm.memory.non-heap.committed" : {
      "value" : 76611584
    },
    "vm.memory.non-heap.init" : {
      "value" : 163840
    },
    "vm.memory.non-heap.max" : {
      "value" : -1
    },
    "vm.memory.non-heap.usage" : {
      "value" : -6.7773616E7
    },
    "vm.memory.non-heap.used" : {
      "value" : 67784384
    },
    "vm.memory.pools.Code-Cache.committed" : {
      "value" : 10158080
    },
    "vm.memory.pools.Code-Cache.init" : {
      "value" : 163840
    },
    "vm.memory.pools.Code-Cache.max" : {
      "value" : 33554432
    },
    "vm.memory.pools.Code-Cache.usage" : {
      "value" : 0.197052001953125
    },
    "vm.memory.pools.Code-Cache.used" : {
      "value" : 6611968
    },
    "vm.memory.pools.Eden-Space.committed" : {
      "value" : 71761920
    },
    "vm.memory.pools.Eden-Space.init" : {
      "value" : 71630848
    },
    "vm.memory.pools.Eden-Space.max" : {
      "value" : 286326784
    },
    "vm.memory.pools.Eden-Space.usage" : {
      "value" : 0.24531343878747996
    },
    "vm.memory.pools.Eden-Space.used" : {
      "value" : 70239808
    },
    "vm.memory.pools.Eden-Space.used-after-gc" : {
      "value" : 0
    },
    "vm.memory.pools.Metaspace.committed" : {
      "value" : 66453504
    },
    "vm.memory.pools.Metaspace.init" : {
      "value" : 0
    },
    "vm.memory.pools.Metaspace.max" : {
      "value" : -1
    },
    "vm.memory.pools.Metaspace.usage" : {
      "value" : 0.9205310227132643
    },
    "vm.memory.pools.Metaspace.used" : {
      "value" : 61172512
    },
    "vm.memory.pools.Survivor-Space.committed" : {
      "value" : 8912896
    },
    "vm.memory.pools.Survivor-Space.init" : {
      "value" : 8912896
    },
    "vm.memory.pools.Survivor-Space.max" : {
      "value" : 35782656
    },
    "vm.memory.pools.Survivor-Space.usage" : {
      "value" : 0.14402866014194138
    },
    "vm.memory.pools.Survivor-Space.used" : {
      "value" : 5153728
    },
    "vm.memory.pools.Survivor-Space.used-after-gc" : {
      "value" : 5153728
    },
    "vm.memory.pools.Tenured-Gen.committed" : {
      "value" : 178978816
    },
    "vm.memory.pools.Tenured-Gen.init" : {
      "value" : 178978816
    },
    "vm.memory.pools.Tenured-Gen.max" : {
      "value" : 715849728
    },
    "vm.memory.pools.Tenured-Gen.usage" : {
      "value" : 0.169367501666495
    },
    "vm.memory.pools.Tenured-Gen.used" : {
      "value" : 121241680
    },
    "vm.memory.pools.Tenured-Gen.used-after-gc" : {
      "value" : 48959728
    },
    "vm.memory.total.committed" : {
      "value" : 336265216
    },
    "vm.memory.total.init" : {
      "value" : 268599296
    },
    "vm.memory.total.max" : {
      "value" : 1037959167
    },
    "vm.memory.total.used" : {
      "value" : 264597008
    },
    "vm.new.count" : {
      "value" : 0
    },
    "vm.runnable.count" : {
      "value" : 10
    },
    "vm.terminated.count" : {
      "value" : 0
    },
    "vm.timed_waiting.count" : {
      "value" : 32
    },
    "vm.uptime.milliseconds" : {
      "value" : 114279
    },
    "vm.waiting.count" : {
      "value" : 14
    }
  },
  "counters" : {
    "http.activeRequests" : {
      "count" : 1
    }
  },
  "histograms" : {
    "jenkins.executor.count.history" : {
      "count" : 6,
      "max" : 36,
      "mean" : 36.0,
      "min" : 36,
      "p50" : 36.0,
      "p75" : 36.0,
      "p95" : 36.0,
      "p98" : 36.0,
      "p99" : 36.0,
      "p999" : 36.0,
      "values" : [ 36, 36, 36, 36, 36, 36 ],
      "stddev" : 0.0
    },
    "jenkins.executor.free.history" : {
      "count" : 6,
      "max" : 36,
      "mean" : 36.0,
      "min" : 36,
      "p50" : 36.0,
      "p75" : 36.0,
      "p95" : 36.0,
      "p98" : 36.0,
      "p99" : 36.0,
      "p999" : 36.0,
      "values" : [ 36, 36, 36, 36, 36, 36 ],
      "stddev" : 0.0
    },
    "jenkins.executor.in-use.history" : {
      "count" : 6,
      "max" : 0,
      "mean" : 0.0,
      "min" : 0,
      "p50" : 0.0,
      "p75" : 0.0,
      "p95" : 0.0,
      "p98" : 0.0,
      "p99" : 0.0,
      "p999" : 0.0,
      "values" : [ 0, 0, 0, 0, 0, 0 ],
      "stddev" : 0.0
    },
    "jenkins.job.count.history" : {
      "count" : 6,
      "max" : 127,
      "mean" : 126.99999999999999,
      "min" : 127,
      "p50" : 127.0,
      "p75" : 127.0,
      "p95" : 127.0,
      "p98" : 127.0,
      "p99" : 127.0,
      "p999" : 127.0,
      "values" : [ 127, 127, 127, 127, 127, 127 ],
      "stddev" : 1.4210854715202002E-14
    },
    "jenkins.node.count.history" : {
      "count" : 6,
      "max" : 16,
      "mean" : 15.999999999999998,
      "min" : 16,
      "p50" : 16.0,
      "p75" : 16.0,
      "p95" : 16.0,
      "p98" : 16.0,
      "p99" : 16.0,
      "p999" : 16.0,
      "values" : [ 16, 16, 16, 16, 16, 16 ],
      "stddev" : 1.7763568394002503E-15
    },
    "jenkins.node.offline.history" : {
      "count" : 6,
      "max" : 13,
      "mean" : 13.0,
      "min" : 13,
      "p50" : 13.0,
      "p75" : 13.0,
      "p95" : 13.0,
      "p98" : 13.0,
      "p99" : 13.0,
      "p999" : 13.0,
      "values" : [ 13, 13, 13, 13, 13, 13 ],
      "stddev" : 0.0
    },
    "jenkins.node.online.history" : {
      "count" : 6,
      "max" : 3,
      "mean" : 3.0,
      "min" : 3,
      "p50" : 3.0,
      "p75" : 3.0,
      "p95" : 3.0,
      "p98" : 3.0,
      "p99" : 3.0,
      "p999" : 3.0,
      "values" : [ 3, 3, 3, 3, 3, 3 ],
      "stddev" : 0.0
    },
    "jenkins.project.count.history" : {
      "count" : 6,
      "max" : 127,
      "mean" : 127.0,
      "min" : 127,
      "p50" : 127.0,
      "p75" : 127.0,
      "p95" : 127.0,
      "p98" : 127.0,
      "p99" : 127.0,
      "p999" : 127.0,
      "values" : [ 127, 127, 127, 127, 127, 127 ],
      "stddev" : 0.0
    },
    "jenkins.project.disabled.count.history" : {
      "count" : 6,
      "max" : 2,
      "mean" : 2.0,
      "min" : 2,
      "p50" : 2.0,
      "p75" : 2.0,
      "p95" : 2.0,
      "p98" : 2.0,
      "p99" : 2.0,
      "p999" : 2.0,
      "values" : [ 2, 2, 2, 2, 2, 2 ],
      "stddev" : 0.0
    },
    "jenkins.project.enabled.count.history" : {
      "count" : 6,
      "max" : 125,
      "mean" : 124.99999999999999,
      "min" : 125,
      "p50" : 125.0,
      "p75" : 125.0,
      "p95" : 125.0,
      "p98" : 125.0,
      "p99" : 125.0,
      "p999" : 125.0,
      "values" : [ 125, 125, 125, 125, 125, 125 ],
      "stddev" : 1.4210854715202002E-14
    },
    "jenkins.queue.blocked.history" : {
      "count" : 6,
      "max" : 0,
      "mean" : 0.0,
      "min" : 0,
      "p50" : 0.0,
      "p75" : 0.0,
      "p95" : 0.0,
      "p98" : 0.0,
      "p99" : 0.0,
      "p999" : 0.0,
      "values" : [ 0, 0, 0, 0, 0, 0 ],
      "stddev" : 0.0
    },
    "jenkins.queue.buildable.history" : {
      "count" : 6,
      "max" : 0,
      "mean" : 0.0,
      "min" : 0,
      "p50" : 0.0,
      "p75" : 0.0,
      "p95" : 0.0,
      "p98" : 0.0,
      "p99" : 0.0,
      "p999" : 0.0,
      "values" : [ 0, 0, 0, 0, 0, 0 ],
      "stddev" : 0.0
    },
    "jenkins.queue.pending.history" : {
      "count" : 6,
      "max" : 0,
      "mean" : 0.0,
      "min" : 0,
      "p50" : 0.0,
      "p75" : 0.0,
      "p95" : 0.0,
      "p98" : 0.0,
      "p99" : 0.0,
      "p999" : 0.0,
      "values" : [ 0, 0, 0, 0, 0, 0 ],
      "stddev" : 0.0
    },
    "jenkins.queue.size.history" : {
      "count" : 6,
      "max" : 0,
      "mean" : 0.0,
      "min" : 0,
      "p50" : 0.0,
      "p75" : 0.0,
      "p95" : 0.0,
      "p98" : 0.0,
      "p99" : 0.0,
      "p999" : 0.0,
      "values" : [ 0, 0, 0, 0, 0, 0 ],
      "stddev" : 0.0
    },
    "jenkins.queue.stuck.history" : {
      "count" : 6,
      "max" : 0,
      "mean" : 0.0,
      "min" : 0,
      "p50" : 0.0,
      "p75" : 0.0,
      "p95" : 0.0,
      "p98" : 0.0,
      "p99" : 0.0,
      "p999" : 0.0,
      "values" : [ 0, 0, 0, 0, 0, 0 ],
      "stddev" : 0.0
    },
    "vm.cpu.load.x100.history" : {
      "count" : 6,
      "max" : 120,
      "mean" : 13.277567467190504,
      "min" : 1,
      "p50" : 1.0,
      "p75" : 1.0,
      "p95" : 120.0,
      "p98" : 120.0,
      "p99" : 120.0,
      "p999" : 120.0,
      "values" : [ 1, 1, 1, 1, 17, 120 ],
      "stddev" : 33.586413477885806
    },
    "vm.cpu.load.x100.window.15m" : {
      "count" : 6,
      "max" : 120,
      "mean" : 23.5,
      "min" : 1,
      "p50" : 1.0,
      "p75" : 42.75,
      "p95" : 120.0,
      "p98" : 120.0,
      "p99" : 120.0,
      "p999" : 120.0,
      "values" : [ 1, 1, 1, 1, 17, 120 ],
      "stddev" : 47.7063937014736
    },
    "vm.cpu.load.x100.window.1h" : {
      "count" : 6,
      "max" : 120,
      "mean" : 23.5,
      "min" : 1,
      "p50" : 1.0,
      "p75" : 42.75,
      "p95" : 120.0,
      "p98" : 120.0,
      "p99" : 120.0,
      "p999" : 120.0,
      "values" : [ 1, 1, 1, 1, 17, 120 ],
      "stddev" : 47.7063937014736
    },
    "vm.cpu.load.x100.window.5m" : {
      "count" : 6,
      "max" : 120,
      "mean" : 23.5,
      "min" : 1,
      "p50" : 1.0,
      "p75" : 42.75,
      "p95" : 120.0,
      "p98" : 120.0,
      "p99" : 120.0,
      "p999" : 120.0,
      "values" : [ 1, 1, 1, 1, 17, 120 ],
      "stddev" : 47.7063937014736
    },
    "vm.file.descriptor.ratio.x100.history" : {
      "count" : 6,
      "max" : 0,
      "mean" : 0.0,
      "min" : 0,
      "p50" : 0.0,
      "p75" : 0.0,
      "p95" : 0.0,
      "p98" : 0.0,
      "p99" : 0.0,
      "p999" : 0.0,
      "values" : [ 0, 0, 0, 0, 0, 0 ],
      "stddev" : 0.0
    },
    "vm.file.descriptor.ratio.x100.window.15m" : {
      "count" : 6,
      "max" : 0,
      "mean" : 0.0,
      "min" : 0,
      "p50" : 0.0,
      "p75" : 0.0,
      "p95" : 0.0,
      "p98" : 0.0,
      "p99" : 0.0,
      "p999" : 0.0,
      "values" : [ 0, 0, 0, 0, 0, 0 ],
      "stddev" : 0.0
    },
    "vm.file.descriptor.ratio.x100.window.1h" : {
      "count" : 6,
      "max" : 0,
      "mean" : 0.0,
      "min" : 0,
      "p50" : 0.0,
      "p75" : 0.0,
      "p95" : 0.0,
      "p98" : 0.0,
      "p99" : 0.0,
      "p999" : 0.0,
      "values" : [ 0, 0, 0, 0, 0, 0 ],
      "stddev" : 0.0
    },
    "vm.file.descriptor.ratio.x100.window.5m" : {
      "count" : 6,
      "max" : 0,
      "mean" : 0.0,
      "min" : 0,
      "p50" : 0.0,
      "p75" : 0.0,
      "p95" : 0.0,
      "p98" : 0.0,
      "p99" : 0.0,
      "p999" : 0.0,
      "values" : [ 0, 0, 0, 0, 0, 0 ],
      "stddev" : 0.0
    },
    "vm.memory.heap.committed.history" : {
      "count" : 6,
      "max" : 259653632,
      "mean" : 2.5965363199999997E8,
      "min" : 259653632,
      "p50" : 2.59653632E8,
      "p75" : 2.59653632E8,
      "p95" : 2.59653632E8,
      "p98" : 2.59653632E8,
      "p99" : 2.59653632E8,
      "p999" : 2.59653632E8,
      "values" : [ 259653632, 259653632, 259653632, 259653632, 259653632, 259653632 ],
      "stddev" : 2.9802322387695312E-8
    },
    "vm.memory.heap.committed.window.15m" : {
      "count" : 6,
      "max" : 259653632,
      "mean" : 2.59653632E8,
      "min" : 259653632,
      "p50" : 2.59653632E8,
      "p75" : 2.59653632E8,
      "p95" : 2.59653632E8,
      "p98" : 2.59653632E8,
      "p99" : 2.59653632E8,
      "p999" : 2.59653632E8,
      "values" : [ 259653632, 259653632, 259653632, 259653632, 259653632, 259653632 ],
      "stddev" : 0.0
    },
    "vm.memory.heap.committed.window.1h" : {
      "count" : 6,
      "max" : 259653632,
      "mean" : 2.59653632E8,
      "min" : 259653632,
      "p50" : 2.59653632E8,
      "p75" : 2.59653632E8,
      "p95" : 2.59653632E8,
      "p98" : 2.59653632E8,
      "p99" : 2.59653632E8,
      "p999" : 2.59653632E8,
      "values" : [ 259653632, 259653632, 259653632, 259653632, 259653632, 259653632 ],
      "stddev" : 0.0
    },
    "vm.memory.heap.committed.window.5m" : {
      "count" : 6,
      "max" : 259653632,
      "mean" : 2.59653632E8,
      "min" : 259653632,
      "p50" : 2.59653632E8,
      "p75" : 2.59653632E8,
      "p95" : 2.59653632E8,
      "p98" : 2.59653632E8,
      "p99" : 2.59653632E8,
      "p999" : 2.59653632E8,
      "values" : [ 259653632, 259653632, 259653632, 259653632, 259653632, 259653632 ],
      "stddev" : 0.0
    },
    "vm.memory.heap.usage.x100.history" : {
      "count" : 6,
      "max" : 19,
      "mean" : 14.60130624589767,
      "min" : 13,
      "p50" : 14.0,
      "p75" : 15.0,
      "p95" : 19.0,
      "p98" : 19.0,
      "p99" : 19.0,
      "p999" : 19.0,
      "values" : [ 13, 13, 14, 15, 15, 19 ],
      "stddev" : 1.7536494633785962
    },
    "vm.memory.heap.usage.x100.window.15m" : {
      "count" : 6,
      "max" : 19,
      "mean" : 14.833333333333334,
      "min" : 13,
      "p50" : 14.5,
      "p75" : 16.0,
      "p95" : 19.0,
      "p98" : 19.0,
      "p99" : 19.0,
      "p999" : 19.0,
      "values" : [ 13, 13, 14, 15, 15, 19 ],
      "stddev" : 2.228601953392904
    },
    "vm.memory.heap.usage.x100.window.1h" : {
      "count" : 6,
      "max" : 19,
      "mean" : 14.833333333333334,
      "min" : 13,
      "p50" : 14.5,
      "p75" : 16.0,
      "p95" : 19.0,
      "p98" : 19.0,
      "p99" : 19.0,
      "p999" : 19.0,
      "values" : [ 13, 13, 14, 15, 15, 19 ],
      "stddev" : 2.228601953392904
    },
    "vm.memory.heap.usage.x100.window.5m" : {
      "count" : 6,
      "max" : 19,
      "mean" : 14.833333333333334,
      "min" : 13,
      "p50" : 14.5,
      "p75" : 16.0,
      "p95" : 19.0,
      "p98" : 19.0,
      "p99" : 19.0,
      "p999" : 19.0,
      "values" : [ 13, 13, 14, 15, 15, 19 ],
      "stddev" : 2.228601953392904
    },
    "vm.memory.heap.used.history" : {
      "count" : 6,
      "max" : 192551416,
      "mean" : 1.5111276510210082E8,
      "min" : 132783920,
      "p50" : 1.46620008E8,
      "p75" : 1.53518032E8,
      "p95" : 1.92551416E8,
      "p98" : 1.92551416E8,
      "p99" : 1.92551416E8,
      "p999" : 1.92551416E8,
      "values" : [ 132783920, 139842600, 146620008, 153518032, 153740184, 192551416 ],
      "stddev" : 1.6279242221877556E7
    },
    "vm.memory.heap.used.window.15m" : {
      "count" : 6,
      "max" : 192551416,
      "mean" : 1.5317602666666666E8,
      "min" : 132783920,
      "p50" : 1.5006902E8,
      "p75" : 1.63442992E8,
      "p95" : 1.92551416E8,
      "p98" : 1.92551416E8,
      "p99" : 1.92551416E8,
      "p999" : 1.92551416E8,
      "values" : [ 132783920, 139842600, 146620008, 153518032, 153740184, 192551416 ],
      "stddev" : 2.091629120104295E7
    },
    "vm.memory.heap.used.window.1h" : {
      "count" : 6,
      "max" : 192551416,
      "mean" : 1.5317602666666666E8,
      "min" : 132783920,
      "p50" : 1.5006902E8,
      "p75" : 1.63442992E8,
      "p95" : 1.92551416E8,
      "p98" : 1.92551416E8,
      "p99" : 1.92551416E8,
      "p999" : 1.92551416E8,
      "values" : [ 132783920, 139842600, 146620008, 153518032, 153740184, 192551416 ],
      "stddev" : 2.091629120104295E7
    },
    "vm.memory.heap.used.window.5m" : {
      "count" : 6,
      "max" : 192551416,
      "mean" : 1.5317602666666666E8,
      "min" : 132783920,
      "p50" : 1.5006902E8,
      "p75" : 1.63442992E8,
      "p95" : 1.92551416E8,
      "p98" : 1.92551416E8,
      "p99" : 1.92551416E8,
      "p999" : 1.92551416E8,
      "values" : [ 132783920, 139842600, 146620008, 153518032, 153740184, 192551416 ],
      "stddev" : 2.091629120104295E7
    },
    "vm.memory.non-heap.committed.history" : {
      "count" : 6,
      "max" : 75825152,
      "mean" : 7.578750893400308E7,
      "min" : 75563008,
      "p50" : 7.5825152E7,
      "p75" : 7.5825152E7,
      "p95" : 7.5825152E7,
      "p98" : 7.5825152E7,
      "p99" : 7.5825152E7,
      "p999" : 7.5825152E7,
      "values" : [ 75563008, 75694080, 75825152, 75825152, 75825152, 75825152 ],
      "stddev" : 80938.62629318782
    },
    "vm.memory.non-heap.committed.window.15m" : {
      "count" : 6,
      "max" : 75825152,
      "mean" : 7.5759616E7,
      "min" : 75563008,
      "p50" : 7.5825152E7,
      "p75" : 7.5825152E7,
      "p95" : 7.5825152E7,
      "p98" : 7.5825152E7,
      "p99" : 7.5825152E7,
      "p999" : 7.5825152E7,
      "values" : [ 75563008, 75694080, 75825152, 75825152, 75825152, 75825152 ],
      "stddev" : 109662.70299787435
    },
    "vm.memory.non-heap.committed.window.1h" : {
      "count" : 6,
      "max" : 75825152,
      "mean" : 7.5759616E7,
      "min" : 75563008,
      "p50" : 7.5825152E7,
      "p75" : 7.5825152E7,
      "p95" : 7.5825152E7,
      "p98" : 7.5825152E7,
      "p99" : 7.5825152E7,
      "p999" : 7.5825152E7,
      "values" : [ 75563008, 75694080, 75825152, 75825152, 75825152, 75825152 ],
      "stddev" : 109662.70299787435
    },
    "vm.memory.non-heap.committed.window.5m" : {
      "count" : 6,
      "max" : 75825152,
      "mean" : 7.5759616E7,
      "min" : 75563008,
      "p50" : 7.5825152E7,
      "p75" : 7.5825152E7,
      "p95" : 7.5825152E7,
      "p98" : 7.5825152E7,
      "p99" : 7.5825152E7,
      "p999" : 7.5825152E7,
      "values" : [ 75563008, 75694080, 75825152, 75825152, 75825152, 75825152 ],
      "stddev" : 109662.70299787435
    },
    "vm.memory.non-heap.usage.x100.history" : {
      "count" : 6,
      "max" : -6484740000,
      "mean" : -6.624167195857405E9,
      "min" : -6648107200,
      "p50" : -6.641116E9,
      "p75" : -6.6223832E9,
      "p95" : -6.48474E9,
      "p98" : -6.48474E9,
      "p99" : -6.48474E9,
      "p999" : -6.48474E9,
      "values" : [ -6648107200, -6646691200, -6641116000, -6622383200, -6608034400, -6484740000 ],
      "stddev" : 4.5406477683377266E7
    },
    "vm.memory.non-heap.usage.x100.window.15m" : {
      "count" : 6,
      "max" : -6484740000,
      "mean" : -6.608512E9,
      "min" : -6648107200,
      "p50" : -6.6317496E9,
      "p75" : -6.5772108E9,
      "p95" : -6.48474E9,
      "p98" : -6.48474E9,
      "p99" : -6.48474E9,
      "p999" : -6.48474E9,
      "values" : [ -6648107200, -6646691200, -6641116000, -6622383200, -6608034400, -6484740000 ],
      "stddev" : 6.261085890942561E7
    },
    "vm.memory.non-heap.usage.x100.window.1h" : {
      "count" : 6,
      "max" : -6484740000,
      "mean" : -6.608512E9,
      "min" : -6648107200,
      "p50" : -6.6317496E9,
      "p75" : -6.5772108E9,
      "p95" : -6.48474E9,
      "p98" : -6.48474E9,
      "p99" : -6.48474E9,
      "p999" : -6.48474E9,
      "values" : [ -6648107200, -6646691200, -6641116000, -6622383200, -6608034400, -6484740000 ],
      "stddev" : 6.261085890942561E7
    },
    "vm.memory.non-heap.usage.x100.window.5m" : {
      "count" : 6,
      "max" : -6484740000,
      "mean" : -6.608512E9,
      "min" : -6648107200,
      "p50" : -6.6317496E9,
      "p75" : -6.5772108E9,
      "p95" : -6.48474E9,
      "p98" : -6.48474E9,
      "p99" : -6.48474E9,
      "p999" : -6.48474E9,
      "values" : [ -6648107200, -6646691200, -6641116000, -6622383200, -6608034400, -6484740000 ],
      "stddev" : 6.261085890942561E7
    },
    "vm.memory.non-heap.used.history" : {
      "count" : 6,
      "max" : 66481072,
      "mean" : 6.6241674784308895E7,
      "min" : 64847432,
      "p50" : 6.641116E7,
      "p75" : 6.6481072E7,
      "p95" : 6.6481072E7,
      "p98" : 6.6481072E7,
      "p99" : 6.6481072E7,
      "p999" : 6.6481072E7,
      "values" : [ 64847432, 66080344, 66223832, 66411160, 66466912, 66481072 ],
      "stddev" : 454056.1000116623
    },
    "vm.memory.non-heap.used.window.15m" : {
      "count" : 6,
      "max" : 66481072,
      "mean" : 6.6085125333333336E7,
      "min" : 64847432,
      "p50" : 6.6317496E7,
      "p75" : 6.6470452E7,
      "p95" : 6.6481072E7,
      "p98" : 6.6481072E7,
      "p99" : 6.6481072E7,
      "p999" : 6.6481072E7,
      "values" : [ 64847432, 66080344, 66223832, 66411160, 66466912, 66481072 ],
      "stddev" : 626095.9372909768
    },
    "vm.memory.non-heap.used.window.1h" : {
      "count" : 6,
      "max" : 66481072,
      "mean" : 6.6085125333333336E7,
      "min" : 64847432,
      "p50" : 6.6317496E7,
      "p75" : 6.6470452E7,
      "p95" : 6.6481072E7,
      "p98" : 6.6481072E7,
      "p99" : 6.6481072E7,
      "p999" : 6.6481072E7,
      "values" : [ 64847432, 66080344, 66223832, 66411160, 66466912, 66481072 ],
      "stddev" : 626095.9372909768
    },
    "vm.memory.non-heap.used.window.5m" : {
      "count" : 6,
      "max" : 66481072,
      "mean" : 6.6085125333333336E7,
      "min" : 64847432,
      "p50" : 6.6317496E7,
      "p75" : 6.6470452E7,
      "p95" : 6.6481072E7,
      "p98" : 6.6481072E7,
      "p99" : 6.6481072E7,
      "p999" : 6.6481072E7,
      "values" : [ 64847432, 66080344, 66223832, 66411160, 66466912, 66481072 ],
      "stddev" : 626095.9372909768
    },
    "vm.memory.pools.Code-Cache.committed.history" : {
      "count" : 6,
      "max" : 10158080,
      "mean" : 1.015808E7,
      "min" : 10158080,
      "p50" : 1.015808E7,
      "p75" : 1.015808E7,
      "p95" : 1.015808E7,
      "p98" : 1.015808E7,
      "p99" : 1.015808E7,
      "p999" : 1.015808E7,
      "values" : [ 10158080, 10158080, 10158080, 10158080, 10158080, 10158080 ],
      "stddev" : 0.0
    },
    "vm.memory.pools.Code-Cache.committed.window.15m" : {
      "count" : 6,
      "max" : 10158080,
      "mean" : 1.015808E7,
      "min" : 10158080,
      "p50" : 1.015808E7,
      "p75" : 1.015808E7,
      "p95" : 1.015808E7,
      "p98" : 1.015808E7,
      "p99" : 1.015808E7,
      "p999" : 1.015808E7,
      "values" : [ 10158080, 10158080, 10158080, 10158080, 10158080, 10158080 ],
      "stddev" : 0.0
    },
    "vm.memory.pools.Code-Cache.committed.window.1h" : {
      "count" : 6,
      "max" : 10158080,
      "mean" : 1.015808E7,
      "min" : 10158080,
      "p50" : 1.015808E7,
      "p75" : 1.015808E7,
      "p95" : 1.015808E7,
      "p98" : 1.015808E7,
      "p99" : 1.015808E7,
      "p999" : 1.015808E7,
      "values" : [ 10158080, 10158080, 10158080, 10158080, 10158080, 10158080 ],
      "stddev" : 0.0
    },
    "vm.memory.pools.Code-Cache.committed.window.5m" : {
      "count" : 6,
      "max" : 10158080,
      "mean" : 1.015808E7,
      "min" : 10158080,
      "p50" : 1.015808E7,
      "p75" : 1.015808E7,
      "p95" : 1.015808E7,
      "p98" : 1.015808E7,
      "p99" : 1.015808E7,
      "p999" : 1.015808E7,
      "values" : [ 10158080, 10158080, 10158080, 10158080, 10158080, 10158080 ],
      "stddev" : 0.0
    },
    "vm.memory.pools.Code-Cache.usage.x100.history" : {
      "count" : 6,
      "max" : 18,
      "mean" : 17.397709194498006,
      "min" : 14,
      "p50" : 18.0,
      "p75" : 18.0,
      "p95" : 18.0,
      "p98" : 18.0,
      "p99" : 18.0,
      "p999" : 18.0,
      "values" : [ 14, 17, 17, 18, 18, 18 ],
      "stddev" : 1.139818916231019
    },
    "vm.memory.pools.Code-Cache.usage.x100.window.15m" : {
      "count" : 6,
      "max" : 18,
      "mean" : 17.0,
      "min" : 14,
      "p50" : 17.5,
      "p75" : 18.0,
      "p95" : 18.0,
      "p98" : 18.0,
      "p99" : 18.0,
      "p999" : 18.0,
      "values" : [ 14, 17, 17, 18, 18, 18 ],
      "stddev" : 1.5491933384829668
    },
    "vm.memory.pools.Code-Cache.usage.x100.window.1h" : {
      "count" : 6,
      "max" : 18,
      "mean" : 17.0,
      "min" : 14,
      "p50" : 17.5,
      "p75" : 18.0,
      "p95" : 18.0,
      "p98" : 18.0,
      "p99" : 18.0,
      "p999" : 18.0,
      "values" : [ 14, 17, 17, 18, 18, 18 ],
      "stddev" : 1.5491933384829668
    },
    "vm.memory.pools.Code-Cache.usage.x100.window.5m" : {
      "count" : 6,
      "max" : 18,
      "mean" : 17.0,
      "min" : 14,
      "p50" : 17.5,
      "p75" : 18.0,
      "p95" : 18.0,
      "p98" : 18.0,
      "p99" : 18.0,
      "p999" : 18.0,
      "values" : [ 14, 17, 17, 18, 18, 18 ],
      "stddev" : 1.5491933384829668
    },
    "vm.memory.pools.Code-Cache.used.history" : {
      "count" : 6,
      "max" : 6016448,
      "mean" : 5815451.77717143,
      "min" : 4630720,
      "p50" : 5959616.0,
      "p75" : 6016448.0,
      "p95" : 6016448.0,
      "p98" : 6016448.0,
      "p99" : 6016448.0,
      "p999" : 6016448.0,
      "values" : [ 4630720, 5689536, 5792832, 5959616, 6008832, 6016448 ],
      "stddev" : 385333.8408964371
    },
    "vm.memory.pools.Code-Cache.used.window.15m" : {
      "count" : 6,
      "max" : 6016448,
      "mean" : 5682997.333333333,
      "min" : 4630720,
      "p50" : 5876224.0,
      "p75" : 6010736.0,
      "p95" : 6016448.0,
      "p98" : 6016448.0,
      "p99" : 6016448.0,
      "p999" : 6016448.0,
      "values" : [ 4630720, 5689536, 5792832, 5959616, 6008832, 6016448 ],
      "stddev" : 531652.0400151463
    },
    "vm.memory.pools.Code-Cache.used.window.1h" : {
      "count" : 6,
      "max" : 6016448,
      "mean" : 5682997.333333333,
      "min" : 4630720,
      "p50" : 5876224.0,
      "p75" : 6010736.0,
      "p95" : 6016448.0,
      "p98" : 6016448.0,
      "p99" : 6016448.0,
      "p999" : 6016448.0,
      "values" : [ 4630720, 5689536, 5792832, 5959616, 6008832, 6016448 ],
      "stddev" : 531652.0400151463
    },
    "vm.memory.pools.Code-Cache.used.window.5m" : {
      "count" : 6,
      "max" : 6016448,
      "mean" : 5682997.333333333,
      "min" : 4630720,
      "p50" : 5876224.0,
      "p75" : 6010736.0,
      "p95" : 6016448.0,
      "p98" : 6016448.0,
      "p99" : 6016448.0,
      "p999" : 6016448.0,
      "values" : [ 4630720, 5689536, 5792832, 5959616, 6008832, 6016448 ],
      "stddev" : 531652.0400151463
    },
    "vm.memory.pools.Eden-Space.committed.history" : {
      "count" : 6,
      "max" : 71761920,
      "mean" : 7.176191999999999E7,
      "min" : 71761920,
      "p50" : 7.176192E7,
      "p75" : 7.176192E7,
      "p95" : 7.176192E7,
      "p98" : 7.176192E7,
      "p99" : 7.176192E7,
      "p999" : 7.176192E7,
      "values" : [ 71761920, 71761920, 71761920, 71761920, 71761920, 71761920 ],
      "stddev" : 1.4901161193847656E-8
    },
    "vm.memory.pools.Eden-Space.committed.window.15m" : {
      "count" : 6,
      "max" : 71761920,
      "mean" : 7.176192E7,
      "min" : 71761920,
      "p50" : 7.176192E7,
      "p75" : 7.176192E7,
      "p95" : 7.176192E7,
      "p98" : 7.176192E7,
      "p99" : 7.176192E7,
      "p999" : 7.176192E7,
      "values" : [ 71761920, 71761920, 71761920, 71761920, 71761920, 71761920 ],
      "stddev" : 0.0
    },
    "vm.memory.pools.Eden-Space.committed.window.1h" : {
      "count" : 6,
      "max" : 71761920,
      "mean" : 7.176192E7,
      "min" : 71761920,
      "p50" : 7.176192E7,
      "p75" : 7.176192E7,
      "p95" : 7.176192E7,
      "p98" : 7.176192E7,
      "p99" : 7.176192E7,
      "p999" : 7.176192E7,
      "values" : [ 71761920, 71761920, 71761920, 71761920, 71761920, 71761920 ],
      "stddev" : 0.0
    },
    "vm.memory.pools.Eden-Space.committed.window.5m" : {
      "count" : 6,
      "max" : 71761920,
      "mean" : 7.176192E7,
      "min" : 71761920,
      "p50" : 7.176192E7,
      "p75" : 7.176192E7,
      "p95" : 7.176192E7,
      "p98" : 7.176192E7,
      "p99" : 7.176192E7,
      "p999" : 7.176192E7,
      "values" : [ 71761920, 71761920, 71761920, 71761920, 71761920, 71761920 ],
      "stddev" : 0.0
    },
    "vm.memory.pools.Eden-Space.usage.x100.history" : {
      "count" : 6,
      "max" : 24,
      "mean" : 9.89535611756672,
      "min" : 3,
      "p50" : 8.0,
      "p75" : 10.0,
      "p95" : 24.0,
      "p98" : 24.0,
      "p99" : 24.0,
      "p999" : 24.0,
      "values" : [ 3, 5, 8, 10, 17, 24 ],
      "stddev" : 6.162889949042212
    },
    "vm.memory.pools.Eden-Space.usage.x100.window.15m" : {
      "count" : 6,
      "max" : 24,
      "mean" : 11.166666666666666,
      "min" : 3,
      "p50" : 9.0,
      "p75" : 18.75,
      "p95" : 24.0,
      "p98" : 24.0,
      "p99" : 24.0,
      "p999" : 24.0,
      "values" : [ 3, 5, 8, 10, 17, 24 ],
      "stddev" : 7.935153852740768
    },
    "vm.memory.pools.Eden-Space.usage.x100.window.1h" : {
      "count" : 6,
      "max" : 24,
      "mean" : 11.166666666666666,
      "min" : 3,
      "p50" : 9.0,
      "p75" : 18.75,
      "p95" : 24.0,
      "p98" : 24.0,
      "p99" : 24.0,
      "p999" : 24.0,
      "values" : [ 3, 5, 8, 10, 17, 24 ],
      "stddev" : 7.935153852740768
    },
    "vm.memory.pools.Eden-Space.usage.x100.window.5m" : {
      "count" : 6,
      "max" : 24,
      "mean" : 11.166666666666666,
      "min" : 3,
      "p50" : 9.0,
      "p75" : 18.75,
      "p95" : 24.0,
      "p98" : 24.0,
      "p99" : 24.0,
      "p999" : 24.0,
      "values" : [ 3, 5, 8, 10, 17, 24 ],
      "stddev" : 7.935153852740768
    },
    "vm.memory.pools.Eden-Space.used.history" : {
      "count" : 6,
      "max" : 70105080,
      "mean" : 2.85159393142092E7,
      "min" : 8077160,
      "p50" : 2.1913248E7,
      "p75" : 2.8811272E7,
      "p95" : 7.010508E7,
      "p98" : 7.010508E7,
      "p99" : 7.010508E7,
      "p999" : 7.010508E7,
      "values" : [ 8077160, 15135840, 21913248, 28811272, 50096568, 70105080 ],
      "stddev" : 1.8187750731072664E7
    },
    "vm.memory.pools.Eden-Space.used.window.15m" : {
      "count" : 6,
      "max" : 70105080,
      "mean" : 3.2356528E7,
      "min" : 8077160,
      "p50" : 2.536226E7,
      "p75" : 5.5098696E7,
      "p95" : 7.010508E7,
      "p98" : 7.010508E7,
      "p99" : 7.010508E7,
      "p999" : 7.010508E7,
      "values" : [ 8077160, 15135840, 21913248, 28811272, 50096568, 70105080 ],
      "stddev" : 2.3440703659382787E7
    },
    "vm.memory.pools.Eden-Space.used.window.1h" : {
      "count" : 6,
      "max" : 70105080,
      "mean" : 3.2356528E7,
      "min" : 8077160,
      "p50" : 2.536226E7,
      "p75" : 5.5098696E7,
      "p95" : 7.010508E7,
      "p98" : 7.010508E7,
      "p99" : 7.010508E7,
      "p999" : 7.010508E7,
      "values" : [ 8077160, 15135840, 21913248, 28811272, 50096568, 70105080 ],
      "stddev" : 2.3440703659382787E7
    },
    "vm.memory.pools.Eden-Space.used.window.5m" : {
      "count" : 6,
      "max" : 70105080,
      "mean" : 3.2356528E7,
      "min" : 8077160,
      "p50" : 2.536226E7,
      "p75" : 5.5098696E7,
      "p95" : 7.010508E7,
      "p98" : 7.010508E7,
      "p99" : 7.010508E7,
      "p999" : 7.010508E7,
      "values" : [ 8077160, 15135840, 21913248, 28811272, 50096568, 70105080 ],
      "stddev" : 2.3440703659382787E7
    },
    "vm.memory.pools.Metaspace.committed.history" : {
      "count" : 6,
      "max" : 65667072,
      "mean" : 6.5629428934003085E7,
      "min" : 65404928,
      "p50" : 6.5667072E7,
      "p75" : 6.5667072E7,
      "p95" : 6.5667072E7,
      "p98" : 6.5667072E7,
      "p99" : 6.5667072E7,
      "p999" : 6.5667072E7,
      "values" : [ 65404928, 65536000, 65667072, 65667072, 65667072, 65667072 ],
      "stddev" : 80938.6262931878
    },
    "vm.memory.pools.Metaspace.committed.window.15m" : {
      "count" : 6,
      "max" : 65667072,
      "mean" : 6.5601536E7,
      "min" : 65404928,
      "p50" : 6.5667072E7,
      "p75" : 6.5667072E7,
      "p95" : 6.5667072E7,
      "p98" : 6.5667072E7,
      "p99" : 6.5667072E7,
      "p999" : 6.5667072E7,
      "values" : [ 65404928, 65536000, 65667072, 65667072, 65667072, 65667072 ],
      "stddev" : 109662.70299787435
    },
    "vm.memory.pools.Metaspace.committed.window.1h" : {
      "count" : 6,
      "max" : 65667072,
      "mean" : 6.5601536E7,
      "min" : 65404928,
      "p50" : 6.5667072E7,
      "p75" : 6.5667072E7,
      "p95" : 6.5667072E7,
      "p98" : 6.5667072E7,
      "p99" : 6.5667072E7,
      "p999" : 6.5667072E7,
      "values" : [ 65404928, 65536000, 65667072, 65667072, 65667072, 65667072 ],
      "stddev" : 109662.70299787435
    },
    "vm.memory.pools.Metaspace.committed.window.5m" : {
      "count" : 6,
      "max" : 65667072,
      "mean" : 6.5601536E7,
      "min" : 65404928,
      "p50" : 6.5667072E7,
      "p75" : 6.5667072E7,
      "p95" : 6.5667072E7,
      "p98" : 6.5667072E7,
      "p99" : 6.5667072E7,
      "p999" : 6.5667072E7,
      "values" : [ 65404928, 65536000, 65667072, 65667072, 65667072, 65667072 ],
      "stddev" : 109662.70299787435
    },
    "vm.memory.pools.Metaspace.usage.x100.history" : {
      "count" : 6,
      "max" : 92,
      "mean" : 92.0,
      "min" : 92,
      "p50" : 92.0,
      "p75" : 92.0,
      "p95" : 92.0,
      "p98" : 92.0,
      "p99" : 92.0,
      "p999" : 92.0,
      "values" : [ 92, 92, 92, 92, 92, 92 ],
      "stddev" : 0.0
    },
    "vm.memory.pools.Metaspace.usage.x100.window.15m" : {
      "count" : 6,
      "max" : 92,
      "mean" : 92.0,
      "min" : 92,
      "p50" : 92.0,
      "p75" : 92.0,
      "p95" : 92.0,
      "p98" : 92.0,
      "p99" : 92.0,
      "p999" : 92.0,
      "values" : [ 92, 92, 92, 92, 92, 92 ],
      "stddev" : 0.0
    },
    "vm.memory.pools.Metaspace.usage.x100.window.1h" : {
      "count" : 6,
      "max" : 92,
      "mean" : 92.0,
      "min" : 92,
      "p50" : 92.0,
      "p75" : 92.0,
      "p95" : 92.0,
      "p98" : 92.0,
      "p99" : 92.0,
      "p999" : 92.0,
      "values" : [ 92, 92, 92, 92, 92, 92 ],
      "stddev" : 0.0
    },
    "vm.memory.pools.Metaspace.usage.x100.window.5m" : {
      "count" : 6,
      "max" : 92,
      "mean" : 92.0,
      "min" : 92,
      "p50" : 92.0,
      "p75" : 92.0,
      "p95" : 92.0,
      "p98" : 92.0,
      "p99" : 92.0,
      "p999" : 92.0,
      "values" : [ 92, 92, 92, 92, 92, 92 ],
      "stddev" : 0.0
    },
    "vm.memory.pools.Metaspace.used.history" : {
      "count" : 6,
      "max" : 60464624,
      "mean" : 6.042623713581174E7,
      "min" : 60216872,
      "p50" : 6.0451544E7,
      "p75" : 6.0464624E7,
      "p95" : 6.0464624E7,
      "p98" : 6.0464624E7,
      "p99" : 6.0464624E7,
      "p999" : 6.0464624E7,
      "values" : [ 60216872, 60390808, 60431000, 60451544, 60458080, 60464624 ],
      "stddev" : 68882.19389241449
    },
    "vm.memory.pools.Metaspace.used.window.15m" : {
      "count" : 6,
      "max" : 60464624,
      "mean" : 6.0402154666666664E7,
      "min" : 60216872,
      "p50" : 6.0441272E7,
      "p75" : 6.0459716E7,
      "p95" : 6.0464624E7,
      "p98" : 6.0464624E7,
      "p99" : 6.0464624E7,
      "p999" : 6.0464624E7,
      "values" : [ 60216872, 60390808, 60431000, 60451544, 60458080, 60464624 ],
      "stddev" : 94614.83332895888
    },
    "vm.memory.pools.Metaspace.used.window.1h" : {
      "count" : 6,
      "max" : 60464624,
      "mean" : 6.0402154666666664E7,
      "min" : 60216872,
      "p50" : 6.0441272E7,
      "p75" : 6.0459716E7,
      "p95" : 6.0464624E7,
      "p98" : 6.0464624E7,
      "p99" : 6.0464624E7,
      "p999" : 6.0464624E7,
      "values" : [ 60216872, 60390808, 60431000, 60451544, 60458080, 60464624 ],
      "stddev" : 94614.83332895888
    },
    "vm.memory.pools.Metaspace.used.window.5m" : {
      "count" : 6,
      "max" : 60464624,
      "mean" : 6.0402154666666664E7,
      "min" : 60216872,
      "p50" : 6.0441272E7,
      "p75" : 6.0459716E7,
      "p95" : 6.0464624E7,
      "p98" : 6.0464624E7,
      "p99" : 6.0464624E7,
      "p999" : 6.0464624E7,
      "values" : [ 60216872, 60390808, 60431000, 60451544, 60458080, 60464624 ],
      "stddev" : 94614.83332895888
    },
    "vm.memory.pools.Survivor-Space.committed.history" : {
      "count" : 6,
      "max" : 8912896,
      "mean" : 8912896.0,
      "min" : 8912896,
      "p50" : 8912896.0,
      "p75" : 8912896.0,
      "p95" : 8912896.0,
      "p98" : 8912896.0,
      "p99" : 8912896.0,
      "p999" : 8912896.0,
      "values" : [ 8912896, 8912896, 8912896, 8912896, 8912896, 8912896 ],
      "stddev" : 0.0
    },
    "vm.memory.pools.Survivor-Space.committed.window.15m" : {
      "count" : 6,
      "max" : 8912896,
      "mean" : 8912896.0,
      "min" : 8912896,
      "p50" : 8912896.0,
      "p75" : 8912896.0,
      "p95" : 8912896.0,
      "p98" : 8912896.0,
      "p99" : 8912896.0,
      "p999" : 8912896.0,
      "values" : [ 8912896, 8912896, 8912896, 8912896, 8912896, 8912896 ],
      "stddev" : 0.0
    },
    "vm.memory.pools.Survivor-Space.committed.window.1h" : {
      "count" : 6,
      "max" : 8912896,
      "mean" : 8912896.0,
      "min" : 8912896,
      "p50" : 8912896.0,
      "p75" : 8912896.0,
      "p95" : 8912896.0,
      "p98" : 8912896.0,
      "p99" : 8912896.0,
      "p999" : 8912896.0,
      "values" : [ 8912896, 8912896, 8912896, 8912896, 8912896, 8912896 ],
      "stddev" : 0.0
    },
    "vm.memory.pools.Survivor-Space.committed.window.5m" : {
      "count" : 6,
      "max" : 8912896,
      "mean" : 8912896.0,
      "min" : 8912896,
      "p50" : 8912896.0,
      "p75" : 8912896.0,
      "p95" : 8912896.0,
      "p98" : 8912896.0,
      "p99" : 8912896.0,
      "p999" : 8912896.0,
      "values" : [ 8912896, 8912896, 8912896, 8912896, 8912896, 8912896 ],
      "stddev" : 0.0
    },
    "vm.memory.pools.Survivor-Space.usage.x100.history" : {
      "count" : 6,
      "max" : 18,
      "mean" : 16.056486864558693,
      "min" : 1,
      "p50" : 18.0,
      "p75" : 18.0,
      "p95" : 18.0,
      "p98" : 18.0,
      "p99" : 18.0,
      "p999" : 18.0,
      "values" : [ 1, 14, 18, 18, 18, 18 ],
      "stddev" : 4.848921589141434
    },
    "vm.memory.pools.Survivor-Space.usage.x100.window.15m" : {
      "count" : 6,
      "max" : 18,
      "mean" : 14.5,
      "min" : 1,
      "p50" : 18.0,
      "p75" : 18.0,
      "p95" : 18.0,
      "p98" : 18.0,
      "p99" : 18.0,
      "p999" : 18.0,
      "values" : [ 1, 14, 18, 18, 18, 18 ],
      "stddev" : 6.8044103344816
    },
    "vm.memory.pools.Survivor-Space.usage.x100.window.1h" : {
      "count" : 6,
      "max" : 18,
      "mean" : 14.5,
      "min" : 1,
      "p50" : 18.0,
      "p75" : 18.0,
      "p95" : 18.0,
      "p98" : 18.0,
      "p99" : 18.0,
      "p999" : 18.0,
      "values" : [ 1, 14, 18, 18, 18, 18 ],
      "stddev" : 6.8044103344816
    },
    "vm.memory.pools.Survivor-Space.usage.x100.window.5m" : {
      "count" : 6,
      "max" : 18,
      "mean" : 14.5,
      "min" : 1,
      "p50" : 18.0,
      "p75" : 18.0,
      "p95" : 18.0,
      "p98" : 18.0,
      "p99" : 18.0,
      "p999" : 18.0,
      "values" : [ 1, 14, 18, 18, 18, 18 ],
      "stddev" : 6.8044103344816
    },
    "vm.memory.pools.Survivor-Space.used.history" : {
      "count" : 6,
      "max" : 6446928,
      "mean" : 5755963.674366716,
      "min" : 458016,
      "p50" : 6446928.0,
      "p75" : 6446928.0,
      "p95" : 6446928.0,
      "p98" : 6446928.0,
      "p99" : 6446928.0,
      "p999" : 6446928.0,
      "values" : [ 458016, 4980928, 6446928, 6446928, 6446928, 6446928 ],
      "stddev" : 1710978.2822883746
    },
    "vm.memory.pools.Survivor-Space.used.window.15m" : {
      "count" : 6,
      "max" : 6446928,
      "mean" : 5204442.666666667,
      "min" : 458016,
      "p50" : 6446928.0,
      "p75" : 6446928.0,
      "p95" : 6446928.0,
      "p98" : 6446928.0,
      "p99" : 6446928.0,
      "p999" : 6446928.0,
      "values" : [ 458016, 4980928, 6446928, 6446928, 6446928, 6446928 ],
      "stddev" : 2398066.0592424613
    },
    "vm.memory.pools.Survivor-Space.used.window.1h" : {
      "count" : 6,
      "max" : 6446928,
      "mean" : 5204442.666666667,
      "min" : 458016,
      "p50" : 6446928.0,
      "p75" : 6446928.0,
      "p95" : 6446928.0,
      "p98" : 6446928.0,
      "p99" : 6446928.0,
      "p999" : 6446928.0,
      "values" : [ 458016, 4980928, 6446928, 6446928, 6446928, 6446928 ],
      "stddev" : 2398066.0592424613
    },
    "vm.memory.pools.Survivor-Space.used.window.5m" : {
      "count" : 6,
      "max" : 6446928,
      "mean" : 5204442.666666667,
      "min" : 458016,
      "p50" : 6446928.0,
      "p75" : 6446928.0,
      "p95" : 6446928.0,
      "p98" : 6446928.0,
      "p99" : 6446928.0,
      "p999" : 6446928.0,
      "values" : [ 458016, 4980928, 6446928, 6446928, 6446928, 6446928 ],
      "stddev" : 2398066.0592424613
    },
    "vm.memory.pools.Tenured-Gen.committed.history" : {
      "count" : 6,
      "max" : 178978816,
      "mean" : 1.78978816E8,
      "min" : 178978816,
      "p50" : 1.78978816E8,
      "p75" : 1.78978816E8,
      "p95" : 1.78978816E8,
      "p98" : 1.78978816E8,
      "p99" : 1.78978816E8,
      "p999" : 1.78978816E8,
      "values" : [ 178978816, 178978816, 178978816, 178978816, 178978816, 178978816 ],
      "stddev" : 0.0
    },
    "vm.memory.pools.Tenured-Gen.committed.window.15m" : {
      "count" : 6,
      "max" : 178978816,
      "mean" : 1.78978816E8,
      "min" : 178978816,
      "p50" : 1.78978816E8,
      "p75" : 1.78978816E8,
      "p95" : 1.78978816E8,
      "p98" : 1.78978816E8,
      "p99" : 1.78978816E8,
      "p999" : 1.78978816E8,
      "values" : [ 178978816, 178978816, 178978816, 178978816, 178978816, 178978816 ],
      "stddev" : 0.0
    },
    "vm.memory.pools.Tenured-Gen.committed.window.1h" : {
      "count" : 6,
      "max" : 178978816,
      "mean" : 1.78978816E8,
      "min" : 178978816,
      "p50" : 1.78978816E8,
      "p75" : 1.78978816E8,
      "p95" : 1.78978816E8,
      "p98" : 1.78978816E8,
      "p99" : 1.78978816E8,
      "p999" : 1.78978816E8,
      "values" : [ 178978816, 178978816, 178978816, 178978816, 178978816, 178978816 ],
      "stddev" : 0.0
    },
    "vm.memory.pools.Tenured-Gen.committed.window.5m" : {
      "count" : 6,
      "max" : 178978816,
      "mean" : 1.78978816E8,
      "min" : 178978816,
      "p50" : 1.78978816E8,
      "p75" : 1.78978816E8,
      "p95" : 1.78978816E8,
      "p98" : 1.78978816E8,
      "p99" : 1.78978816E8,
      "p999" : 1.78978816E8,
      "values" : [ 178978816, 178978816, 178978816, 178978816, 178978816, 178978816 ],
      "stddev" : 0.0
    },
    "vm.memory.pools.Tenured-Gen.usage.x100.history" : {
      "count" : 6,
      "max" : 17,
      "mean" : 16.71280619814373,
      "min" : 15,
      "p50" : 17.0,
      "p75" : 17.0,
      "p95" : 17.0,
      "p98" : 17.0,
      "p99" : 17.0,
      "p999" : 17.0,
      "values" : [ 15, 16, 17, 17, 17, 17 ],
      "stddev" : 0.6175127128081345
    },
    "vm.memory.pools.Tenured-Gen.usage.x100.window.15m" : {
      "count" : 6,
      "max" : 17,
      "mean" : 16.5,
      "min" : 15,
      "p50" : 17.0,
      "p75" : 17.0,
      "p95" : 17.0,
      "p98" : 17.0,
      "p99" : 17.0,
      "p999" : 17.0,
      "values" : [ 15, 16, 17, 17, 17, 17 ],
      "stddev" : 0.8366600265340756
    },
    "vm.memory.pools.Tenured-Gen.usage.x100.window.1h" : {
      "count" : 6,
      "max" : 17,
      "mean" : 16.5,
      "min" : 15,
      "p50" : 17.0,
      "p75" : 17.0,
      "p95" : 17.0,
      "p98" : 17.0,
      "p99" : 17.0,
      "p999" : 17.0,
      "values" : [ 15, 16, 17, 17, 17, 17 ],
      "stddev" : 0.8366600265340756
    },
    "vm.memory.pools.Tenured-Gen.usage.x100.window.5m" : {
      "count" : 6,
      "max" : 17,
      "mean" : 16.5,
      "min" : 15,
      "p50" : 17.0,
      "p75" : 17.0,
      "p95" : 17.0,
      "p98" : 17.0,
      "p99" : 17.0,
      "p999" : 17.0,
      "values" : [ 15, 16, 17, 17, 17, 17 ],
      "stddev" : 0.8366600265340756
    },
    "vm.memory.pools.Tenured-Gen.used.history" : {
      "count" : 6,
      "max" : 118259832,
      "mean" : 1.1706353708444932E8,
      "min" : 105707280,
      "p50" : 1.18259832E8,
      "p75" : 1.18259832E8,
      "p95" : 1.18259832E8,
      "p98" : 1.18259832E8,
      "p99" : 1.18259832E8,
      "p999" : 1.18259832E8,
      "values" : [ 105707280, 117465408, 118259832, 118259832, 118259832, 118259832 ],
      "stddev" : 3542945.296481282
    },
    "vm.memory.pools.Tenured-Gen.used.window.15m" : {
      "count" : 6,
      "max" : 118259832,
      "mean" : 1.16035336E8,
      "min" : 105707280,
      "p50" : 1.18259832E8,
      "p75" : 1.18259832E8,
      "p95" : 1.18259832E8,
      "p98" : 1.18259832E8,
      "p99" : 1.18259832E8,
      "p999" : 1.18259832E8,
      "values" : [ 105707280, 117465408, 118259832, 118259832, 118259832, 118259832 ],
      "stddev" : 5069662.246745517
    },
    "vm.memory.pools.Tenured-Gen.used.window.1h" : {
      "count" : 6,
      "max" : 118259832,
      "mean" : 1.16035336E8,
      "min" : 105707280,
      "p50" : 1.18259832E8,
      "p75" : 1.18259832E8,
      "p95" : 1.18259832E8,
      "p98" : 1.18259832E8,
      "p99" : 1.18259832E8,
      "p999" : 1.18259832E8,
      "values" : [ 105707280, 117465408, 118259832, 118259832, 118259832, 118259832 ],
      "stddev" : 5069662.246745517
    },
    "vm.memory.pools.Tenured-Gen.used.window.5m" : {
      "count" : 6,
      "max" : 118259832,
      "mean" : 1.16035336E8,
      "min" : 105707280,
      "p50" : 1.18259832E8,
      "p75" : 1.18259832E8,
      "p95" : 1.18259832E8,
      "p98" : 1.18259832E8,
      "p99" : 1.18259832E8,
      "p999" : 1.18259832E8,
      "values" : [ 105707280, 117465408, 118259832, 118259832, 118259832, 118259832 ],
      "stddev" : 5069662.246745517
    },
    "vm.memory.total.committed.history" : {
      "count" : 6,
      "max" : 335478784,
      "mean" : 3.354411409340031E8,
      "min" : 335216640,
      "p50" : 3.35478784E8,
      "p75" : 3.35478784E8,
      "p95" : 3.35478784E8,
      "p98" : 3.35478784E8,
      "p99" : 3.35478784E8,
      "p999" : 3.35478784E8,
      "values" : [ 335216640, 335347712, 335478784, 335478784, 335478784, 335478784 ],
      "stddev" : 80938.62629318782
    },
    "vm.memory.total.committed.window.15m" : {
      "count" : 6,
      "max" : 335478784,
      "mean" : 3.35413248E8,
      "min" : 335216640,
      "p50" : 3.35478784E8,
      "p75" : 3.35478784E8,
      "p95" : 3.35478784E8,
      "p98" : 3.35478784E8,
      "p99" : 3.35478784E8,
      "p999" : 3.35478784E8,
      "values" : [ 335216640, 335347712, 335478784, 335478784, 335478784, 335478784 ],
      "stddev" : 109662.70299787435
    },
    "vm.memory.total.committed.window.1h" : {
      "count" : 6,
      "max" : 335478784,
      "mean" : 3.35413248E8,
      "min" : 335216640,
      "p50" : 3.35478784E8,
      "p75" : 3.35478784E8,
      "p95" : 3.35478784E8,
      "p98" : 3.35478784E8,
      "p99" : 3.35478784E8,
      "p999" : 3.35478784E8,
      "values" : [ 335216640, 335347712, 335478784, 335478784, 335478784, 335478784 ],
      "stddev" : 109662.70299787435
    },
    "vm.memory.total.committed.window.5m" : {
      "count" : 6,
      "max" : 335478784,
      "mean" : 3.35413248E8,
      "min" : 335216640,
      "p50" : 3.35478784E8,
      "p75" : 3.35478784E8,
      "p95" : 3.35478784E8,
      "p98" : 3.35478784E8,
      "p99" : 3.35478784E8,
      "p999" : 3.35478784E8,
      "values" : [ 335216640, 335347712, 335478784, 335478784, 335478784, 335478784 ],
      "stddev" : 109662.70299787435
    },
    "vm.memory.total.used.history" : {
      "count" : 6,
      "max" : 258631760,
      "mean" : 2.1758413661984015E8,
      "min" : 199058312,
      "p50" : 2.1308692E8,
      "p75" : 2.19999104E8,
      "p95" : 2.5863176E8,
      "p98" : 2.5863176E8,
      "p99" : 2.5863176E8,
      "p999" : 2.5863176E8,
      "values" : [ 199058312, 206253760, 213086920, 219999104, 221109520, 258631760 ],
      "stddev" : 1.6223364359309616E7
    },
    "vm.memory.total.used.window.15m" : {
      "count" : 6,
      "max" : 258631760,
      "mean" : 2.19689896E8,
      "min" : 199058312,
      "p50" : 2.16543012E8,
      "p75" : 2.3049008E8,
      "p95" : 2.5863176E8,
      "p98" : 2.5863176E8,
      "p99" : 2.5863176E8,
      "p999" : 2.5863176E8,
      "values" : [ 199058312, 206253760, 213086920, 219999104, 221109520, 258631760 ],
      "stddev" : 2.082484580830919E7
    },
    "vm.memory.total.used.window.1h" : {
      "count" : 6,
      "max" : 258631760,
      "mean" : 2.19689896E8,
      "min" : 199058312,
      "p50" : 2.16543012E8,
      "p75" : 2.3049008E8,
      "p95" : 2.5863176E8,
      "p98" : 2.5863176E8,
      "p99" : 2.5863176E8,
      "p999" : 2.5863176E8,
      "values" : [ 199058312, 206253760, 213086920, 219999104, 221109520, 258631760 ],
      "stddev" : 2.082484580830919E7
    },
    "vm.memory.total.used.window.5m" : {
      "count" : 6,
      "max" : 258631760,
      "mean" : 2.19689896E8,
      "min" : 199058312,
      "p50" : 2.16543012E8,
      "p75" : 2.3049008E8,
      "p95" : 2.5863176E8,
      "p98" : 2.5863176E8,
      "p99" : 2.5863176E8,
      "p999" : 2.5863176E8,
      "values" : [ 199058312, 206253760, 213086920, 219999104, 221109520, 258631760 ],
      "stddev" : 2.082484580830919E7
    }
  },
  "meters" : {
    "http.responseCodes.badRequest" : {
      "count" : 0,
      "m15_rate" : 0.0,
      "m1_rate" : 0.0,
      "m5_rate" : 0.0,
      "mean_rate" : 0.0,
      "units" : "events/minute"
    },
    "http.responseCodes.created" : {
      "count" : 0,
      "m15_rate" : 0.0,
      "m1_rate" : 0.0,
      "m5_rate" : 0.0,
      "mean_rate" : 0.0,
      "units" : "events/minute"
    },
    "http.responseCodes.forbidden" : {
      "count" : 0,
      "m15_rate" : 0.0,
      "m1_rate" : 0.0,
      "m5_rate" : 0.0,
      "mean_rate" : 0.0,
      "units" : "events/minute"
    },
    "http.responseCodes.noContent" : {
      "count" : 0,
      "m15_rate" : 0.0,
      "m1_rate" : 0.0,
      "m5_rate" : 0.0,
      "mean_rate" : 0.0,
      "units" : "events/minute"
    },
    "http.responseCodes.notFound" : {
      "count" : 0,
      "m15_rate" : 0.0,
      "m1_rate" : 0.0,
      "m5_rate" : 0.0,
      "mean_rate" : 0.0,
      "units" : "events/minute"
    },
    "http.responseCodes.notModified" : {
      "count" : 2,
      "m15_rate" : 0.12031048384262426,
      "m1_rate" : 0.42817206164449345,
      "m5_rate" : 0.29387155608779847,
      "mean_rate" : 1.078212783494004,
      "units" : "events/minute"
    },
    "http.responseCodes.ok" : {
      "count" : 119,
      "m15_rate" : 7.27812754993225,
      "m1_rate" : 36.48843648678168,
      "m5_rate" : 18.42591008620789,
      "mean_rate" : 64.15366298124599,
      "units" : "events/minute"
    },
    "http.responseCodes.other" : {
      "count" : 0,
      "m15_rate" : 0.0,
      "m1_rate" : 0.0,
      "m5_rate" : 0.0,
      "mean_rate" : 0.0,
      "units" : "events/minute"
    },
    "http.responseCodes.serverError" : {
      "count" : 0,
      "m15_rate" : 0.0,
      "m1_rate" : 0.0,
      "m5_rate" : 0.0,
      "mean_rate" : 0.0,
      "units" : "events/minute"
    },
    "http.responseCodes.serviceUnavailable" : {
      "count" : 3,
      "m15_rate" : 0.17847164974845517,
      "m1_rate" : 0.5436597379362019,
      "m5_rate" : 0.4263559507827295,
      "mean_rate" : 1.61731827572401,
      "units" : "events/minute"
    },
    "jenkins.job.scheduled" : {
      "count" : 0,
      "m15_rate" : 0.0,
      "m1_rate" : 0.0,
      "m5_rate" : 0.0,
      "mean_rate" : 0.0,
      "units" : "events/minute"
    },
    "jenkins.runs.aborted" : {
      "count" : 0,
      "m15_rate" : 0.0,
      "m1_rate" : 0.0,
      "m5_rate" : 0.0,
      "mean_rate" : 0.0,
      "units" : "events/minute"
    },
    "jenkins.runs.failure" : {
      "count" : 0,
      "m15_rate" : 0.0,
      "m1_rate" : 0.0,
      "m5_rate" : 0.0,
      "mean_rate" : 0.0,
      "units" : "events/minute"
    },
    "jenkins.runs.not_built" : {
      "count" : 0,
      "m15_rate" : 0.0,
      "m1_rate" : 0.0,
      "m5_rate" : 0.0,
      "mean_rate" : 0.0,
      "units" : "events/minute"
    },
    "jenkins.runs.success" : {
      "count" : 0,
      "m15_rate" : 0.0,
      "m1_rate" : 0.0,
      "m5_rate" : 0.0,
      "mean_rate" : 0.0,
      "units" : "events/minute"
    },
    "jenkins.runs.total" : {
      "count" : 0,
      "m15_rate" : 0.0,
      "m1_rate" : 0.0,
      "m5_rate" : 0.0,
      "mean_rate" : 0.0,
      "units" : "events/minute"
    },
    "jenkins.runs.unstable" : {
      "count" : 0,
      "m15_rate" : 0.0,
      "m1_rate" : 0.0,
      "m5_rate" : 0.0,
      "mean_rate" : 0.0,
      "units" : "events/minute"
    },
    "jenkins.task.scheduled" : {
      "count" : 0,
      "m15_rate" : 0.0,
      "m1_rate" : 0.0,
      "m5_rate" : 0.0,
      "mean_rate" : 0.0,
      "units" : "events/minute"
    }
  },
  "timers" : {
    "http.requests" : {
      "count" : 124,
      "max" : 7.7922324000000005,
      "mean" : 0.11354388935620884,
      "min" : 0.001231,
      "p50" : 0.0139483,
      "p75" : 0.0165953,
      "p95" : 0.0640634,
      "p98" : 2.4633950000000002,
      "p99" : 3.4003680000000003,
      "p999" : 7.7922324000000005,
      "values" : [ 0.001231, 0.002424, 0.0088708, 0.0090834, 0.0091354, 0.0091982, 0.0092446, 0.0092815, 0.009309300000000001, 0.0093106, 0.009319500000000001, 0.0093542, 0.0093632, 0.009372700000000001, 0.009380000000000001, 0.009395800000000001, 0.0094008, 0.0094299, 0.009460000000000001, 0.0095815, 0.0095892, 0.009646100000000001, 0.0096503, 0.009676, 0.009719700000000001, 0.0097354, 0.0097389, 0.0099678, 0.0100494, 0.0101396, 0.010142100000000001, 0.010167200000000001, 0.010181500000000001, 0.0104895, 0.0105923, 0.010604200000000001, 0.010965200000000001, 0.0113708, 0.011416, 0.0114737, 0.0115793, 0.0116288, 0.0116646, 0.0118556, 0.011977100000000001, 0.011988700000000001, 0.012026, 0.0130769, 0.0131611, 0.013273900000000002, 0.0133007, 0.0133404, 0.013393100000000002, 0.013491000000000001, 0.013759400000000001, 0.0139483, 0.0140666, 0.014068500000000001, 0.014285500000000001, 0.0142944, 0.0142956, 0.014296000000000001, 0.0143663, 0.014396200000000001, 0.014401800000000001, 0.014556500000000002, 0.014637, 0.014656200000000001, 0.014727400000000002, 0.014783500000000002, 0.014785000000000001, 0.014874, 0.0148838, 0.015369, 0.01544, 0.015441000000000002, 0.015447500000000001, 0.0156325, 0.016074, 0.0162693, 0.0164947, 0.016537800000000002, 0.0165614, 0.0165953, 0.0169275, 0.0170043, 0.017036700000000002, 0.017187, 0.017255700000000002, 0.0174009, 0.0176385, 0.0180774, 0.0182042, 0.0183953, 0.019397, 0.0195274, 0.0198646, 0.020115300000000003, 0.020337, 0.0223713, 0.023093000000000002, 0.0232334, 0.023493200000000002, 0.024492, 0.024899400000000002, 0.0251474, 0.025879100000000002, 0.0268246, 0.027538100000000003, 0.030540300000000003, 0.035196200000000004, 0.035285500000000004, 0.0399368, 0.0404366, 0.0495302, 0.0640634, 0.2376724, 0.2993654, 0.3201431, 0.3253802, 2.4633950000000002, 3.4002507000000004, 3.4003680000000003, 7.7922324000000005 ],
      "stddev" : 0.6858865785093957,
      "m15_rate" : 7.576909683523329,
      "m1_rate" : 37.46026828636237,
      "m5_rate" : 19.146137593078407,
      "mean_rate" : 66.8503966555257,
      "duration_units" : "seconds",
      "rate_units" : "calls/minute"
    },
    "jenkins.health-check.duration" : {
      "count" : 2,
      "max" : 0.0033139000000000003,
      "mean" : 0.001468701660887065,
      "min" : 7.185000000000001E-4,
      "p50" : 7.185000000000001E-4,
      "p75" : 0.0033139000000000003,
      "p95" : 0.0033139000000000003,
      "p98" : 0.0033139000000000003,
      "p99" : 0.0033139000000000003,
      "p999" : 0.0033139000000000003,
      "values" : [ 7.185000000000001E-4, 0.0033139000000000003 ],
      "stddev" : 0.001176550406344147,
      "m15_rate" : 0.12796314982601145,
      "m1_rate" : 1.2074986911702439,
      "m5_rate" : 0.35476933225080565,
      "mean_rate" : 1.1871757488518386,
      "duration_units" : "seconds",
      "rate_units" : "calls/minute"
    },
    "jenkins.job.blocked.duration" : {
      "count" : 0,
      "max" : 0.0,
      "mean" : 0.0,
      "min" : 0.0,
      "p50" : 0.0,
      "p75" : 0.0,
      "p95" : 0.0,
      "p98" : 0.0,
      "p99" : 0.0,
      "p999" : 0.0,
      "values" : [ ],
      "stddev" : 0.0,
      "m15_rate" : 0.0,
      "m1_rate" : 0.0,
      "m5_rate" : 0.0,
      "mean_rate" : 0.0,
      "duration_units" : "seconds",
      "rate_units" : "calls/minute"
    },
    "jenkins.job.buildable.duration" : {
      "count" : 0,
      "max" : 0.0,
      "mean" : 0.0,
      "min" : 0.0,
      "p50" : 0.0,
      "p75" : 0.0,
      "p95" : 0.0,
      "p98" : 0.0,
      "p99" : 0.0,
      "p999" : 0.0,
      "values" : [ ],
      "stddev" : 0.0,
      "m15_rate" : 0.0,
      "m1_rate" : 0.0,
      "m5_rate" : 0.0,
      "mean_rate" : 0.0,
      "duration_units" : "seconds",
      "rate_units" : "calls/minute"
    },
    "jenkins.job.building.duration" : {
      "count" : 0,
      "max" : 0.0,
      "mean" : 0.0,
      "min" : 0.0,
      "p50" : 0.0,
      "p75" : 0.0,
      "p95" : 0.0,
      "p98" : 0.0,
      "p99" : 0.0,
      "p999" : 0.0,
      "values" : [ ],
      "stddev" : 0.0,
      "m15_rate" : 0.0,
      "m1_rate" : 0.0,
      "m5_rate" : 0.0,
      "mean_rate" : 0.0,
      "duration_units" : "seconds",
      "rate_units" : "calls/minute"
    },
    "jenkins.job.execution.time" : {
      "count" : 0,
      "max" : 0.0,
      "mean" : 0.0,
      "min" : 0.0,
      "p50" : 0.0,
      "p75" : 0.0,
      "p95" : 0.0,
      "p98" : 0.0,
      "p99" : 0.0,
      "p999" : 0.0,
      "values" : [ ],
      "stddev" : 0.0,
      "m15_rate" : 0.0,
      "m1_rate" : 0.0,
      "m5_rate" : 0.0,
      "mean_rate" : 0.0,
      "duration_units" : "seconds",
      "rate_units" : "calls/minute"
    },
    "jenkins.job.queuing.duration" : {
      "count" : 0,
      "max" : 0.0,
      "mean" : 0.0,
      "min" : 0.0,
      "p50" : 0.0,
      "p75" : 0.0,
      "p95" : 0.0,
      "p98" : 0.0,
      "p99" : 0.0,
      "p999" : 0.0,
      "values" : [ ],
      "stddev" : 0.0,
      "m15_rate" : 0.0,
      "m1_rate" : 0.0,
      "m5_rate" : 0.0,
      "mean_rate" : 0.0,
      "duration_units" : "seconds",
      "rate_units" : "calls/minute"
    },
    "jenkins.job.total.duration" : {
      "count" : 0,
      "max" : 0.0,
      "mean" : 0.0,
      "min" : 0.0,
      "p50" : 0.0,
      "p75" : 0.0,
      "p95" : 0.0,
      "p98" : 0.0,
      "p99" : 0.0,
      "p999" : 0.0,
      "values" : [ ],
      "stddev" : 0.0,
      "m15_rate" : 0.0,
      "m1_rate" : 0.0,
      "m5_rate" : 0.0,
      "mean_rate" : 0.0,
      "duration_units" : "seconds",
      "rate_units" : "calls/minute"
    },
    "jenkins.job.waiting.duration" : {
      "count" : 0,
      "max" : 0.0,
      "mean" : 0.0,
      "min" : 0.0,
      "p50" : 0.0,
      "p75" : 0.0,
      "p95" : 0.0,
      "p98" : 0.0,
      "p99" : 0.0,
      "p999" : 0.0,
      "values" : [ ],
      "stddev" : 0.0,
      "m15_rate" : 0.0,
      "m1_rate" : 0.0,
      "m5_rate" : 0.0,
      "mean_rate" : 0.0,
      "duration_units" : "seconds",
      "rate_units" : "calls/minute"
    },
    "jenkins.node.BoBo.builds" : {
      "count" : 0,
      "max" : 0.0,
      "mean" : 0.0,
      "min" : 0.0,
      "p50" : 0.0,
      "p75" : 0.0,
      "p95" : 0.0,
      "p98" : 0.0,
      "p99" : 0.0,
      "p999" : 0.0,
      "values" : [ ],
      "stddev" : 0.0,
      "m15_rate" : 0.0,
      "m1_rate" : 0.0,
      "m5_rate" : 0.0,
      "mean_rate" : 0.0,
      "duration_units" : "seconds",
      "rate_units" : "calls/minute"
    },
    "jenkins.node.PC Art.builds" : {
      "count" : 0,
      "max" : 0.0,
      "mean" : 0.0,
      "min" : 0.0,
      "p50" : 0.0,
      "p75" : 0.0,
      "p95" : 0.0,
      "p98" : 0.0,
      "p99" : 0.0,
      "p999" : 0.0,
      "values" : [ ],
      "stddev" : 0.0,
      "m15_rate" : 0.0,
      "m1_rate" : 0.0,
      "m5_rate" : 0.0,
      "mean_rate" : 0.0,
      "duration_units" : "seconds",
      "rate_units" : "calls/minute"
    },
    "jenkins.node.PC130.builds" : {
      "count" : 0,
      "max" : 0.0,
      "mean" : 0.0,
      "min" : 0.0,
      "p50" : 0.0,
      "p75" : 0.0,
      "p95" : 0.0,
      "p98" : 0.0,
      "p99" : 0.0,
      "p999" : 0.0,
      "values" : [ ],
      "stddev" : 0.0,
      "m15_rate" : 0.0,
      "m1_rate" : 0.0,
      "m5_rate" : 0.0,
      "mean_rate" : 0.0,
      "duration_units" : "seconds",
      "rate_units" : "calls/minute"
    },
    "jenkins.node.PC147.builds" : {
      "count" : 0,
      "max" : 0.0,
      "mean" : 0.0,
      "min" : 0.0,
      "p50" : 0.0,
      "p75" : 0.0,
      "p95" : 0.0,
      "p98" : 0.0,
      "p99" : 0.0,
      "p999" : 0.0,
      "values" : [ ],
      "stddev" : 0.0,
      "m15_rate" : 0.0,
      "m1_rate" : 0.0,
      "m5_rate" : 0.0,
      "mean_rate" : 0.0,
      "duration_units" : "seconds",
      "rate_units" : "calls/minute"
    },
    "jenkins.node.PC159.builds" : {
      "count" : 0,
      "max" : 0.0,
      "mean" : 0.0,
      "min" : 0.0,
      "p50" : 0.0,
      "p75" : 0.0,
      "p95" : 0.0,
      "p98" : 0.0,
      "p99" : 0.0,
      "p999" : 0.0,
      "values" : [ ],
      "stddev" : 0.0,
      "m15_rate" : 0.0,
      "m1_rate" : 0.0,
      "m5_rate" : 0.0,
      "mean_rate" : 0.0,
      "duration_units" : "seconds",
      "rate_units" : "calls/minute"
    },
    "jenkins.node.PC167.builds" : {
      "count" : 0,
      "max" : 0.0,
      "mean" : 0.0,
      "min" : 0.0,
      "p50" : 0.0,
      "p75" : 0.0,
      "p95" : 0.0,
      "p98" : 0.0,
      "p99" : 0.0,
      "p999" : 0.0,
      "values" : [ ],
      "stddev" : 0.0,
      "m15_rate" : 0.0,
      "m1_rate" : 0.0,
      "m5_rate" : 0.0,
      "mean_rate" : 0.0,
      "duration_units" : "seconds",
      "rate_units" : "calls/minute"
    },
    "jenkins.node.PC53.builds" : {
      "count" : 0,
      "max" : 0.0,
      "mean" : 0.0,
      "min" : 0.0,
      "p50" : 0.0,
      "p75" : 0.0,
      "p95" : 0.0,
      "p98" : 0.0,
      "p99" : 0.0,
      "p999" : 0.0,
      "values" : [ ],
      "stddev" : 0.0,
      "m15_rate" : 0.0,
      "m1_rate" : 0.0,
      "m5_rate" : 0.0,
      "mean_rate" : 0.0,
      "duration_units" : "seconds",
      "rate_units" : "calls/minute"
    },
    "jenkins.node.PC69.builds" : {
      "count" : 0,
      "max" : 0.0,
      "mean" : 0.0,
      "min" : 0.0,
      "p50" : 0.0,
      "p75" : 0.0,
      "p95" : 0.0,
      "p98" : 0.0,
      "p99" : 0.0,
      "p999" : 0.0,
      "values" : [ ],
      "stddev" : 0.0,
      "m15_rate" : 0.0,
      "m1_rate" : 0.0,
      "m5_rate" : 0.0,
      "mean_rate" : 0.0,
      "duration_units" : "seconds",
      "rate_units" : "calls/minute"
    },
    "jenkins.node.PC_Might.builds" : {
      "count" : 0,
      "max" : 0.0,
      "mean" : 0.0,
      "min" : 0.0,
      "p50" : 0.0,
      "p75" : 0.0,
      "p95" : 0.0,
      "p98" : 0.0,
      "p99" : 0.0,
      "p999" : 0.0,
      "values" : [ ],
      "stddev" : 0.0,
      "m15_rate" : 0.0,
      "m1_rate" : 0.0,
      "m5_rate" : 0.0,
      "mean_rate" : 0.0,
      "duration_units" : "seconds",
      "rate_units" : "calls/minute"
    },
    "jenkins.node.Slave.builds" : {
      "count" : 0,
      "max" : 0.0,
      "mean" : 0.0,
      "min" : 0.0,
      "p50" : 0.0,
      "p75" : 0.0,
      "p95" : 0.0,
      "p98" : 0.0,
      "p99" : 0.0,
      "p999" : 0.0,
      "values" : [ ],
      "stddev" : 0.0,
      "m15_rate" : 0.0,
      "m1_rate" : 0.0,
      "m5_rate" : 0.0,
      "mean_rate" : 0.0,
      "duration_units" : "seconds",
      "rate_units" : "calls/minute"
    },
    "jenkins.node.VRLAB-DC-01.builds" : {
      "count" : 0,
      "max" : 0.0,
      "mean" : 0.0,
      "min" : 0.0,
      "p50" : 0.0,
      "p75" : 0.0,
      "p95" : 0.0,
      "p98" : 0.0,
      "p99" : 0.0,
      "p999" : 0.0,
      "values" : [ ],
      "stddev" : 0.0,
      "m15_rate" : 0.0,
      "m1_rate" : 0.0,
      "m5_rate" : 0.0,
      "mean_rate" : 0.0,
      "duration_units" : "seconds",
      "rate_units" : "calls/minute"
    },
    "jenkins.node.VRLAB320.builds" : {
      "count" : 0,
      "max" : 0.0,
      "mean" : 0.0,
      "min" : 0.0,
      "p50" : 0.0,
      "p75" : 0.0,
      "p95" : 0.0,
      "p98" : 0.0,
      "p99" : 0.0,
      "p999" : 0.0,
      "values" : [ ],
      "stddev" : 0.0,
      "m15_rate" : 0.0,
      "m1_rate" : 0.0,
      "m5_rate" : 0.0,
      "mean_rate" : 0.0,
      "duration_units" : "seconds",
      "rate_units" : "calls/minute"
    },
    "jenkins.node.VRLAB901.builds" : {
      "count" : 0,
      "max" : 0.0,
      "mean" : 0.0,
      "min" : 0.0,
      "p50" : 0.0,
      "p75" : 0.0,
      "p95" : 0.0,
      "p98" : 0.0,
      "p99" : 0.0,
      "p999" : 0.0,
      "values" : [ ],
      "stddev" : 0.0,
      "m15_rate" : 0.0,
      "m1_rate" : 0.0,
      "m5_rate" : 0.0,
      "mean_rate" : 0.0,
      "duration_units" : "seconds",
      "rate_units" : "calls/minute"
    },
    "jenkins.node.dev_t.builds" : {
      "count" : 0,
      "max" : 0.0,
      "mean" : 0.0,
      "min" : 0.0,
      "p50" : 0.0,
      "p75" : 0.0,
      "p95" : 0.0,
      "p98" : 0.0,
      "p99" : 0.0,
      "p999" : 0.0,
      "values" : [ ],
      "stddev" : 0.0,
      "m15_rate" : 0.0,
      "m1_rate" : 0.0,
      "m5_rate" : 0.0,
      "mean_rate" : 0.0,
      "duration_units" : "seconds",
      "rate_units" : "calls/minute"
    },
    "jenkins.node.mickeyck.builds" : {
      "count" : 0,
      "max" : 0.0,
      "mean" : 0.0,
      "min" : 0.0,
      "p50" : 0.0,
      "p75" : 0.0,
      "p95" : 0.0,
      "p98" : 0.0,
      "p99" : 0.0,
      "p999" : 0.0,
      "values" : [ ],
      "stddev" : 0.0,
      "m15_rate" : 0.0,
      "m1_rate" : 0.0,
      "m5_rate" : 0.0,
      "mean_rate" : 0.0,
      "duration_units" : "seconds",
      "rate_units" : "calls/minute"
    },
    "jenkins.task.blocked.duration" : {
      "count" : 0,
      "max" : 0.0,
      "mean" : 0.0,
      "min" : 0.0,
      "p50" : 0.0,
      "p75" : 0.0,
      "p95" : 0.0,
      "p98" : 0.0,
      "p99" : 0.0,
      "p999" : 0.0,
      "values" : [ ],
      "stddev" : 0.0,
      "m15_rate" : 0.0,
      "m1_rate" : 0.0,
      "m5_rate" : 0.0,
      "mean_rate" : 0.0,
      "duration_units" : "seconds",
      "rate_units" : "calls/minute"
    },
    "jenkins.task.buildable.duration" : {
      "count" : 0,
      "max" : 0.0,
      "mean" : 0.0,
      "min" : 0.0,
      "p50" : 0.0,
      "p75" : 0.0,
      "p95" : 0.0,
      "p98" : 0.0,
      "p99" : 0.0,
      "p999" : 0.0,
      "values" : [ ],
      "stddev" : 0.0,
      "m15_rate" : 0.0,
      "m1_rate" : 0.0,
      "m5_rate" : 0.0,
      "mean_rate" : 0.0,
      "duration_units" : "seconds",
      "rate_units" : "calls/minute"
    },
    "jenkins.task.execution.duration" : {
      "count" : 0,
      "max" : 0.0,
      "mean" : 0.0,
      "min" : 0.0,
      "p50" : 0.0,
      "p75" : 0.0,
      "p95" : 0.0,
      "p98" : 0.0,
      "p99" : 0.0,
      "p999" : 0.0,
      "values" : [ ],
      "stddev" : 0.0,
      "m15_rate" : 0.0,
      "m1_rate" : 0.0,
      "m5_rate" : 0.0,
      "mean_rate" : 0.0,
      "duration_units" : "seconds",
      "rate_units" : "calls/minute"
    },
    "jenkins.task.queuing.duration" : {
      "count" : 0,
      "max" : 0.0,
      "mean" : 0.0,
      "min" : 0.0,
      "p50" : 0.0,
      "p75" : 0.0,
      "p95" : 0.0,
      "p98" : 0.0,
      "p99" : 0.0,
      "p999" : 0.0,
      "values" : [ ],
      "stddev" : 0.0,
      "m15_rate" : 0.0,
      "m1_rate" : 0.0,
      "m5_rate" : 0.0,
      "mean_rate" : 0.0,
      "duration_units" : "seconds",
      "rate_units" : "calls/minute"
    },
    "jenkins.task.waiting.duration" : {
      "count" : 0,
      "max" : 0.0,
      "mean" : 0.0,
      "min" : 0.0,
      "p50" : 0.0,
      "p75" : 0.0,
      "p95" : 0.0,
      "p98" : 0.0,
      "p99" : 0.0,
      "p999" : 0.0,
      "values" : [ ],
      "stddev" : 0.0,
      "m15_rate" : 0.0,
      "m1_rate" : 0.0,
      "m5_rate" : 0.0,
      "mean_rate" : 0.0,
      "duration_units" : "seconds",
      "rate_units" : "calls/minute"
    }
  }
}