{
  "jvm" : {
    "vm" : {
      "name" : "Java HotSpot(TM) Client VM",
      "version" : "1.6.0_39-b04"
    },
    "memory" : {
      "totalInit" : 5.259264E7,
      "totalUsed" : 4.1471552E7,
      "totalMax" : 3.83254528E8,
      "totalCommitted" : 6.3143936E7,
      "heapInit" : 1.6777216E7,
      "heapUsed" : 5137024.0,
      "heapMax" : 2.5952256E8,
      "heapCommitted" : 1.6318464E7,
      "heap_usage" : 0.019794132733585858,
      "non_heap_usage" : 0.2936551368842691,
      "memory_pool_usages" : {
        "Code Cache" : 0.06680870056152344,
        "Eden Space" : 0.009003495253888381,
        "Perm Gen" : 0.3180180788040161,
        "Perm Gen [shared-ro]" : 0.5512031555175781,
        "Perm Gen [shared-rw]" : 0.5540199279785156,
        "Survivor Space" : 0.020164938534007353,
        "Tenured Gen" : 0.024094292812843282
      }
    },
    "daemon_thread_count" : 5,
    "thread_count" : 8,
    "current_time" : 1386779939805,
    "uptime" : 499769,
    "fd_usage" : "NaN",
    "thread-states" : {
      "new" : 0.0,
      "waiting" : 0.5,
      "timed_waiting" : 0.125,
      "blocked" : 0.0,
      "runnable" : 0.375,
      "terminated" : 0.0
    },
    "garbage-collectors" : {
      "MarkSweepCompact" : {
        "runs" : 3,
        "time" : 1021
      },
      "Copy" : {
        "runs" : 317,
        "time" : 433
      }
    }
  }
}