{
  "version" : "3.0.0",
  "gauges" : {
    "jenkins.executor.count.value" : {
      "value" : 2
    },
    "jenkins.executor.free.value" : {
      "value" : 2
    },
    "jenkins.executor.in-use.value" : {
      "value" : 0
    },
    "jenkins.health-check.count" : {
      "value" : 4
    },
    "jenkins.health-check.inverse-score" : {
      "value" : 0.0
    },
    "jenkins.health-check.score" : {
      "value" : 1.0
    },
    "jenkins.job.averageDepth" : {
      "value" : 1.0
    },
    "jenkins.job.count.value" : {
      "value" : 17
    },
    "jenkins.node.count.value" : {
      "value" : 1
    },
    "jenkins.node.offline.value" : {
      "value" : 0
    },
    "jenkins.node.online.value" : {
      "value" : 1
    },
    "jenkins.plugins.active" : {
      "value" : 81
    },
    "jenkins.plugins.failed" : {
      "value" : 0
    },
    "jenkins.plugins.inactive" : {
      "value" : 0
    },
    "jenkins.plugins.withUpdate" : {
      "value" : 2
    },
    "jenkins.project.count.value" : {
      "value" : 17
    },
    "jenkins.project.disabled.count.value" : {
      "value" : 0
    },
    "jenkins.project.enabled.count.value" : {
      "value" : 17
    },
    "jenkins.queue.blocked.value" : {
      "value" : 0
    },
    "jenkins.queue.buildable.value" : {
      "value" : 0
    },
    "jenkins.queue.pending.value" : {
      "value" : 0
    },
    "jenkins.queue.size.value" : {
      "value" : 0
    },
    "jenkins.queue.stuck.value" : {
      "value" : 0
    },
    "jenkins.versions.core" : {
      "value" : "2.27"
    },
    "jenkins.versions.plugin.ace-editor" : {
      "value" : "1.1"
    },
    "jenkins.versions.plugin.active-directory" : {
      "value" : "2.0"
    },
    "jenkins.versions.plugin.analysis-core" : {
      "value" : "1.79"
    },
    "jenkins.versions.plugin.ant" : {
      "value" : "1.4"
    },
    "jenkins.versions.plugin.antisamy-markup-formatter" : {
      "value" : "1.5"
    },
    "jenkins.versions.plugin.bouncycastle-api" : {
      "value" : "2.16.0"
    },
    "jenkins.versions.plugin.branch-api" : {
      "value" : "1.11.1"
    },
    "jenkins.versions.plugin.categorized-view" : {
      "value" : "1.8"
    },
    "jenkins.versions.plugin.chucknorris" : {
      "value" : "1.0"
    },
    "jenkins.versions.plugin.cloudbees-folder" : {
      "value" : "5.13"
    },
    "jenkins.versions.plugin.conditional-buildstep" : {
      "value" : "1.3.5"
    },
    "jenkins.versions.plugin.copyartifact" : {
      "value" : "1.38.1"
    },
    "jenkins.versions.plugin.credentials" : {
      "value" : "2.1.8"
    },
    "jenkins.versions.plugin.cvs" : {
      "value" : "2.12"
    },
    "jenkins.versions.plugin.display-url-api" : {
      "value" : "0.5"
    },
    "jenkins.versions.plugin.durable-task" : {
      "value" : "1.12"
    },
    "jenkins.versions.plugin.external-monitor-job" : {
      "value" : "1.6"
    },
    "jenkins.versions.plugin.git" : {
      "value" : "3.0.0"
    },
    "jenkins.versions.plugin.git-client" : {
      "value" : "2.1.0"
    },
    "jenkins.versions.plugin.git-server" : {
      "value" : "1.7"
    },
    "jenkins.versions.plugin.github" : {
      "value" : "1.22.4"
    },
    "jenkins.versions.plugin.github-api" : {
      "value" : "1.79"
    },
    "jenkins.versions.plugin.github-branch-source" : {
      "value" : "1.10"
    },
    "jenkins.versions.plugin.github-organization-folder" : {
      "value" : "1.5"
    },
    "jenkins.versions.plugin.global-variable-string-parameter" : {
      "value" : "1.2"
    },
    "jenkins.versions.plugin.handlebars" : {
      "value" : "1.1.1"
    },
    "jenkins.versions.plugin.htmlpublisher" : {
      "value" : "1.11"
    },
    "jenkins.versions.plugin.icon-shim" : {
      "value" : "2.0.3"
    },
    "jenkins.versions.plugin.image-gallery" : {
      "value" : "1.4"
    },
    "jenkins.versions.plugin.jackson2-api" : {
      "value" : "2.7.3"
    },
    "jenkins.versions.plugin.javadoc" : {
      "value" : "1.4"
    },
    "jenkins.versions.plugin.jobConfigHistory" : {
      "value" : "2.15"
    },
    "jenkins.versions.plugin.jquery-detached" : {
      "value" : "1.2.1"
    },
    "jenkins.versions.plugin.junit" : {
      "value" : "1.19"
    },
    "jenkins.versions.plugin.ldap" : {
      "value" : "1.13"
    },
    "jenkins.versions.plugin.mailer" : {
      "value" : "1.18"
    },
    "jenkins.versions.plugin.mapdb-api" : {
      "value" : "1.0.9.0"
    },
    "jenkins.versions.plugin.mask-passwords" : {
      "value" : "2.8"
    },
    "jenkins.versions.plugin.matrix-auth" : {
      "value" : "1.4"
    },
    "jenkins.versions.plugin.matrix-project" : {
      "value" : "1.7.1"
    },
    "jenkins.versions.plugin.maven-plugin" : {
      "value" : "2.14"
    },
    "jenkins.versions.plugin.metrics" : {
      "value" : "3.1.2.9"
    },
    "jenkins.versions.plugin.momentjs" : {
      "value" : "1.1.1"
    },
    "jenkins.versions.plugin.msbuild" : {
      "value" : "1.26"
    },
    "jenkins.versions.plugin.nunit" : {
      "value" : "0.18"
    },
    "jenkins.versions.plugin.pam-auth" : {
      "value" : "1.3"
    },
    "jenkins.versions.plugin.parameterized-trigger" : {
      "value" : "2.32"
    },
    "jenkins.versions.plugin.periodicbackup" : {
      "value" : "1.3"
    },
    "jenkins.versions.plugin.pipeline-build-step" : {
      "value" : "2.3"
    },
    "jenkins.versions.plugin.pipeline-graph-analysis" : {
      "value" : "1.2"
    },
    "jenkins.versions.plugin.pipeline-input-step" : {
      "value" : "2.5"
    },
    "jenkins.versions.plugin.pipeline-milestone-step" : {
      "value" : "1.1"
    },
    "jenkins.versions.plugin.pipeline-rest-api" : {
      "value" : "2.2"
    },
    "jenkins.versions.plugin.pipeline-stage-step" : {
      "value" : "2.2"
    },
    "jenkins.versions.plugin.pipeline-stage-view" : {
      "value" : "2.2"
    },
    "jenkins.versions.plugin.plain-credentials" : {
      "value" : "1.3"
    },
    "jenkins.versions.plugin.role-strategy" : {
      "value" : "2.3.2"
    },
    "jenkins.versions.plugin.run-condition" : {
      "value" : "1.0"
    },
    "jenkins.versions.plugin.scm-api" : {
      "value" : "1.3"
    },
    "jenkins.versions.plugin.script-security" : {
      "value" : "1.24"
    },
    "jenkins.versions.plugin.ssh-credentials" : {
      "value" : "1.12"
    },
    "jenkins.versions.plugin.ssh-slaves" : {
      "value" : "1.11"
    },
    "jenkins.versions.plugin.structs" : {
      "value" : "1.5"
    },
    "jenkins.versions.plugin.subversion" : {
      "value" : "2.7.1"
    },
    "jenkins.versions.plugin.summary_report" : {
      "value" : "1.15"
    },
    "jenkins.versions.plugin.support-core" : {
      "value" : "2.33"
    },
    "jenkins.versions.plugin.token-macro" : {
      "value" : "2.0"
    },
    "jenkins.versions.plugin.translation" : {
      "value" : "1.15"
    },
    "jenkins.versions.plugin.warnings" : {
      "value" : "4.57"
    },
    "jenkins.versions.plugin.windows-slaves" : {
      "value" : "1.2"
    },
    "jenkins.versions.plugin.workflow-aggregator" : {
      "value" : "2.4"
    },
    "jenkins.versions.plugin.workflow-api" : {
      "value" : "2.6"
    },
    "jenkins.versions.plugin.workflow-basic-steps" : {
      "value" : "2.3"
    },
    "jenkins.versions.plugin.workflow-cps" : {
      "value" : "2.23"
    },
    "jenkins.versions.plugin.workflow-cps-global-lib" : {
      "value" : "2.4"
    },
    "jenkins.versions.plugin.workflow-durable-task-step" : {
      "value" : "2.5"
    },
    "jenkins.versions.plugin.workflow-job" : {
      "value" : "2.8"
    },
    "jenkins.versions.plugin.workflow-multibranch" : {
      "value" : "2.9.2"
    },
    "jenkins.versions.plugin.workflow-scm-step" : {
      "value" : "2.2"
    },
    "jenkins.versions.plugin.workflow-step-api" : {
      "value" : "2.5"
    },
    "jenkins.versions.plugin.workflow-support" : {
      "value" : "2.10"
    },
    "vm.blocked.count" : {
      "value" : 0
    },
    "vm.class.loaded" : {
      "value" : 12568
    },
    "vm.class.unloaded" : {
      "value" : 13
    },
    "vm.count" : {
      "value" : 42
    },
    "vm.cpu.load" : {
      "value" : 0.10961805785397498
    },
    "vm.daemon.count" : {
      "value" : 34
    },
    "vm.deadlock.count" : {
      "value" : 0
    },
    "vm.deadlocks" : {
      "value" : [ ]
    },
    "vm.file.descriptor.ratio" : {
      "value" : "NaN"
    },
    "vm.gc.Copy.count" : {
      "value" : 904
    },
    "vm.gc.Copy.time" : {
      "value" : 2517
    },
    "vm.gc.MarkSweepCompact.count" : {
      "value" : 9
    },
    "vm.gc.MarkSweepCompact.time" : {
      "value" : 560
    },
    "vm.memory.heap.committed" : {
      "value" : 124817408
    },
    "vm.memory.heap.init" : {
      "value" : 16777216
    },
    "vm.memory.heap.max" : {
      "value" : 259522560
    },
    "vm.memory.heap.usage" : {
      "value" : 0.25483383024581757
    },
    "vm.memory.heap.used" : {
      "value" : 66135128
    },
    "vm.memory.non-heap.committed" : {
      "value" : 55246848
    },
    "vm.memory.non-heap.init" : {
      "value" : 163840
    },
    "vm.memory.non-heap.max" : {
      "value" : -1
    },
    "vm.memory.non-heap.usage" : {
      "value" : -5.2190912E7
    },
    "vm.memory.non-heap.used" : {
      "value" : 52190912
    },
    "vm.memory.pools.Code-Cache.committed" : {
      "value" : 6356992
    },
    "vm.memory.pools.Code-Cache.init" : {
      "value" : 163840
    },
    "vm.memory.pools.Code-Cache.max" : {
      "value" : 33554432
    },
    "vm.memory.pools.Code-Cache.usage" : {
      "value" : 0.17969703674316406
    },
    "vm.memory.pools.Code-Cache.used" : {
      "value" : 6029632
    },
    "vm.memory.pools.Eden-Space.committed" : {
      "value" : 34537472
    },
    "vm.memory.pools.Eden-Space.init" : {
      "value" : 4521984
    },
    "vm.memory.pools.Eden-Space.max" : {
      "value" : 71630848
    },
    "vm.memory.pools.Eden-Space.usage" : {
      "value" : 0.16387989710801693
    },
    "vm.memory.pools.Eden-Space.used" : {
      "value" : 11738856
    },
    "vm.memory.pools.Metaspace.committed" : {
      "value" : 48889856
    },
    "vm.memory.pools.Metaspace.init" : {
      "value" : 0
    },
    "vm.memory.pools.Metaspace.max" : {
      "value" : -1
    },
    "vm.memory.pools.Metaspace.usage" : {
      "value" : 0.9441893222184986
    },
    "vm.memory.pools.Metaspace.used" : {
      "value" : 46161280
    },
    "vm.memory.pools.Survivor-Space.committed" : {
      "value" : 4259840
    },
    "vm.memory.pools.Survivor-Space.init" : {
      "value" : 524288
    },
    "vm.memory.pools.Survivor-Space.max" : {
      "value" : 8912896
    },
    "vm.memory.pools.Survivor-Space.usage" : {
      "value" : 0.31900473201976104
    },
    "vm.memory.pools.Survivor-Space.used" : {
      "value" : 2843256
    },
    "vm.memory.pools.Tenured-Gen.committed" : {
      "value" : 86020096
    },
    "vm.memory.pools.Tenured-Gen.init" : {
      "value" : 11206656
    },
    "vm.memory.pools.Tenured-Gen.max" : {
      "value" : 178978816
    },
    "vm.memory.pools.Tenured-Gen.usage" : {
      "value" : 0.28835984701116807
    },
    "vm.memory.pools.Tenured-Gen.used" : {
      "value" : 51610304
    },
    "vm.memory.total.committed" : {
      "value" : 180064256
    },
    "vm.memory.total.init" : {
      "value" : 16941056
    },
    "vm.memory.total.max" : {
      "value" : 259522559
    },
    "vm.memory.total.used" : {
      "value" : 118383328
    },
    "vm.new.count" : {
      "value" : 0
    },
    "vm.runnable.count" : {
      "value" : 11
    },
    "vm.terminated.count" : {
      "value" : 0
    },
    "vm.timed_waiting.count" : {
      "value" : 18
    },
    "vm.uptime.milliseconds" : {
      "value" : 92583
    },
    "vm.waiting.count" : {
      "value" : 13
    }
  },
  "counters" : {
    "http.activeRequests" : {
      "count" : 1
    }
  },
  "histograms" : {
    "jenkins.executor.count.history" : {
      "count" : 3,
      "max" : 2,
      "mean" : 2.0,
      "min" : 2,
      "p50" : 2.0,
      "p75" : 2.0,
      "p95" : 2.0,
      "p98" : 2.0,
      "p99" : 2.0,
      "p999" : 2.0,
      "values" : [ 2, 2, 2 ],
      "stddev" : 0.0
    },
    "jenkins.executor.free.history" : {
      "count" : 3,
      "max" : 2,
      "mean" : 2.0,
      "min" : 2,
      "p50" : 2.0,
      "p75" : 2.0,
      "p95" : 2.0,
      "p98" : 2.0,
      "p99" : 2.0,
      "p999" : 2.0,
      "values" : [ 2, 2, 2 ],
      "stddev" : 0.0
    },
    "jenkins.executor.in-use.history" : {
      "count" : 3,
      "max" : 0,
      "mean" : 0.0,
      "min" : 0,
      "p50" : 0.0,
      "p75" : 0.0,
      "p95" : 0.0,
      "p98" : 0.0,
      "p99" : 0.0,
      "p999" : 0.0,
      "values" : [ 0, 0, 0 ],
      "stddev" : 0.0
    },
    "jenkins.job.count.history" : {
      "count" : 3,
      "max" : 17,
      "mean" : 17.0,
      "min" : 17,
      "p50" : 17.0,
      "p75" : 17.0,
      "p95" : 17.0,
      "p98" : 17.0,
      "p99" : 17.0,
      "p999" : 17.0,
      "values" : [ 17, 17, 17 ],
      "stddev" : 0.0
    },
    "jenkins.node.count.history" : {
      "count" : 3,
      "max" : 1,
      "mean" : 1.0,
      "min" : 1,
      "p50" : 1.0,
      "p75" : 1.0,
      "p95" : 1.0,
      "p98" : 1.0,
      "p99" : 1.0,
      "p999" : 1.0,
      "values" : [ 1, 1, 1 ],
      "stddev" : 0.0
    },
    "jenkins.node.offline.history" : {
      "count" : 3,
      "max" : 0,
      "mean" : 0.0,
      "min" : 0,
      "p50" : 0.0,
      "p75" : 0.0,
      "p95" : 0.0,
      "p98" : 0.0,
      "p99" : 0.0,
      "p999" : 0.0,
      "values" : [ 0, 0, 0 ],
      "stddev" : 0.0
    },
    "jenkins.node.online.history" : {
      "count" : 3,
      "max" : 1,
      "mean" : 1.0,
      "min" : 1,
      "p50" : 1.0,
      "p75" : 1.0,
      "p95" : 1.0,
      "p98" : 1.0,
      "p99" : 1.0,
      "p999" : 1.0,
      "values" : [ 1, 1, 1 ],
      "stddev" : 0.0
    },
    "jenkins.project.count.history" : {
      "count" : 3,
      "max" : 17,
      "mean" : 17.0,
      "min" : 17,
      "p50" : 17.0,
      "p75" : 17.0,
      "p95" : 17.0,
      "p98" : 17.0,
      "p99" : 17.0,
      "p999" : 17.0,
      "values" : [ 17, 17, 17 ],
      "stddev" : 0.0
    },
    "jenkins.project.disabled.count.history" : {
      "count" : 3,
      "max" : 0,
      "mean" : 0.0,
      "min" : 0,
      "p50" : 0.0,
      "p75" : 0.0,
      "p95" : 0.0,
      "p98" : 0.0,
      "p99" : 0.0,
      "p999" : 0.0,
      "values" : [ 0, 0, 0 ],
      "stddev" : 0.0
    },
    "jenkins.project.enabled.count.history" : {
      "count" : 3,
      "max" : 17,
      "mean" : 17.0,
      "min" : 17,
      "p50" : 17.0,
      "p75" : 17.0,
      "p95" : 17.0,
      "p98" : 17.0,
      "p99" : 17.0,
      "p999" : 17.0,
      "values" : [ 17, 17, 17 ],
      "stddev" : 0.0
    },
    "jenkins.queue.blocked.history" : {
      "count" : 3,
      "max" : 0,
      "mean" : 0.0,
      "min" : 0,
      "p50" : 0.0,
      "p75" : 0.0,
      "p95" : 0.0,
      "p98" : 0.0,
      "p99" : 0.0,
      "p999" : 0.0,
      "values" : [ 0, 0, 0 ],
      "stddev" : 0.0
    },
    "jenkins.queue.buildable.history" : {
      "count" : 3,
      "max" : 0,
      "mean" : 0.0,
      "min" : 0,
      "p50" : 0.0,
      "p75" : 0.0,
      "p95" : 0.0,
      "p98" : 0.0,
      "p99" : 0.0,
      "p999" : 0.0,
      "values" : [ 0, 0, 0 ],
      "stddev" : 0.0
    },
    "jenkins.queue.pending.history" : {
      "count" : 3,
      "max" : 0,
      "mean" : 0.0,
      "min" : 0,
      "p50" : 0.0,
      "p75" : 0.0,
      "p95" : 0.0,
      "p98" : 0.0,
      "p99" : 0.0,
      "p999" : 0.0,
      "values" : [ 0, 0, 0 ],
      "stddev" : 0.0
    },
    "jenkins.queue.size.history" : {
      "count" : 3,
      "max" : 0,
      "mean" : 0.0,
      "min" : 0,
      "p50" : 0.0,
      "p75" : 0.0,
      "p95" : 0.0,
      "p98" : 0.0,
      "p99" : 0.0,
      "p999" : 0.0,
      "values" : [ 0, 0, 0 ],
      "stddev" : 0.0
    },
    "jenkins.queue.stuck.history" : {
      "count" : 3,
      "max" : 0,
      "mean" : 0.0,
      "min" : 0,
      "p50" : 0.0,
      "p75" : 0.0,
      "p95" : 0.0,
      "p98" : 0.0,
      "p99" : 0.0,
      "p999" : 0.0,
      "values" : [ 0, 0, 0 ],
      "stddev" : 0.0
    },
    "vm.cpu.load.x100.history" : {
      "count" : 3,
      "max" : 36,
      "mean" : 16.560078991602197,
      "min" : 8,
      "p50" : 11.0,
      "p75" : 36.0,
      "p95" : 36.0,
      "p98" : 36.0,
      "p99" : 36.0,
      "p999" : 36.0,
      "values" : [ 8, 11, 36 ],
      "stddev" : 11.645638953974084
    },
    "vm.cpu.load.x100.window.15m" : {
      "count" : 3,
      "max" : 36,
      "mean" : 18.333333333333332,
      "min" : 8,
      "p50" : 11.0,
      "p75" : 36.0,
      "p95" : 36.0,
      "p98" : 36.0,
      "p99" : 36.0,
      "p999" : 36.0,
      "values" : [ 8, 11, 36 ],
      "stddev" : 15.37313674346694
    },
    "vm.cpu.load.x100.window.1h" : {
      "count" : 3,
      "max" : 36,
      "mean" : 18.333333333333332,
      "min" : 8,
      "p50" : 11.0,
      "p75" : 36.0,
      "p95" : 36.0,
      "p98" : 36.0,
      "p99" : 36.0,
      "p999" : 36.0,
      "values" : [ 8, 11, 36 ],
      "stddev" : 15.37313674346694
    },
    "vm.cpu.load.x100.window.5m" : {
      "count" : 3,
      "max" : 36,
      "mean" : 18.333333333333332,
      "min" : 8,
      "p50" : 11.0,
      "p75" : 36.0,
      "p95" : 36.0,
      "p98" : 36.0,
      "p99" : 36.0,
      "p999" : 36.0,
      "values" : [ 8, 11, 36 ],
      "stddev" : 15.37313674346694
    },
    "vm.file.descriptor.ratio.x100.history" : {
      "count" : 3,
      "max" : 0,
      "mean" : 0.0,
      "min" : 0,
      "p50" : 0.0,
      "p75" : 0.0,
      "p95" : 0.0,
      "p98" : 0.0,
      "p99" : 0.0,
      "p999" : 0.0,
      "values" : [ 0, 0, 0 ],
      "stddev" : 0.0
    },
    "vm.file.descriptor.ratio.x100.window.15m" : {
      "count" : 3,
      "max" : 0,
      "mean" : 0.0,
      "min" : 0,
      "p50" : 0.0,
      "p75" : 0.0,
      "p95" : 0.0,
      "p98" : 0.0,
      "p99" : 0.0,
      "p999" : 0.0,
      "values" : [ 0, 0, 0 ],
      "stddev" : 0.0
    },
    "vm.file.descriptor.ratio.x100.window.1h" : {
      "count" : 3,
      "max" : 0,
      "mean" : 0.0,
      "min" : 0,
      "p50" : 0.0,
      "p75" : 0.0,
      "p95" : 0.0,
      "p98" : 0.0,
      "p99" : 0.0,
      "p999" : 0.0,
      "values" : [ 0, 0, 0 ],
      "stddev" : 0.0
    },
    "vm.file.descriptor.ratio.x100.window.5m" : {
      "count" : 3,
      "max" : 0,
      "mean" : 0.0,
      "min" : 0,
      "p50" : 0.0,
      "p75" : 0.0,
      "p95" : 0.0,
      "p98" : 0.0,
      "p99" : 0.0,
      "p999" : 0.0,
      "values" : [ 0, 0, 0 ],
      "stddev" : 0.0
    },
    "vm.memory.heap.committed.history" : {
      "count" : 3,
      "max" : 124817408,
      "mean" : 1.177974731749812E8,
      "min" : 97996800,
      "p50" : 1.24817408E8,
      "p75" : 1.24817408E8,
      "p95" : 1.24817408E8,
      "p98" : 1.24817408E8,
      "p99" : 1.24817408E8,
      "p999" : 1.24817408E8,
      "values" : [ 97996800, 124817408, 124817408 ],
      "stddev" : 1.1789802168818023E7
    },
    "vm.memory.heap.committed.window.15m" : {
      "count" : 3,
      "max" : 124817408,
      "mean" : 1.1587720533333333E8,
      "min" : 97996800,
      "p50" : 1.24817408E8,
      "p75" : 1.24817408E8,
      "p95" : 1.24817408E8,
      "p98" : 1.24817408E8,
      "p99" : 1.24817408E8,
      "p999" : 1.24817408E8,
      "values" : [ 97996800, 124817408, 124817408 ],
      "stddev" : 1.548488524862943E7
    },
    "vm.memory.heap.committed.window.1h" : {
      "count" : 3,
      "max" : 124817408,
      "mean" : 1.1587720533333333E8,
      "min" : 97996800,
      "p50" : 1.24817408E8,
      "p75" : 1.24817408E8,
      "p95" : 1.24817408E8,
      "p98" : 1.24817408E8,
      "p99" : 1.24817408E8,
      "p999" : 1.24817408E8,
      "values" : [ 97996800, 124817408, 124817408 ],
      "stddev" : 1.548488524862943E7
    },
    "vm.memory.heap.committed.window.5m" : {
      "count" : 3,
      "max" : 124817408,
      "mean" : 1.1587720533333333E8,
      "min" : 97996800,
      "p50" : 1.24817408E8,
      "p75" : 1.24817408E8,
      "p95" : 1.24817408E8,
      "p98" : 1.24817408E8,
      "p99" : 1.24817408E8,
      "p999" : 1.24817408E8,
      "values" : [ 97996800, 124817408, 124817408 ],
      "stddev" : 1.548488524862943E7
    },
    "vm.memory.heap.usage.x100.history" : {
      "count" : 3,
      "max" : 28,
      "mean" : 26.245072683202814,
      "min" : 25,
      "p50" : 26.0,
      "p75" : 28.0,
      "p95" : 28.0,
      "p98" : 28.0,
      "p99" : 28.0,
      "p999" : 28.0,
      "values" : [ 25, 26, 28 ],
      "stddev" : 1.2890069268224893
    },
    "vm.memory.heap.usage.x100.window.15m" : {
      "count" : 3,
      "max" : 28,
      "mean" : 26.333333333333332,
      "min" : 25,
      "p50" : 26.0,
      "p75" : 28.0,
      "p95" : 28.0,
      "p98" : 28.0,
      "p99" : 28.0,
      "p999" : 28.0,
      "values" : [ 25, 26, 28 ],
      "stddev" : 1.5275252316519465
    },
    "vm.memory.heap.usage.x100.window.1h" : {
      "count" : 3,
      "max" : 28,
      "mean" : 26.333333333333332,
      "min" : 25,
      "p50" : 26.0,
      "p75" : 28.0,
      "p95" : 28.0,
      "p98" : 28.0,
      "p99" : 28.0,
      "p999" : 28.0,
      "values" : [ 25, 26, 28 ],
      "stddev" : 1.5275252316519465
    },
    "vm.memory.heap.usage.x100.window.5m" : {
      "count" : 3,
      "max" : 28,
      "mean" : 26.333333333333332,
      "min" : 25,
      "p50" : 26.0,
      "p75" : 28.0,
      "p95" : 28.0,
      "p98" : 28.0,
      "p99" : 28.0,
      "p999" : 28.0,
      "values" : [ 25, 26, 28 ],
      "stddev" : 1.5275252316519465
    },
    "vm.memory.heap.used.history" : {
      "count" : 3,
      "max" : 72827152,
      "mean" : 6.79913244049303E7,
      "min" : 64363952,
      "p50" : 6.762416E7,
      "p75" : 7.2827152E7,
      "p95" : 7.2827152E7,
      "p98" : 7.2827152E7,
      "p99" : 7.2827152E7,
      "p999" : 7.2827152E7,
      "values" : [ 64363952, 67624160, 72827152 ],
      "stddev" : 3619606.6728720805
    },
    "vm.memory.heap.used.window.15m" : {
      "count" : 3,
      "max" : 72827152,
      "mean" : 6.827175466666667E7,
      "min" : 64363952,
      "p50" : 6.762416E7,
      "p75" : 7.2827152E7,
      "p95" : 7.2827152E7,
      "p98" : 7.2827152E7,
      "p99" : 7.2827152E7,
      "p999" : 7.2827152E7,
      "values" : [ 64363952, 67624160, 72827152 ],
      "stddev" : 4268603.132082125
    },
    "vm.memory.heap.used.window.1h" : {
      "count" : 3,
      "max" : 72827152,
      "mean" : 6.827175466666667E7,
      "min" : 64363952,
      "p50" : 6.762416E7,
      "p75" : 7.2827152E7,
      "p95" : 7.2827152E7,
      "p98" : 7.2827152E7,
      "p99" : 7.2827152E7,
      "p999" : 7.2827152E7,
      "values" : [ 64363952, 67624160, 72827152 ],
      "stddev" : 4268603.132082125
    },
    "vm.memory.heap.used.window.5m" : {
      "count" : 3,
      "max" : 72827152,
      "mean" : 6.827175466666667E7,
      "min" : 64363952,
      "p50" : 6.762416E7,
      "p75" : 7.2827152E7,
      "p95" : 7.2827152E7,
      "p98" : 7.2827152E7,
      "p99" : 7.2827152E7,
      "p999" : 7.2827152E7,
      "values" : [ 64363952, 67624160, 72827152 ],
      "stddev" : 4268603.132082125
    },
    "vm.memory.non-heap.committed.history" : {
      "count" : 3,
      "max" : 55246848,
      "mean" : 5.4959412876559764E7,
      "min" : 54394880,
      "p50" : 5.505024E7,
      "p75" : 5.5246848E7,
      "p95" : 5.5246848E7,
      "p98" : 5.5246848E7,
      "p99" : 5.5246848E7,
      "p999" : 5.5246848E7,
      "values" : [ 54394880, 55050240, 55246848 ],
      "stddev" : 346457.2325702987
    },
    "vm.memory.non-heap.committed.window.15m" : {
      "count" : 3,
      "max" : 55246848,
      "mean" : 5.4897322666666664E7,
      "min" : 54394880,
      "p50" : 5.505024E7,
      "p75" : 5.5246848E7,
      "p95" : 5.5246848E7,
      "p98" : 5.5246848E7,
      "p99" : 5.5246848E7,
      "p999" : 5.5246848E7,
      "values" : [ 54394880, 55050240, 55246848 ],
      "stddev" : 446094.3301380699
    },
    "vm.memory.non-heap.committed.window.1h" : {
      "count" : 3,
      "max" : 55246848,
      "mean" : 5.4897322666666664E7,
      "min" : 54394880,
      "p50" : 5.505024E7,
      "p75" : 5.5246848E7,
      "p95" : 5.5246848E7,
      "p98" : 5.5246848E7,
      "p99" : 5.5246848E7,
      "p999" : 5.5246848E7,
      "values" : [ 54394880, 55050240, 55246848 ],
      "stddev" : 446094.3301380699
    },
    "vm.memory.non-heap.committed.window.5m" : {
      "count" : 3,
      "max" : 55246848,
      "mean" : 5.4897322666666664E7,
      "min" : 54394880,
      "p50" : 5.505024E7,
      "p75" : 5.5246848E7,
      "p95" : 5.5246848E7,
      "p98" : 5.5246848E7,
      "p99" : 5.5246848E7,
      "p999" : 5.5246848E7,
      "values" : [ 54394880, 55050240, 55246848 ],
      "stddev" : 446094.3301380699
    },
    "vm.memory.non-heap.usage.x100.history" : {
      "count" : 3,
      "max" : -5150102400,
      "mean" : -5.211075745124222E9,
      "min" : -5236318400,
      "p50" : -5.228152E9,
      "p75" : -5.1501024E9,
      "p95" : -5.1501024E9,
      "p98" : -5.1501024E9,
      "p99" : -5.1501024E9,
      "p999" : -5.1501024E9,
      "values" : [ -5236318400, -5228152000, -5150102400 ],
      "stddev" : 3.6472018449482754E7
    },
    "vm.memory.non-heap.usage.x100.window.15m" : {
      "count" : 3,
      "max" : -5150102400,
      "mean" : -5.2048576E9,
      "min" : -5236318400,
      "p50" : -5.228152E9,
      "p75" : -5.1501024E9,
      "p95" : -5.1501024E9,
      "p98" : -5.1501024E9,
      "p99" : -5.1501024E9,
      "p999" : -5.1501024E9,
      "values" : [ -5236318400, -5228152000, -5150102400 ],
      "stddev" : 4.7594868079657495E7
    },
    "vm.memory.non-heap.usage.x100.window.1h" : {
      "count" : 3,
      "max" : -5150102400,
      "mean" : -5.2048576E9,
      "min" : -5236318400,
      "p50" : -5.228152E9,
      "p75" : -5.1501024E9,
      "p95" : -5.1501024E9,
      "p98" : -5.1501024E9,
      "p99" : -5.1501024E9,
      "p999" : -5.1501024E9,
      "values" : [ -5236318400, -5228152000, -5150102400 ],
      "stddev" : 4.7594868079657495E7
    },
    "vm.memory.non-heap.usage.x100.window.5m" : {
      "count" : 3,
      "max" : -5150102400,
      "mean" : -5.2048576E9,
      "min" : -5236318400,
      "p50" : -5.228152E9,
      "p75" : -5.1501024E9,
      "p95" : -5.1501024E9,
      "p98" : -5.1501024E9,
      "p99" : -5.1501024E9,
      "p999" : -5.1501024E9,
      "values" : [ -5236318400, -5228152000, -5150102400 ],
      "stddev" : 4.7594868079657495E7
    },
    "vm.memory.non-heap.used.history" : {
      "count" : 3,
      "max" : 52363184,
      "mean" : 5.211076582681351E7,
      "min" : 51501056,
      "p50" : 5.228152E7,
      "p75" : 5.2363184E7,
      "p95" : 5.2363184E7,
      "p98" : 5.2363184E7,
      "p99" : 5.2363184E7,
      "p999" : 5.2363184E7,
      "values" : [ 51501056, 52281520, 52363184 ],
      "stddev" : 364706.18234933866
    },
    "vm.memory.non-heap.used.window.15m" : {
      "count" : 3,
      "max" : 52363184,
      "mean" : 5.2048586666666664E7,
      "min" : 51501056,
      "p50" : 5.228152E7,
      "p75" : 5.2363184E7,
      "p95" : 5.2363184E7,
      "p98" : 5.2363184E7,
      "p99" : 5.2363184E7,
      "p999" : 5.2363184E7,
      "values" : [ 51501056, 52281520, 52363184 ],
      "stddev" : 475930.2737054382
    },
    "vm.memory.non-heap.used.window.1h" : {
      "count" : 3,
      "max" : 52363184,
      "mean" : 5.2048586666666664E7,
      "min" : 51501056,
      "p50" : 5.228152E7,
      "p75" : 5.2363184E7,
      "p95" : 5.2363184E7,
      "p98" : 5.2363184E7,
      "p99" : 5.2363184E7,
      "p999" : 5.2363184E7,
      "values" : [ 51501056, 52281520, 52363184 ],
      "stddev" : 475930.2737054382
    },
    "vm.memory.non-heap.used.window.5m" : {
      "count" : 3,
      "max" : 52363184,
      "mean" : 5.2048586666666664E7,
      "min" : 51501056,
      "p50" : 5.228152E7,
      "p75" : 5.2363184E7,
      "p95" : 5.2363184E7,
      "p98" : 5.2363184E7,
      "p99" : 5.2363184E7,
      "p999" : 5.2363184E7,
      "values" : [ 51501056, 52281520, 52363184 ],
      "stddev" : 475930.2737054382
    },
    "vm.memory.pools.Code-Cache.committed.history" : {
      "count" : 3,
      "max" : 6356992,
      "mean" : 6249744.845515817,
      "min" : 6029312,
      "p50" : 6291456.0,
      "p75" : 6356992.0,
      "p95" : 6356992.0,
      "p98" : 6356992.0,
      "p99" : 6356992.0,
      "p999" : 6356992.0,
      "values" : [ 6029312, 6291456, 6356992 ],
      "stddev" : 134199.85231656715
    },
    "vm.memory.pools.Code-Cache.committed.window.15m" : {
      "count" : 3,
      "max" : 6356992,
      "mean" : 6225920.0,
      "min" : 6029312,
      "p50" : 6291456.0,
      "p75" : 6356992.0,
      "p95" : 6356992.0,
      "p98" : 6356992.0,
      "p99" : 6356992.0,
      "p999" : 6356992.0,
      "values" : [ 6029312, 6291456, 6356992 ],
      "stddev" : 173391.95792192902
    },
    "vm.memory.pools.Code-Cache.committed.window.1h" : {
      "count" : 3,
      "max" : 6356992,
      "mean" : 6225920.0,
      "min" : 6029312,
      "p50" : 6291456.0,
      "p75" : 6356992.0,
      "p95" : 6356992.0,
      "p98" : 6356992.0,
      "p99" : 6356992.0,
      "p999" : 6356992.0,
      "values" : [ 6029312, 6291456, 6356992 ],
      "stddev" : 173391.95792192902
    },
    "vm.memory.pools.Code-Cache.committed.window.5m" : {
      "count" : 3,
      "max" : 6356992,
      "mean" : 6225920.0,
      "min" : 6029312,
      "p50" : 6291456.0,
      "p75" : 6356992.0,
      "p95" : 6356992.0,
      "p98" : 6356992.0,
      "p99" : 6356992.0,
      "p999" : 6356992.0,
      "values" : [ 6029312, 6291456, 6356992 ],
      "stddev" : 173391.95792192902
    },
    "vm.memory.pools.Code-Cache.usage.x100.history" : {
      "count" : 3,
      "max" : 19,
      "mean" : 18.3277786934419,
      "min" : 18,
      "p50" : 18.0,
      "p75" : 19.0,
      "p95" : 19.0,
      "p98" : 19.0,
      "p99" : 19.0,
      "p999" : 19.0,
      "values" : [ 18, 18, 19 ],
      "stddev" : 0.46940368721114817
    },
    "vm.memory.pools.Code-Cache.usage.x100.window.15m" : {
      "count" : 3,
      "max" : 19,
      "mean" : 18.333333333333332,
      "min" : 18,
      "p50" : 18.0,
      "p75" : 19.0,
      "p95" : 19.0,
      "p98" : 19.0,
      "p99" : 19.0,
      "p999" : 19.0,
      "values" : [ 18, 18, 19 ],
      "stddev" : 0.5773502691896258
    },
    "vm.memory.pools.Code-Cache.usage.x100.window.1h" : {
      "count" : 3,
      "max" : 19,
      "mean" : 18.333333333333332,
      "min" : 18,
      "p50" : 18.0,
      "p75" : 19.0,
      "p95" : 19.0,
      "p98" : 19.0,
      "p99" : 19.0,
      "p999" : 19.0,
      "values" : [ 18, 18, 19 ],
      "stddev" : 0.5773502691896258
    },
    "vm.memory.pools.Code-Cache.usage.x100.window.5m" : {
      "count" : 3,
      "max" : 19,
      "mean" : 18.333333333333332,
      "min" : 18,
      "p50" : 18.0,
      "p75" : 19.0,
      "p95" : 19.0,
      "p98" : 19.0,
      "p99" : 19.0,
      "p999" : 19.0,
      "values" : [ 18, 18, 19 ],
      "stddev" : 0.5773502691896258
    },
    "vm.memory.pools.Code-Cache.used.history" : {
      "count" : 3,
      "max" : 6217600,
      "mean" : 6130365.607898864,
      "min" : 5908800,
      "p50" : 6201984.0,
      "p75" : 6217600.0,
      "p95" : 6217600.0,
      "p98" : 6217600.0,
      "p99" : 6217600.0,
      "p999" : 6217600.0,
      "values" : [ 5908800, 6201984, 6217600 ],
      "stddev" : 132093.8825833343
    },
    "vm.memory.pools.Code-Cache.used.window.15m" : {
      "count" : 3,
      "max" : 6217600,
      "mean" : 6109461.333333333,
      "min" : 5908800,
      "p50" : 6201984.0,
      "p75" : 6217600.0,
      "p95" : 6217600.0,
      "p98" : 6217600.0,
      "p99" : 6217600.0,
      "p999" : 6217600.0,
      "values" : [ 5908800, 6201984, 6217600 ],
      "stddev" : 173953.1341635825
    },
    "vm.memory.pools.Code-Cache.used.window.1h" : {
      "count" : 3,
      "max" : 6217600,
      "mean" : 6109461.333333333,
      "min" : 5908800,
      "p50" : 6201984.0,
      "p75" : 6217600.0,
      "p95" : 6217600.0,
      "p98" : 6217600.0,
      "p99" : 6217600.0,
      "p999" : 6217600.0,
      "values" : [ 5908800, 6201984, 6217600 ],
      "stddev" : 173953.1341635825
    },
    "vm.memory.pools.Code-Cache.used.window.5m" : {
      "count" : 3,
      "max" : 6217600,
      "mean" : 6109461.333333333,
      "min" : 5908800,
      "p50" : 6201984.0,
      "p75" : 6217600.0,
      "p95" : 6217600.0,
      "p98" : 6217600.0,
      "p99" : 6217600.0,
      "p999" : 6217600.0,
      "values" : [ 5908800, 6201984, 6217600 ],
      "stddev" : 173953.1341635825
    },
    "vm.memory.pools.Eden-Space.committed.history" : {
      "count" : 3,
      "max" : 34537472,
      "mean" : 3.2599163789304517E7,
      "min" : 27131904,
      "p50" : 3.4537472E7,
      "p75" : 3.4537472E7,
      "p95" : 3.4537472E7,
      "p98" : 3.4537472E7,
      "p99" : 3.4537472E7,
      "p999" : 3.4537472E7,
      "values" : [ 27131904, 34537472, 34537472 ],
      "stddev" : 3255339.389313223
    },
    "vm.memory.pools.Eden-Space.committed.window.15m" : {
      "count" : 3,
      "max" : 34537472,
      "mean" : 3.2068949333333332E7,
      "min" : 27131904,
      "p50" : 3.4537472E7,
      "p75" : 3.4537472E7,
      "p95" : 3.4537472E7,
      "p98" : 3.4537472E7,
      "p99" : 3.4537472E7,
      "p999" : 3.4537472E7,
      "values" : [ 27131904, 34537472, 34537472 ],
      "stddev" : 4275606.6783020785
    },
    "vm.memory.pools.Eden-Space.committed.window.1h" : {
      "count" : 3,
      "max" : 34537472,
      "mean" : 3.2068949333333332E7,
      "min" : 27131904,
      "p50" : 3.4537472E7,
      "p75" : 3.4537472E7,
      "p95" : 3.4537472E7,
      "p98" : 3.4537472E7,
      "p99" : 3.4537472E7,
      "p999" : 3.4537472E7,
      "values" : [ 27131904, 34537472, 34537472 ],
      "stddev" : 4275606.6783020785
    },
    "vm.memory.pools.Eden-Space.committed.window.5m" : {
      "count" : 3,
      "max" : 34537472,
      "mean" : 3.2068949333333332E7,
      "min" : 27131904,
      "p50" : 3.4537472E7,
      "p75" : 3.4537472E7,
      "p95" : 3.4537472E7,
      "p98" : 3.4537472E7,
      "p99" : 3.4537472E7,
      "p999" : 3.4537472E7,
      "values" : [ 27131904, 34537472, 34537472 ],
      "stddev" : 4275606.6783020785
    },
    "vm.memory.pools.Eden-Space.usage.x100.history" : {
      "count" : 3,
      "max" : 28,
      "mean" : 15.448062473661224,
      "min" : 2,
      "p50" : 14.0,
      "p75" : 28.0,
      "p95" : 28.0,
      "p98" : 28.0,
      "p99" : 28.0,
      "p999" : 28.0,
      "values" : [ 2, 14, 28 ],
      "stddev" : 9.991887199187726
    },
    "vm.memory.pools.Eden-Space.usage.x100.window.15m" : {
      "count" : 3,
      "max" : 28,
      "mean" : 14.666666666666666,
      "min" : 2,
      "p50" : 14.0,
      "p75" : 28.0,
      "p95" : 28.0,
      "p98" : 28.0,
      "p99" : 28.0,
      "p999" : 28.0,
      "values" : [ 2, 14, 28 ],
      "stddev" : 13.012814197295423
    },
    "vm.memory.pools.Eden-Space.usage.x100.window.1h" : {
      "count" : 3,
      "max" : 28,
      "mean" : 14.666666666666666,
      "min" : 2,
      "p50" : 14.0,
      "p75" : 28.0,
      "p95" : 28.0,
      "p98" : 28.0,
      "p99" : 28.0,
      "p999" : 28.0,
      "values" : [ 2, 14, 28 ],
      "stddev" : 13.012814197295423
    },
    "vm.memory.pools.Eden-Space.usage.x100.window.5m" : {
      "count" : 3,
      "max" : 28,
      "mean" : 14.666666666666666,
      "min" : 2,
      "p50" : 14.0,
      "p75" : 28.0,
      "p95" : 28.0,
      "p98" : 28.0,
      "p99" : 28.0,
      "p999" : 28.0,
      "values" : [ 2, 14, 28 ],
      "stddev" : 13.012814197295423
    },
    "vm.memory.pools.Eden-Space.used.history" : {
      "count" : 3,
      "max" : 20067544,
      "mean" : 1.0981273747850958E7,
      "min" : 1281808,
      "p50" : 9910392.0,
      "p75" : 2.0067544E7,
      "p95" : 2.0067544E7,
      "p98" : 2.0067544E7,
      "p99" : 2.0067544E7,
      "p999" : 2.0067544E7,
      "values" : [ 1281808, 9910392, 20067544 ],
      "stddev" : 7221934.13698281
    },
    "vm.memory.pools.Eden-Space.used.window.15m" : {
      "count" : 3,
      "max" : 20067544,
      "mean" : 1.0419914666666666E7,
      "min" : 1281808,
      "p50" : 9910392.0,
      "p75" : 2.0067544E7,
      "p95" : 2.0067544E7,
      "p98" : 2.0067544E7,
      "p99" : 2.0067544E7,
      "p999" : 2.0067544E7,
      "values" : [ 1281808, 9910392, 20067544 ],
      "stddev" : 9403227.067146115
    },
    "vm.memory.pools.Eden-Space.used.window.1h" : {
      "count" : 3,
      "max" : 20067544,
      "mean" : 1.0419914666666666E7,
      "min" : 1281808,
      "p50" : 9910392.0,
      "p75" : 2.0067544E7,
      "p95" : 2.0067544E7,
      "p98" : 2.0067544E7,
      "p99" : 2.0067544E7,
      "p999" : 2.0067544E7,
      "values" : [ 1281808, 9910392, 20067544 ],
      "stddev" : 9403227.067146115
    },
    "vm.memory.pools.Eden-Space.used.window.5m" : {
      "count" : 3,
      "max" : 20067544,
      "mean" : 1.0419914666666666E7,
      "min" : 1281808,
      "p50" : 9910392.0,
      "p75" : 2.0067544E7,
      "p95" : 2.0067544E7,
      "p98" : 2.0067544E7,
      "p99" : 2.0067544E7,
      "p999" : 2.0067544E7,
      "values" : [ 1281808, 9910392, 20067544 ],
      "stddev" : 9403227.067146115
    },
    "vm.memory.pools.Metaspace.committed.history" : {
      "count" : 3,
      "max" : 48889856,
      "mean" : 4.870966803104394E7,
      "min" : 48365568,
      "p50" : 4.8758784E7,
      "p75" : 4.8889856E7,
      "p95" : 4.8889856E7,
      "p98" : 4.8889856E7,
      "p99" : 4.8889856E7,
      "p999" : 4.8889856E7,
      "values" : [ 48365568, 48758784, 48889856 ],
      "stddev" : 212389.0309964733
    },
    "vm.memory.pools.Metaspace.committed.window.15m" : {
      "count" : 3,
      "max" : 48889856,
      "mean" : 4.8671402666666664E7,
      "min" : 48365568,
      "p50" : 4.8758784E7,
      "p75" : 4.8889856E7,
      "p95" : 4.8889856E7,
      "p98" : 4.8889856E7,
      "p99" : 4.8889856E7,
      "p999" : 4.8889856E7,
      "values" : [ 48365568, 48758784, 48889856 ],
      "stddev" : 272848.12588202493
    },
    "vm.memory.pools.Metaspace.committed.window.1h" : {
      "count" : 3,
      "max" : 48889856,
      "mean" : 4.8671402666666664E7,
      "min" : 48365568,
      "p50" : 4.8758784E7,
      "p75" : 4.8889856E7,
      "p95" : 4.8889856E7,
      "p98" : 4.8889856E7,
      "p99" : 4.8889856E7,
      "p999" : 4.8889856E7,
      "values" : [ 48365568, 48758784, 48889856 ],
      "stddev" : 272848.12588202493
    },
    "vm.memory.pools.Metaspace.committed.window.5m" : {
      "count" : 3,
      "max" : 48889856,
      "mean" : 4.8671402666666664E7,
      "min" : 48365568,
      "p50" : 4.8758784E7,
      "p75" : 4.8889856E7,
      "p95" : 4.8889856E7,
      "p98" : 4.8889856E7,
      "p99" : 4.8889856E7,
      "p999" : 4.8889856E7,
      "values" : [ 48365568, 48758784, 48889856 ],
      "stddev" : 272848.12588202493
    },
    "vm.memory.pools.Metaspace.usage.x100.history" : {
      "count" : 3,
      "max" : 94,
      "mean" : 94.0,
      "min" : 94,
      "p50" : 94.0,
      "p75" : 94.0,
      "p95" : 94.0,
      "p98" : 94.0,
      "p99" : 94.0,
      "p999" : 94.0,
      "values" : [ 94, 94, 94 ],
      "stddev" : 0.0
    },
    "vm.memory.pools.Metaspace.usage.x100.window.15m" : {
      "count" : 3,
      "max" : 94,
      "mean" : 94.0,
      "min" : 94,
      "p50" : 94.0,
      "p75" : 94.0,
      "p95" : 94.0,
      "p98" : 94.0,
      "p99" : 94.0,
      "p999" : 94.0,
      "values" : [ 94, 94, 94 ],
      "stddev" : 0.0
    },
    "vm.memory.pools.Metaspace.usage.x100.window.1h" : {
      "count" : 3,
      "max" : 94,
      "mean" : 94.0,
      "min" : 94,
      "p50" : 94.0,
      "p75" : 94.0,
      "p95" : 94.0,
      "p98" : 94.0,
      "p99" : 94.0,
      "p999" : 94.0,
      "values" : [ 94, 94, 94 ],
      "stddev" : 0.0
    },
    "vm.memory.pools.Metaspace.usage.x100.window.5m" : {
      "count" : 3,
      "max" : 94,
      "mean" : 94.0,
      "min" : 94,
      "p50" : 94.0,
      "p75" : 94.0,
      "p95" : 94.0,
      "p98" : 94.0,
      "p99" : 94.0,
      "p999" : 94.0,
      "values" : [ 94, 94, 94 ],
      "stddev" : 0.0
    },
    "vm.memory.pools.Metaspace.used.history" : {
      "count" : 3,
      "max" : 46161200,
      "mean" : 4.598042953341417E7,
      "min" : 45592368,
      "p50" : 4.606392E7,
      "p75" : 4.61612E7,
      "p95" : 4.61612E7,
      "p98" : 4.61612E7,
      "p99" : 4.61612E7,
      "p999" : 4.61612E7,
      "values" : [ 45592368, 46063920, 46161200 ],
      "stddev" : 234763.7335579819
    },
    "vm.memory.pools.Metaspace.used.window.15m" : {
      "count" : 3,
      "max" : 46161200,
      "mean" : 4.5939162666666664E7,
      "min" : 45592368,
      "p50" : 4.606392E7,
      "p75" : 4.61612E7,
      "p95" : 4.61612E7,
      "p98" : 4.61612E7,
      "p99" : 4.61612E7,
      "p999" : 4.61612E7,
      "values" : [ 45592368, 46063920, 46161200 ],
      "stddev" : 304246.20822835795
    },
    "vm.memory.pools.Metaspace.used.window.1h" : {
      "count" : 3,
      "max" : 46161200,
      "mean" : 4.5939162666666664E7,
      "min" : 45592368,
      "p50" : 4.606392E7,
      "p75" : 4.61612E7,
      "p95" : 4.61612E7,
      "p98" : 4.61612E7,
      "p99" : 4.61612E7,
      "p999" : 4.61612E7,
      "values" : [ 45592368, 46063920, 46161200 ],
      "stddev" : 304246.20822835795
    },
    "vm.memory.pools.Metaspace.used.window.5m" : {
      "count" : 3,
      "max" : 46161200,
      "mean" : 4.5939162666666664E7,
      "min" : 45592368,
      "p50" : 4.606392E7,
      "p75" : 4.61612E7,
      "p95" : 4.61612E7,
      "p98" : 4.61612E7,
      "p99" : 4.61612E7,
      "p999" : 4.61612E7,
      "values" : [ 45592368, 46063920, 46161200 ],
      "stddev" : 304246.20822835795
    },
    "vm.memory.pools.Survivor-Space.committed.history" : {
      "count" : 3,
      "max" : 4259840,
      "mean" : 4019695.619913834,
      "min" : 3342336,
      "p50" : 4259840.0,
      "p75" : 4259840.0,
      "p95" : 4259840.0,
      "p98" : 4259840.0,
      "p99" : 4259840.0,
      "p999" : 4259840.0,
      "values" : [ 3342336, 4259840, 4259840 ],
      "stddev" : 403316.3845166825
    },
    "vm.memory.pools.Survivor-Space.committed.window.15m" : {
      "count" : 3,
      "max" : 4259840,
      "mean" : 3954005.3333333335,
      "min" : 3342336,
      "p50" : 4259840.0,
      "p75" : 4259840.0,
      "p95" : 4259840.0,
      "p98" : 4259840.0,
      "p99" : 4259840.0,
      "p999" : 4259840.0,
      "values" : [ 3342336, 4259840, 4259840 ],
      "stddev" : 529721.1813825584
    },
    "vm.memory.pools.Survivor-Space.committed.window.1h" : {
      "count" : 3,
      "max" : 4259840,
      "mean" : 3954005.3333333335,
      "min" : 3342336,
      "p50" : 4259840.0,
      "p75" : 4259840.0,
      "p95" : 4259840.0,
      "p98" : 4259840.0,
      "p99" : 4259840.0,
      "p999" : 4259840.0,
      "values" : [ 3342336, 4259840, 4259840 ],
      "stddev" : 529721.1813825584
    },
    "vm.memory.pools.Survivor-Space.committed.window.5m" : {
      "count" : 3,
      "max" : 4259840,
      "mean" : 3954005.3333333335,
      "min" : 3342336,
      "p50" : 4259840.0,
      "p75" : 4259840.0,
      "p95" : 4259840.0,
      "p98" : 4259840.0,
      "p99" : 4259840.0,
      "p999" : 4259840.0,
      "values" : [ 3342336, 4259840, 4259840 ],
      "stddev" : 529721.1813825584
    },
    "vm.memory.pools.Survivor-Space.usage.x100.history" : {
      "count" : 3,
      "max" : 32,
      "mean" : 19.22878975267597,
      "min" : 7,
      "p50" : 13.0,
      "p75" : 32.0,
      "p95" : 32.0,
      "p98" : 32.0,
      "p99" : 32.0,
      "p999" : 32.0,
      "values" : [ 7, 13, 32 ],
      "stddev" : 10.899985043538805
    },
    "vm.memory.pools.Survivor-Space.usage.x100.window.15m" : {
      "count" : 3,
      "max" : 32,
      "mean" : 17.333333333333332,
      "min" : 7,
      "p50" : 13.0,
      "p75" : 32.0,
      "p95" : 32.0,
      "p98" : 32.0,
      "p99" : 32.0,
      "p999" : 32.0,
      "values" : [ 7, 13, 32 ],
      "stddev" : 13.051181300301263
    },
    "vm.memory.pools.Survivor-Space.usage.x100.window.1h" : {
      "count" : 3,
      "max" : 32,
      "mean" : 17.333333333333332,
      "min" : 7,
      "p50" : 13.0,
      "p75" : 32.0,
      "p95" : 32.0,
      "p98" : 32.0,
      "p99" : 32.0,
      "p999" : 32.0,
      "values" : [ 7, 13, 32 ],
      "stddev" : 13.051181300301263
    },
    "vm.memory.pools.Survivor-Space.usage.x100.window.5m" : {
      "count" : 3,
      "max" : 32,
      "mean" : 17.333333333333332,
      "min" : 7,
      "p50" : 13.0,
      "p75" : 32.0,
      "p95" : 32.0,
      "p98" : 32.0,
      "p99" : 32.0,
      "p999" : 32.0,
      "values" : [ 7, 13, 32 ],
      "stddev" : 13.051181300301263
    },
    "vm.memory.pools.Survivor-Space.used.history" : {
      "count" : 3,
      "max" : 2843256,
      "mean" : 1714179.1107532685,
      "min" : 650840,
      "p50" : 1149304.0,
      "p75" : 2843256.0,
      "p95" : 2843256.0,
      "p98" : 2843256.0,
      "p99" : 2843256.0,
      "p999" : 2843256.0,
      "values" : [ 650840, 1149304, 2843256 ],
      "stddev" : 961157.5206366786
    },
    "vm.memory.pools.Survivor-Space.used.window.15m" : {
      "count" : 3,
      "max" : 2843256,
      "mean" : 1547800.0,
      "min" : 650840,
      "p50" : 1149304.0,
      "p75" : 2843256.0,
      "p95" : 2843256.0,
      "p98" : 2843256.0,
      "p99" : 2843256.0,
      "p999" : 2843256.0,
      "values" : [ 650840, 1149304, 2843256 ],
      "stddev" : 1149248.1349891329
    },
    "vm.memory.pools.Survivor-Space.used.window.1h" : {
      "count" : 3,
      "max" : 2843256,
      "mean" : 1547800.0,
      "min" : 650840,
      "p50" : 1149304.0,
      "p75" : 2843256.0,
      "p95" : 2843256.0,
      "p98" : 2843256.0,
      "p99" : 2843256.0,
      "p999" : 2843256.0,
      "values" : [ 650840, 1149304, 2843256 ],
      "stddev" : 1149248.1349891329
    },
    "vm.memory.pools.Survivor-Space.used.window.5m" : {
      "count" : 3,
      "max" : 2843256,
      "mean" : 1547800.0,
      "min" : 650840,
      "p50" : 1149304.0,
      "p75" : 2843256.0,
      "p95" : 2843256.0,
      "p98" : 2843256.0,
      "p99" : 2843256.0,
      "p999" : 2843256.0,
      "values" : [ 650840, 1149304, 2843256 ],
      "stddev" : 1149248.1349891329
    },
    "vm.memory.pools.Tenured-Gen.committed.history" : {
      "count" : 3,
      "max" : 86020096,
      "mean" : 8.117861376576284E7,
      "min" : 67522560,
      "p50" : 8.6020096E7,
      "p75" : 8.6020096E7,
      "p95" : 8.6020096E7,
      "p98" : 8.6020096E7,
      "p99" : 8.6020096E7,
      "p999" : 8.6020096E7,
      "values" : [ 67522560, 86020096, 86020096 ],
      "stddev" : 8131146.394988117
    },
    "vm.memory.pools.Tenured-Gen.committed.window.15m" : {
      "count" : 3,
      "max" : 86020096,
      "mean" : 7.985425066666667E7,
      "min" : 67522560,
      "p50" : 8.6020096E7,
      "p75" : 8.6020096E7,
      "p95" : 8.6020096E7,
      "p98" : 8.6020096E7,
      "p99" : 8.6020096E7,
      "p999" : 8.6020096E7,
      "values" : [ 67522560, 86020096, 86020096 ],
      "stddev" : 1.0679557388944793E7
    },
    "vm.memory.pools.Tenured-Gen.committed.window.1h" : {
      "count" : 3,
      "max" : 86020096,
      "mean" : 7.985425066666667E7,
      "min" : 67522560,
      "p50" : 8.6020096E7,
      "p75" : 8.6020096E7,
      "p95" : 8.6020096E7,
      "p98" : 8.6020096E7,
      "p99" : 8.6020096E7,
      "p999" : 8.6020096E7,
      "values" : [ 67522560, 86020096, 86020096 ],
      "stddev" : 1.0679557388944793E7
    },
    "vm.memory.pools.Tenured-Gen.committed.window.5m" : {
      "count" : 3,
      "max" : 86020096,
      "mean" : 7.985425066666667E7,
      "min" : 67522560,
      "p50" : 8.6020096E7,
      "p75" : 8.6020096E7,
      "p95" : 8.6020096E7,
      "p98" : 8.6020096E7,
      "p99" : 8.6020096E7,
      "p999" : 8.6020096E7,
      "values" : [ 67522560, 86020096, 86020096 ],
      "stddev" : 1.0679557388944793E7
    },
    "vm.memory.pools.Tenured-Gen.usage.x100.history" : {
      "count" : 3,
      "max" : 37,
      "mean" : 31.09389282301693,
      "min" : 29,
      "p50" : 29.0,
      "p75" : 37.0,
      "p95" : 37.0,
      "p98" : 37.0,
      "p99" : 37.0,
      "p999" : 37.0,
      "values" : [ 29, 29, 37 ],
      "stddev" : 3.5166397924515427
    },
    "vm.memory.pools.Tenured-Gen.usage.x100.window.15m" : {
      "count" : 3,
      "max" : 37,
      "mean" : 31.666666666666668,
      "min" : 29,
      "p50" : 29.0,
      "p75" : 37.0,
      "p95" : 37.0,
      "p98" : 37.0,
      "p99" : 37.0,
      "p999" : 37.0,
      "values" : [ 29, 29, 37 ],
      "stddev" : 4.618802153517007
    },
    "vm.memory.pools.Tenured-Gen.usage.x100.window.1h" : {
      "count" : 3,
      "max" : 37,
      "mean" : 31.666666666666668,
      "min" : 29,
      "p50" : 29.0,
      "p75" : 37.0,
      "p95" : 37.0,
      "p98" : 37.0,
      "p99" : 37.0,
      "p999" : 37.0,
      "values" : [ 29, 29, 37 ],
      "stddev" : 4.618802153517007
    },
    "vm.memory.pools.Tenured-Gen.usage.x100.window.5m" : {
      "count" : 3,
      "max" : 37,
      "mean" : 31.666666666666668,
      "min" : 29,
      "p50" : 29.0,
      "p75" : 37.0,
      "p95" : 37.0,
      "p98" : 37.0,
      "p99" : 37.0,
      "p999" : 37.0,
      "values" : [ 29, 29, 37 ],
      "stddev" : 4.618802153517007
    },
    "vm.memory.pools.Tenured-Gen.used.history" : {
      "count" : 3,
      "max" : 65691512,
      "mean" : 5.529587154632607E7,
      "min" : 51610304,
      "p50" : 5.1610304E7,
      "p75" : 6.5691512E7,
      "p95" : 6.5691512E7,
      "p98" : 6.5691512E7,
      "p99" : 6.5691512E7,
      "p999" : 6.5691512E7,
      "values" : [ 51610304, 51610304, 65691512 ],
      "stddev" : 6189817.047323375
    },
    "vm.memory.pools.Tenured-Gen.used.window.15m" : {
      "count" : 3,
      "max" : 65691512,
      "mean" : 5.630404E7,
      "min" : 51610304,
      "p50" : 5.1610304E7,
      "p75" : 6.5691512E7,
      "p95" : 6.5691512E7,
      "p98" : 6.5691512E7,
      "p99" : 6.5691512E7,
      "p999" : 6.5691512E7,
      "values" : [ 51610304, 51610304, 65691512 ],
      "stddev" : 8129789.229315111
    },
    "vm.memory.pools.Tenured-Gen.used.window.1h" : {
      "count" : 3,
      "max" : 65691512,
      "mean" : 5.630404E7,
      "min" : 51610304,
      "p50" : 5.1610304E7,
      "p75" : 6.5691512E7,
      "p95" : 6.5691512E7,
      "p98" : 6.5691512E7,
      "p99" : 6.5691512E7,
      "p999" : 6.5691512E7,
      "values" : [ 51610304, 51610304, 65691512 ],
      "stddev" : 8129789.229315111
    },
    "vm.memory.pools.Tenured-Gen.used.window.5m" : {
      "count" : 3,
      "max" : 65691512,
      "mean" : 5.630404E7,
      "min" : 51610304,
      "p50" : 5.1610304E7,
      "p75" : 6.5691512E7,
      "p95" : 6.5691512E7,
      "p98" : 6.5691512E7,
      "p99" : 6.5691512E7,
      "p999" : 6.5691512E7,
      "values" : [ 51610304, 51610304, 65691512 ],
      "stddev" : 8129789.229315111
    },
    "vm.memory.total.committed.history" : {
      "count" : 3,
      "max" : 180064256,
      "mean" : 1.7275688605154097E8,
      "min" : 152391680,
      "p50" : 1.79867648E8,
      "p75" : 1.80064256E8,
      "p95" : 1.80064256E8,
      "p98" : 1.80064256E8,
      "p99" : 1.80064256E8,
      "p999" : 1.80064256E8,
      "values" : [ 152391680, 179867648, 180064256 ],
      "stddev" : 1.2126229248778298E7
    },
    "vm.memory.total.committed.window.15m" : {
      "count" : 3,
      "max" : 180064256,
      "mean" : 1.70774528E8,
      "min" : 152391680,
      "p50" : 1.79867648E8,
      "p75" : 1.80064256E8,
      "p95" : 1.80064256E8,
      "p98" : 1.80064256E8,
      "p99" : 1.80064256E8,
      "p999" : 1.80064256E8,
      "values" : [ 152391680, 179867648, 180064256 ],
      "stddev" : 1.5920316866185296E7
    },
    "vm.memory.total.committed.window.1h" : {
      "count" : 3,
      "max" : 180064256,
      "mean" : 1.70774528E8,
      "min" : 152391680,
      "p50" : 1.79867648E8,
      "p75" : 1.80064256E8,
      "p95" : 1.80064256E8,
      "p98" : 1.80064256E8,
      "p99" : 1.80064256E8,
      "p999" : 1.80064256E8,
      "values" : [ 152391680, 179867648, 180064256 ],
      "stddev" : 1.5920316866185296E7
    },
    "vm.memory.total.committed.window.5m" : {
      "count" : 3,
      "max" : 180064256,
      "mean" : 1.70774528E8,
      "min" : 152391680,
      "p50" : 1.79867648E8,
      "p75" : 1.80064256E8,
      "p95" : 1.80064256E8,
      "p98" : 1.80064256E8,
      "p99" : 1.80064256E8,
      "p999" : 1.80064256E8,
      "values" : [ 152391680, 179867648, 180064256 ],
      "stddev" : 1.5920316866185296E7
    },
    "vm.memory.total.used.history" : {
      "count" : 3,
      "max" : 125108672,
      "mean" : 1.201141552895097E8,
      "min" : 116756416,
      "p50" : 1.19125392E8,
      "p75" : 1.25108672E8,
      "p95" : 1.25108672E8,
      "p98" : 1.25108672E8,
      "p99" : 1.25108672E8,
      "p999" : 1.25108672E8,
      "values" : [ 116756416, 119125392, 125108672 ],
      "stddev" : 3613912.811034059
    },
    "vm.memory.total.used.window.15m" : {
      "count" : 3,
      "max" : 125108672,
      "mean" : 1.2033016E8,
      "min" : 116756416,
      "p50" : 1.19125392E8,
      "p75" : 1.25108672E8,
      "p95" : 1.25108672E8,
      "p98" : 1.25108672E8,
      "p99" : 1.25108672E8,
      "p999" : 1.25108672E8,
      "values" : [ 116756416, 119125392, 125108672 ],
      "stddev" : 4304491.203702477
    },
    "vm.memory.total.used.window.1h" : {
      "count" : 3,
      "max" : 125108672,
      "mean" : 1.2033016E8,
      "min" : 116756416,
      "p50" : 1.19125392E8,
      "p75" : 1.25108672E8,
      "p95" : 1.25108672E8,
      "p98" : 1.25108672E8,
      "p99" : 1.25108672E8,
      "p999" : 1.25108672E8,
      "values" : [ 116756416, 119125392, 125108672 ],
      "stddev" : 4304491.203702477
    },
    "vm.memory.total.used.window.5m" : {
      "count" : 3,
      "max" : 125108672,
      "mean" : 1.2033016E8,
      "min" : 116756416,
      "p50" : 1.19125392E8,
      "p75" : 1.25108672E8,
      "p95" : 1.25108672E8,
      "p98" : 1.25108672E8,
      "p99" : 1.25108672E8,
      "p999" : 1.25108672E8,
      "values" : [ 116756416, 119125392, 125108672 ],
      "stddev" : 4304491.203702477
    }
  },
  "meters" : {
    "http.responseCodes.badRequest" : {
      "count" : 0,
      "m15_rate" : 0.0,
      "m1_rate" : 0.0,
      "m5_rate" : 0.0,
      "mean_rate" : 0.0,
      "units" : "events/minute"
    },
    "http.responseCodes.created" : {
      "count" : 0,
      "m15_rate" : 0.0,
      "m1_rate" : 0.0,
      "m5_rate" : 0.0,
      "mean_rate" : 0.0,
      "units" : "events/minute"
    },
    "http.responseCodes.forbidden" : {
      "count" : 0,
      "m15_rate" : 0.0,
      "m1_rate" : 0.0,
      "m5_rate" : 0.0,
      "mean_rate" : 0.0,
      "units" : "events/minute"
    },
    "http.responseCodes.noContent" : {
      "count" : 0,
      "m15_rate" : 0.0,
      "m1_rate" : 0.0,
      "m5_rate" : 0.0,
      "mean_rate" : 0.0,
      "units" : "events/minute"
    },
    "http.responseCodes.notFound" : {
      "count" : 0,
      "m15_rate" : 0.0,
      "m1_rate" : 0.0,
      "m5_rate" : 0.0,
      "mean_rate" : 0.0,
      "units" : "events/minute"
    },
    "http.responseCodes.notModified" : {
      "count" : 0,
      "m15_rate" : 0.0,
      "m1_rate" : 0.0,
      "m5_rate" : 0.0,
      "mean_rate" : 0.0,
      "units" : "events/minute"
    },
    "http.responseCodes.ok" : {
      "count" : 28,
      "m15_rate" : 1.8170431276365078,
      "m1_rate" : 18.86491010311463,
      "m5_rate" : 5.166428607320596,
      "mean_rate" : 31.852686361336847,
      "units" : "events/minute"
    },
    "http.responseCodes.other" : {
      "count" : 0,
      "m15_rate" : 0.0,
      "m1_rate" : 0.0,
      "m5_rate" : 0.0,
      "mean_rate" : 0.0,
      "units" : "events/minute"
    },
    "http.responseCodes.serverError" : {
      "count" : 0,
      "m15_rate" : 0.0,
      "m1_rate" : 0.0,
      "m5_rate" : 0.0,
      "mean_rate" : 0.0,
      "units" : "events/minute"
    },
    "http.responseCodes.serviceUnavailable" : {
      "count" : 3,
      "m15_rate" : 11.542290915278693,
      "m1_rate" : 6.696421749240567,
      "m5_rate" : 10.678581251856285,
      "mean_rate" : 3.412783909706748,
      "units" : "events/minute"
    },
    "jenkins.job.scheduled" : {
      "count" : 0,
      "m15_rate" : 0.0,
      "m1_rate" : 0.0,
      "m5_rate" : 0.0,
      "mean_rate" : 0.0,
      "units" : "events/minute"
    },
    "jenkins.runs.aborted" : {
      "count" : 0,
      "m15_rate" : 0.0,
      "m1_rate" : 0.0,
      "m5_rate" : 0.0,
      "mean_rate" : 0.0,
      "units" : "events/minute"
    },
    "jenkins.runs.failure" : {
      "count" : 0,
      "m15_rate" : 0.0,
      "m1_rate" : 0.0,
      "m5_rate" : 0.0,
      "mean_rate" : 0.0,
      "units" : "events/minute"
    },
    "jenkins.runs.not_built" : {
      "count" : 0,
      "m15_rate" : 0.0,
      "m1_rate" : 0.0,
      "m5_rate" : 0.0,
      "mean_rate" : 0.0,
      "units" : "events/minute"
    },
    "jenkins.runs.success" : {
      "count" : 0,
      "m15_rate" : 0.0,
      "m1_rate" : 0.0,
      "m5_rate" : 0.0,
      "mean_rate" : 0.0,
      "units" : "events/minute"
    },
    "jenkins.runs.total" : {
      "count" : 0,
      "m15_rate" : 0.0,
      "m1_rate" : 0.0,
      "m5_rate" : 0.0,
      "mean_rate" : 0.0,
      "units" : "events/minute"
    },
    "jenkins.runs.unstable" : {
      "count" : 0,
      "m15_rate" : 0.0,
      "m1_rate" : 0.0,
      "m5_rate" : 0.0,
      "mean_rate" : 0.0,
      "units" : "events/minute"
    }
  },
  "timers" : {
    "http.requests" : {
      "count" : 31,
      "max" : 3.1493593000000004,
      "mean" : 0.20578113011137636,
      "min" : 0.0043466,
      "p50" : 0.025300000000000003,
      "p75" : 0.050559200000000006,
      "p95" : 2.9697059,
      "p98" : 3.1493593000000004,
      "p99" : 3.1493593000000004,
      "p999" : 3.1493593000000004,
      "values" : [ 0.0043466, 0.004898100000000001, 0.0055758000000000005, 0.005750300000000001, 0.0061488, 0.0070534000000000005, 0.0073926, 0.0119804, 0.0128336, 0.013605800000000001, 0.0137701, 0.014551600000000001, 0.0164161, 0.017513400000000002, 0.022503500000000003, 0.0243873, 0.025300000000000003, 0.028237, 0.0300494, 0.0345279, 0.037116300000000005, 0.037434, 0.0429428, 0.050559200000000006, 0.05442230000000001, 0.0628785, 0.0719497, 0.07524940000000001, 0.0767439, 2.9697059, 3.1493593000000004 ],
      "stddev" : 0.710621134621747,
      "m15_rate" : 13.359334042915199,
      "m1_rate" : 25.5613318523552,
      "m5_rate" : 15.845009859176882,
      "mean_rate" : 35.26730893783222,
      "duration_units" : "seconds",
      "rate_units" : "calls/minute"
    },
    "jenkins.health-check.duration" : {
      "count" : 1,
      "max" : 0.007291700000000001,
      "mean" : 0.007291700000000001,
      "min" : 0.007291700000000001,
      "p50" : 0.007291700000000001,
      "p75" : 0.007291700000000001,
      "p95" : 0.007291700000000001,
      "p98" : 0.007291700000000001,
      "p99" : 0.007291700000000001,
      "p999" : 0.007291700000000001,
      "values" : [ 0.007291700000000001 ],
      "stddev" : 0.0,
      "m15_rate" : 0.06394604604234361,
      "m1_rate" : 0.5354163208494602,
      "m5_rate" : 0.1765014233409163,
      "mean_rate" : 1.3325370832022496,
      "duration_units" : "seconds",
      "rate_units" : "calls/minute"
    },
    "jenkins.job.blocked.duration" : {
      "count" : 0,
      "max" : 0.0,
      "mean" : 0.0,
      "min" : 0.0,
      "p50" : 0.0,
      "p75" : 0.0,
      "p95" : 0.0,
      "p98" : 0.0,
      "p99" : 0.0,
      "p999" : 0.0,
      "values" : [ ],
      "stddev" : 0.0,
      "m15_rate" : 0.0,
      "m1_rate" : 0.0,
      "m5_rate" : 0.0,
      "mean_rate" : 0.0,
      "duration_units" : "seconds",
      "rate_units" : "calls/minute"
    },
    "jenkins.job.buildable.duration" : {
      "count" : 0,
      "max" : 0.0,
      "mean" : 0.0,
      "min" : 0.0,
      "p50" : 0.0,
      "p75" : 0.0,
      "p95" : 0.0,
      "p98" : 0.0,
      "p99" : 0.0,
      "p999" : 0.0,
      "values" : [ ],
      "stddev" : 0.0,
      "m15_rate" : 0.0,
      "m1_rate" : 0.0,
      "m5_rate" : 0.0,
      "mean_rate" : 0.0,
      "duration_units" : "seconds",
      "rate_units" : "calls/minute"
    },
    "jenkins.job.building.duration" : {
      "count" : 0,
      "max" : 0.0,
      "mean" : 0.0,
      "min" : 0.0,
      "p50" : 0.0,
      "p75" : 0.0,
      "p95" : 0.0,
      "p98" : 0.0,
      "p99" : 0.0,
      "p999" : 0.0,
      "values" : [ ],
      "stddev" : 0.0,
      "m15_rate" : 0.0,
      "m1_rate" : 0.0,
      "m5_rate" : 0.0,
      "mean_rate" : 0.0,
      "duration_units" : "seconds",
      "rate_units" : "calls/minute"
    },
    "jenkins.job.queuing.duration" : {
      "count" : 0,
      "max" : 0.0,
      "mean" : 0.0,
      "min" : 0.0,
      "p50" : 0.0,
      "p75" : 0.0,
      "p95" : 0.0,
      "p98" : 0.0,
      "p99" : 0.0,
      "p999" : 0.0,
      "values" : [ ],
      "stddev" : 0.0,
      "m15_rate" : 0.0,
      "m1_rate" : 0.0,
      "m5_rate" : 0.0,
      "mean_rate" : 0.0,
      "duration_units" : "seconds",
      "rate_units" : "calls/minute"
    },
    "jenkins.job.total.duration" : {
      "count" : 0,
      "max" : 0.0,
      "mean" : 0.0,
      "min" : 0.0,
      "p50" : 0.0,
      "p75" : 0.0,
      "p95" : 0.0,
      "p98" : 0.0,
      "p99" : 0.0,
      "p999" : 0.0,
      "values" : [ ],
      "stddev" : 0.0,
      "m15_rate" : 0.0,
      "m1_rate" : 0.0,
      "m5_rate" : 0.0,
      "mean_rate" : 0.0,
      "duration_units" : "seconds",
      "rate_units" : "calls/minute"
    },
    "jenkins.job.waiting.duration" : {
      "count" : 0,
      "max" : 0.0,
      "mean" : 0.0,
      "min" : 0.0,
      "p50" : 0.0,
      "p75" : 0.0,
      "p95" : 0.0,
      "p98" : 0.0,
      "p99" : 0.0,
      "p999" : 0.0,
      "values" : [ ],
      "stddev" : 0.0,
      "m15_rate" : 0.0,
      "m1_rate" : 0.0,
      "m5_rate" : 0.0,
      "mean_rate" : 0.0,
      "duration_units" : "seconds",
      "rate_units" : "calls/minute"
    }
  }
}