<hudson.plugins.audit__trail.AuditTrailPlugin plugin="audit-trail@2.3">
  <pattern>.*/(?:configSubmit|doDelete|postBuildResult|enable|disable|cancelQueue|stop|toggleLogKeep|doWipeOutWorkspace|createItem|createView|toggleOffline|cancelQuietDown|quietDown|restart|exit|safeExit)</pattern>
  <logBuildCause>true</logBuildCause>
  <loggers>
    <hudson.plugins.audit__trail.LogFileAuditLogger>
      <log>c:\work\jenkins\audit.log</log>
      <limit>4</limit>
      <count>4</count>
    </hudson.plugins.audit__trail.LogFileAuditLogger>
  </loggers>
</hudson.plugins.audit__trail.AuditTrailPlugin>