<com.sonyericsson.jenkins.plugins.bfa.PluginImpl plugin="build-failure-analyzer@1.20.0">
  <noCausesMessage>No problems were identified. If you know why this problem occurred, please add a suitable Cause for it.</noCausesMessage>
  <globalEnabled>true</globalEnabled>
  <doNotAnalyzeAbortedJob>false</doNotAnalyzeAbortedJob>
  <gerritTriggerEnabled>false</gerritTriggerEnabled>
  <knowledgeBase class="com.sonyericsson.jenkins.plugins.bfa.db.MongoDBKnowledgeBase">
    <host>localhost</host>
    <port>27017</port>
    <dbName>jenkins</dbName>
    <userName/>
    <password>#secret#</password>
    <enableStatistics>true</enableStatistics>
    <successfulLogging>true</successfulLogging>
  </knowledgeBase>
  <nrOfScanThreads>2</nrOfScanThreads>
  <maxLogSize>0</maxLogSize>
  <graphsEnabled>true</graphsEnabled>
  <testResultParsingEnabled>true</testResultParsingEnabled>
  <testResultCategories>Tests</testResultCategories>
  <sodVariables>
    <minimumSodWorkerThreads>1</minimumSodWorkerThreads>
    <maximumSodWorkerThreads>1</maximumSodWorkerThreads>
    <sodThreadKeepAliveTime>15</sodThreadKeepAliveTime>
    <sodWaitForJobShutdownTimeout>30</sodWaitForJobShutdownTimeout>
    <sodCorePoolNumberOfThreads>5</sodCorePoolNumberOfThreads>
  </sodVariables>
</com.sonyericsson.jenkins.plugins.bfa.PluginImpl>