<de.pellepelster.jenkins.walldisplay.Configuration plugin="jenkinswalldisplay@0.6.34">
  <customTheme>.custom {
        background-color: #000000;
}
.custom.blue {
        background-color: #00CC00;
}
.custom.red, .custom.yellow, .custom.aborted, .custom.grey {
        background-color: #CC0000;
}
.custom.claimed {
        background-color: #0000CC;
}
</customTheme>
  <jenkinsTimeOut>30</jenkinsTimeOut>
  <jenkinsUpdateInterval>15</jenkinsUpdateInterval>
  <paintInterval>3</paintInterval>
  <maxQueuePositionToShow>10</maxQueuePositionToShow>
  <showDetails>true</showDetails>
  <showGravatar>false</showGravatar>
  <showJunitResults>false</showJunitResults>
  <showBuildNumber>true</showBuildNumber>
  <showLastStableTimeAgo>true</showLastStableTimeAgo>
  <showDisabledBuilds>false</showDisabledBuilds>
  <showWeatherReport>true</showWeatherReport>
  <blinkBgPicturesWhenBuilding>true</blinkBgPicturesWhenBuilding>
  <gravatarUrl>http://www.gravatar.com/avatar/</gravatarUrl>
</de.pellepelster.jenkins.walldisplay.Configuration>