<hudson.plugins.global__build__stats.GlobalBuildStatsPlugin version="9">
  <buildStatConfigs>
    <bsc plugin="global-build-stats@1.5">
      <id>NlGFL0WKlqpmvmlEmUN4nCmYsZ@ohWkZ</id>
      <t>Workload</t>
      <w>400</w>
      <h>1200</h>
      <l>14</l>
      <s>DAILY</s>
      <yact>COUNT</yact>
      <ds>
        <GBS__YACD>BUILD_COUNTER</GBS__YACD>
        <GBS__YACD>BUILD_TOTAL_DURATION</GBS__YACD>
      </ds>
      <f>
        <jf>ALL</jf>
        <nf>ALL</nf>
        <lf>ALL</lf>
        <sbr>15</sbr>
      </f>
    </bsc>
  </buildStatConfigs>
  <retentionStrategies/>
</hudson.plugins.global__build__stats.GlobalBuildStatsPlugin>