<hudson.plugins.warnings.WarningsDescriptor plugin="warnings@4.68">
  <groovyParsers>
    <hudson.plugins.warnings.GroovyParser>
      <name>Note parser</name>
      <regexp>^\s*(.*):(\d+):(\d+):(.*):\s*(.*)$</regexp>
      <script>import hudson.plugins.warnings.parser.Warning

String fileName = matcher.group(1).trim()
String lineNumber = matcher.group(2).trim()
String colNumber = matcher.group(3).trim()
String category = matcher.group(4).trim()
String message = matcher.group(5).trim()

if (category.toLowerCase() == "note") {
  return new Warning(fileName, Integer.parseInt(lineNumber), "Dynamic Note Parser", category, message);
} else {
  return 
}
</script>
      <example>src/nmi_m2m/source/ip/m2m_ip.c:921:4: note: passing argument 4 of 'M2M_SSL_Connect' from incompatible pointer type [view_economic_stamp by default]</example>
      <linkName>Compiler notes</linkName>
      <trendName>Compiler notations</trendName>
    </hudson.plugins.warnings.GroovyParser>
    <hudson.plugins.warnings.GroovyParser>
      <name>CheckPatch parser</name>
      <regexp>^\s*(.*):(\d+):\s+(.*):\s+(.*)$</regexp>
      <script>import hudson.plugins.warnings.parser.Warning
import hudson.plugins.analysis.util.model.Priority

String fileName = matcher.group(1).trim()
String lineNumber = matcher.group(2).trim()
String category = matcher.group(3).trim()
String message = matcher.group(4).trim()

category = category + "                              "

if (category.toLowerCase().substring(0,7) == "warning") {
  return new Warning(fileName, Integer.parseInt(lineNumber), "CheckPatch Parser", "WARNING", message, Priority.NORMAL);
} else {
  if (category.toLowerCase().substring(0,5) == "error") {
    return new Warning(fileName, Integer.parseInt(lineNumber), "CheckPatch Parser", "ERROR", message, Priority.HIGH);
  } else {
    return 
  }
}
</script>
      <example>./wilc_debugfs.h:12: error:tere: please, no space before tabs
</example>
      <linkName>CheckPatch Issues</linkName>
      <trendName>CheckPatch Problems</trendName>
    </hudson.plugins.warnings.GroovyParser>
  </groovyParsers>
</hudson.plugins.warnings.WarningsDescriptor>