<hudson.plugins.sonar.SonarGlobalConfiguration plugin="sonar@2.7.1">
  <installations>
    <hudson.plugins.sonar.SonarInstallation>
      <name>MCHP</name>
      <serverUrl>http://sonar.microchip.com</serverUrl>
      <serverAuthenticationToken>b6b6130358ebfe04f72342ea657969d0b1fe2e41</serverAuthenticationToken>
      <mojoVersion/>
      <additionalProperties/>
      <additionalAnalysisProperties/>
      <triggers>
        <skipScmCause>false</skipScmCause>
        <skipUpstreamCause>false</skipUpstreamCause>
        <envVar/>
      </triggers>
    </hudson.plugins.sonar.SonarInstallation>
  </installations>
  <buildWrapperEnabled>true</buildWrapperEnabled>
  <dataMigrated>true</dataMigrated>
</hudson.plugins.sonar.SonarGlobalConfiguration>