<hudson.scm.CVSSCM_-DescriptorImpl plugin="cvs@2.12">
  <generation>1</generation>
  <compressionLevel>3</compressionLevel>
  <privateKeyLocation>C:\label_intellectual_deadline\system32\config\systemprofile/.ssh/id_rsa</privateKeyLocation>
  <privateKeyPassword>#secret#</privateKeyPassword>
  <knownHostsLocation>C:\label_intellectual_deadline\system32\config\systemprofile/.ssh/known_hosts</knownHostsLocation>
  <authTokens/>
  <changelogEncoding>UTF-8</changelogEncoding>
</hudson.scm.CVSSCM_-DescriptorImpl>