<hudson.plugins.jira.JiraProjectProperty_-DescriptorImpl plugin="jira@3.0.5">
  <sites>
    <hudson.plugins.jira.JiraSite>
      <url>https://jira.microchip.com:8443/</url>
      <alternativeUrl>https://jira.microchip.com:8443/</alternativeUrl>
      <useHTTPAuth>false</useHTTPAuth>
      <credentialsId>93361b79-26cc-4f88-ba5b-fd915b696675</credentialsId>
      <supportsWikiStyleComment>true</supportsWikiStyleComment>
      <recordScmChanges>true</recordScmChanges>
      <disableChangelogAnnotations>false</disableChangelogAnnotations>
      <updateJiraIssueForAllStatus>false</updateJiraIssueForAllStatus>
      <timeout>10</timeout>
      <readTimeout>10</readTimeout>
      <threadExecutorNumber>10</threadExecutorNumber>
      <dateTimePattern/>
      <appendChangeTimestamp>false</appendChangeTimestamp>
    </hudson.plugins.jira.JiraSite>
  </sites>
</hudson.plugins.jira.JiraProjectProperty_-DescriptorImpl>