<org.jvnet.hudson.plugins.thinbackup.backup.PluginList plugin="thinBackup@1.9">
  <plugins>
    <entry>
      <string>svn-release-mgr</string>
      <string>1.2</string>
    </entry>
    <entry>
      <string>github-branch-source</string>
      <string>2.0.3</string>
    </entry>
    <entry>
      <string>ssh</string>
      <string>2.4</string>
    </entry>
    <entry>
      <string>pipeline-github-lib</string>
      <string>1.0</string>
    </entry>
    <entry>
      <string>build-with-parameters</string>
      <string>1.3</string>
    </entry>
    <entry>
      <string>workflow-multibranch</string>
      <string>2.12</string>
    </entry>
    <entry>
      <string>any-buildstep</string>
      <string>0.1</string>
    </entry>
    <entry>
      <string>docker-workflow</string>
      <string>1.10</string>
    </entry>
    <entry>
      <string>bitbucket-approve</string>
      <string>1.0.3</string>
    </entry>
    <entry>
      <string>environment-script</string>
      <string>1.2.5</string>
    </entry>
    <entry>
      <string>maven-plugin</string>
      <string>2.15.1</string>
    </entry>
    <entry>
      <string>pipeline-stage-tags-metadata</string>
      <string>1.0.1</string>
    </entry>
    <entry>
      <string>trac</string>
      <string>1.13</string>
    </entry>
    <entry>
      <string>emailext-template</string>
      <string>1.0</string>
    </entry>
    <entry>
      <string>git-client</string>
      <string>2.2.1</string>
    </entry>
    <entry>
      <string>scm-api</string>
      <string>2.0.5</string>
    </entry>
    <entry>
      <string>StashBranchParameter</string>
      <string>0.3.0</string>
    </entry>
    <entry>
      <string>pipeline-stage-step</string>
      <string>2.2</string>
    </entry>
    <entry>
      <string>stashNotifier</string>
      <string>1.11.6</string>
    </entry>
    <entry>
      <string>tasks</string>
      <string>4.50</string>
    </entry>
    <entry>
      <string>email-ext</string>
      <string>2.57</string>
    </entry>
    <entry>
      <string>github</string>
      <string>1.26.0</string>
    </entry>
    <entry>
      <string>build-timeout</string>
      <string>1.18</string>
    </entry>
    <entry>
      <string>label_intellectual_deadline-slaves</string>
      <string>1.2</string>
    </entry>
    <entry>
      <string>multi-branch-project-plugin</string>
      <string>0.5.1</string>
    </entry>
    <entry>
      <string>parameterized-trigger</string>
      <string>2.32</string>
    </entry>
    <entry>
      <string>violations</string>
      <string>0.7.11</string>
    </entry>
    <entry>
      <string>mailer</string>
      <string>1.19</string>
    </entry>
    <entry>
      <string>xunit</string>
      <string>1.102</string>
    </entry>
    <entry>
      <string>workflow-scm-step</string>
      <string>2.3</string>
    </entry>
    <entry>
      <string>ws-cleanup</string>
      <string>0.32</string>
    </entry>
    <entry>
      <string>stash-pullrequest-builder</string>
      <string>1.7.0</string>
    </entry>
    <entry>
      <string>show-build-parameters</string>
      <string>1.0</string>
    </entry>
    <entry>
      <string>token-macro</string>
      <string>2.0</string>
    </entry>
    <entry>
      <string>lockable-resources</string>
      <string>1.11</string>
    </entry>
    <entry>
      <string>run-condition</string>
      <string>1.0</string>
    </entry>
    <entry>
      <string>thinBackup</string>
      <string>1.9</string>
    </entry>
    <entry>
      <string>measurement-plots</string>
      <string>0.1</string>
    </entry>
    <entry>
      <string>momentjs</string>
      <string>1.1.1</string>
    </entry>
    <entry>
      <string>radiatorviewplugin</string>
      <string>1.29</string>
    </entry>
    <entry>
      <string>pipeline-build-step</string>
      <string>2.4</string>
    </entry>
    <entry>
      <string>pipeline-stage-view</string>
      <string>2.5</string>
    </entry>
    <entry>
      <string>mock-label_exciting_folk</string>
      <string>1.10</string>
    </entry>
    <entry>
      <string>pipeline-model-definition</string>
      <string>1.0.1</string>
    </entry>
    <entry>
      <string>config-file-provider</string>
      <string>2.15.6</string>
    </entry>
    <entry>
      <string>resource-disposer</string>
      <string>0.6</string>
    </entry>
    <entry>
      <string>bouncycastle-api</string>
      <string>2.16.0</string>
    </entry>
    <entry>
      <string>statistics-gatherer</string>
      <string>1.1.1</string>
    </entry>
    <entry>
      <string>ace-editor</string>
      <string>1.1</string>
    </entry>
    <entry>
      <string>docker-commons</string>
      <string>1.6</string>
    </entry>
    <entry>
      <string>javadoc</string>
      <string>1.4</string>
    </entry>
    <entry>
      <string>jquery-detached</string>
      <string>1.2.1</string>
    </entry>
    <entry>
      <string>pam-auth</string>
      <string>1.3</string>
    </entry>
    <entry>
      <string>analysis-collector</string>
      <string>1.50</string>
    </entry>
    <entry>
      <string>icon-shim</string>
      <string>2.0.3</string>
    </entry>
    <entry>
      <string>workflow-durable-task-step</string>
      <string>2.9</string>
    </entry>
    <entry>
      <string>ssh-credentials</string>
      <string>1.13</string>
    </entry>
    <entry>
      <string>jobConfigHistory</string>
      <string>2.15</string>
    </entry>
    <entry>
      <string>violation-comments-to-stash</string>
      <string>1.46</string>
    </entry>
    <entry>
      <string>workflow-basic-steps</string>
      <string>2.4</string>
    </entry>
    <entry>
      <string>workflow-job</string>
      <string>2.10</string>
    </entry>
    <entry>
      <string>copyartifact</string>
      <string>1.38.1</string>
    </entry>
    <entry>
      <string>github-api</string>
      <string>1.84</string>
    </entry>
    <entry>
      <string>workflow-cps</string>
      <string>2.27</string>
    </entry>
    <entry>
      <string>scm-sync-configuration</string>
      <string>0.0.10</string>
    </entry>
    <entry>
      <string>matrix-auth</string>
      <string>1.4</string>
    </entry>
    <entry>
      <string>gradle</string>
      <string>1.26</string>
    </entry>
    <entry>
      <string>mercurial</string>
      <string>1.59</string>
    </entry>
    <entry>
      <string>script-security</string>
      <string>1.26</string>
    </entry>
    <entry>
      <string>external-monitor-job</string>
      <string>1.7</string>
    </entry>
    <entry>
      <string>Hudson core</string>
      <string>2.47</string>
    </entry>
    <entry>
      <string>build-monitor-plugin</string>
      <string>1.11+build.201701152243</string>
    </entry>
    <entry>
      <string>blame-upstream-commiters</string>
      <string>1.2</string>
    </entry>
    <entry>
      <string>flexible-publish</string>
      <string>0.15.2</string>
    </entry>
    <entry>
      <string>regression-report-plugin</string>
      <string>1.5</string>
    </entry>
    <entry>
      <string>analysis-core</string>
      <string>1.82</string>
    </entry>
    <entry>
      <string>pipeline-milestone-step</string>
      <string>1.3</string>
    </entry>
    <entry>
      <string>xfpanel</string>
      <string>2.0.1</string>
    </entry>
    <entry>
      <string>bitbucket</string>
      <string>1.1.5</string>
    </entry>
    <entry>
      <string>fail-the-build-plugin</string>
      <string>1.0</string>
    </entry>
    <entry>
      <string>handlebars</string>
      <string>1.1.1</string>
    </entry>
    <entry>
      <string>ldap</string>
      <string>1.14</string>
    </entry>
    <entry>
      <string>claim</string>
      <string>2.9</string>
    </entry>
    <entry>
      <string>workflow-cps-global-lib</string>
      <string>2.6</string>
    </entry>
    <entry>
      <string>workflow-support</string>
      <string>2.13</string>
    </entry>
    <entry>
      <string>log-parser</string>
      <string>2.0</string>
    </entry>
    <entry>
      <string>antisamy-markup-formatter</string>
      <string>1.5</string>
    </entry>
    <entry>
      <string>modernstatus</string>
      <string>1.2</string>
    </entry>
    <entry>
      <string>pipeline-rest-api</string>
      <string>2.5</string>
    </entry>
    <entry>
      <string>conditional-buildstep</string>
      <string>1.3.5</string>
    </entry>
    <entry>
      <string>pipeline-model-api</string>
      <string>1.0.1</string>
    </entry>
    <entry>
      <string>build-pipeline-plugin</string>
      <string>1.5.6</string>
    </entry>
    <entry>
      <string>pollscm</string>
      <string>1.3</string>
    </entry>
    <entry>
      <string>publish-over-ssh</string>
      <string>1.17</string>
    </entry>
    <entry>
      <string>pipeline-input-step</string>
      <string>2.5</string>
    </entry>
    <entry>
      <string>pipeline-utility-steps</string>
      <string>1.2.2</string>
    </entry>
    <entry>
      <string>git-server</string>
      <string>1.7</string>
    </entry>
    <entry>
      <string>ssh-agent</string>
      <string>1.14</string>
    </entry>
    <entry>
      <string>trac-publisher-plugin</string>
      <string>1.3</string>
    </entry>
    <entry>
      <string>credentials-binding</string>
      <string>1.10</string>
    </entry>
    <entry>
      <string>workflow-aggregator</string>
      <string>2.5</string>
    </entry>
    <entry>
      <string>jenkinswalldisplay</string>
      <string>0.6.33</string>
    </entry>
    <entry>
      <string>credentials</string>
      <string>2.1.11</string>
    </entry>
    <entry>
      <string>mission-control-view</string>
      <string>0.9.9</string>
    </entry>
    <entry>
      <string>greenballs</string>
      <string>1.15</string>
    </entry>
    <entry>
      <string>dashboard-view</string>
      <string>2.9.10</string>
    </entry>
    <entry>
      <string>naginator</string>
      <string>1.17.2</string>
    </entry>
    <entry>
      <string>workflow-step-api</string>
      <string>2.9</string>
    </entry>
    <entry>
      <string>plain-credentials</string>
      <string>1.4</string>
    </entry>
    <entry>
      <string>jquery</string>
      <string>1.11.2-0</string>
    </entry>
    <entry>
      <string>matrix-project</string>
      <string>1.8</string>
    </entry>
    <entry>
      <string>memory-map</string>
      <string>2.2.0 (b6c0d)</string>
    </entry>
    <entry>
      <string>git</string>
      <string>3.0.5</string>
    </entry>
    <entry>
      <string>authentication-tokens</string>
      <string>1.3</string>
    </entry>
    <entry>
      <string>svn-tag</string>
      <string>1.18</string>
    </entry>
    <entry>
      <string>cppcheck</string>
      <string>1.21</string>
    </entry>
    <entry>
      <string>plot</string>
      <string>1.9</string>
    </entry>
    <entry>
      <string>cloudbees-folder</string>
      <string>5.17</string>
    </entry>
    <entry>
      <string>downstream-buildview</string>
      <string>1.9</string>
    </entry>
    <entry>
      <string>durable-task</string>
      <string>1.13</string>
    </entry>
    <entry>
      <string>timestamper</string>
      <string>1.8.8</string>
    </entry>
    <entry>
      <string>junit</string>
      <string>1.20</string>
    </entry>
    <entry>
      <string>pipeline-graph-analysis</string>
      <string>1.3</string>
    </entry>
    <entry>
      <string>build-timestamp</string>
      <string>1.0.1</string>
    </entry>
    <entry>
      <string>structs</string>
      <string>1.6</string>
    </entry>
    <entry>
      <string>ant</string>
      <string>1.4</string>
    </entry>
    <entry>
      <string>warnings</string>
      <string>4.59</string>
    </entry>
    <entry>
      <string>jquery-ui</string>
      <string>1.0.2</string>
    </entry>
    <entry>
      <string>file-operations</string>
      <string>1.3</string>
    </entry>
    <entry>
      <string>mapdb-api</string>
      <string>ip_complete_withdrawal</string>
    </entry>
    <entry>
      <string>ssh-slaves</string>
      <string>1.13</string>
    </entry>
    <entry>
      <string>terminal</string>
      <string>1.4</string>
    </entry>
    <entry>
      <string>ivy</string>
      <string>1.27.1</string>
    </entry>
    <entry>
      <string>github-organization-folder</string>
      <string>1.6</string>
    </entry>
    <entry>
      <string>uptime</string>
      <string>1.0</string>
    </entry>
    <entry>
      <string>git-parameter</string>
      <string>0.8.0</string>
    </entry>
    <entry>
      <string>pipeline-maven</string>
      <string>0.5</string>
    </entry>
    <entry>
      <string>subversion</string>
      <string>2.7.1</string>
    </entry>
    <entry>
      <string>copy-to-label_exciting_folk</string>
      <string>1.4.4</string>
    </entry>
    <entry>
      <string>display-url-api</string>
      <string>1.1.1</string>
    </entry>
    <entry>
      <string>pipeline-model-declarative-agent</string>
      <string>1.0.1</string>
    </entry>
    <entry>
      <string>branch-api</string>
      <string>2.0.6</string>
    </entry>
    <entry>
      <string>svnpublisher</string>
      <string>0.1</string>
    </entry>
    <entry>
      <string>text-file-operations</string>
      <string>1.3.2</string>
    </entry>
    <entry>
      <string>workflow-api</string>
      <string>2.11</string>
    </entry>
    <entry>
      <string>text-finder</string>
      <string>1.10</string>
    </entry>
    <entry>
      <string>shelve-project-plugin</string>
      <string>1.5</string>
    </entry>
  </plugins>
</org.jvnet.hudson.plugins.thinbackup.backup.PluginList>