<jenkins.advancedqueue.PriorityConfiguration plugin="PrioritySorter@3.5.0">
  <jobGroups class="linked-list">
    <jenkins.advancedqueue.JobGroup>
      <id>0</id>
      <priority>1</priority>
      <jobGroupStrategy class="jenkins.advancedqueue.jobinclusion.strategy.ViewBasedJobInclusionStrategy">
        <viewName>view_economic_stamp</viewName>
        <useJobFilter>true</useJobFilter>
        <jobPattern>item_socialist_faith*</jobPattern>
      </jobGroupStrategy>
      <description>Top prority</description>
      <runExclusive>false</runExclusive>
      <useJobFilter>false</useJobFilter>
      <jobPattern>.*</jobPattern>
      <usePriorityStrategies>false</usePriorityStrategies>
      <priorityStrategies/>
    </jenkins.advancedqueue.JobGroup>
  </jobGroups>
</jenkins.advancedqueue.PriorityConfiguration>