<jenkins.advancedqueue.PrioritySorterConfiguration plugin="PrioritySorter@3.5.0">
  <allowPriorityOnJobs>false</allowPriorityOnJobs>
  <onlyAdminsMayEditPriorityConfiguration>false</onlyAdminsMayEditPriorityConfiguration>
  <strategy class="jenkins.advancedqueue.sorter.strategy.AbsoluteStrategy">
    <ifCondition/>
    <unlessCondition/>
    <children/>
    <location>
      <lineNumber>0</lineNumber>
      <columnNumber>0</columnNumber>
    </location>
    <numberOfPriorities>5</numberOfPriorities>
    <defaultPriority>3</defaultPriority>
  </strategy>
</jenkins.advancedqueue.PrioritySorterConfiguration>