<hudson.plugins.jobConfigHistory.JobConfigHistory plugin="jobConfigHistory@2.18.3">
  <historyRootDir>C:\work\jenkins</historyRootDir>
  <maxHistoryEntries>10</maxHistoryEntries>
  <maxEntriesPerPage/>
  <maxDaysToKeepEntries/>
  <excludedUsers/>
  <skipDuplicateHistory>true</skipDuplicateHistory>
  <excludePattern>queue\.xml|nodeMonitors\.xml|UpdateCenter\.xml|global-build-stats</excludePattern>
  <saveModuleConfiguration>false</saveModuleConfiguration>
  <showBuildBadges>always</showBuildBadges>
</hudson.plugins.jobConfigHistory.JobConfigHistory>