<jp.ikedam.jenkins.plugins.scoringloadbalancer.ScoringLoadBalancer_-DescriptorImpl plugin="scoring-load-balancer@1.0.1">
  <view_economic_stamp>true</view_economic_stamp>
  <reportScoresEnabled>false</reportScoresEnabled>
  <scoringRuleList>
    <jp.ikedam.jenkins.plugins.scoringloadbalancer.rules.NodePreferenceScoringRule>
      <nodesPreferenceScale>10</nodesPreferenceScale>
      <projectPreferenceScale>10</projectPreferenceScale>
    </jp.ikedam.jenkins.plugins.scoringloadbalancer.rules.NodePreferenceScoringRule>
  </scoringRuleList>
</jp.ikedam.jenkins.plugins.scoringloadbalancer.ScoringLoadBalancer_-DescriptorImpl>