<org.jenkins.plugins.statistics.gatherer.StatisticsConfiguration plugin="statistics-gatherer@2.0.3">
  <queueUrl>http://ci.mycompany.com/api/queue/</queueUrl>
  <buildUrl>http://ci.mycompany.com/api/build/</buildUrl>
  <projectUrl>http://ci.mycompany.com/api/projects/</projectUrl>
  <scmCheckoutUrl>http://ci.mycompany.com/api//scm/</scmCheckoutUrl>
  <buildStepUrl>http://ci.mycompany.com/api//step/</buildStepUrl>
  <awsRegion/>
  <awsAccessKey/>
  <awsSecretKey/>
  <snsTopicArn/>
  <logbackConfigXmlUrl/>
  <queueInfo>false</queueInfo>
  <buildInfo>false</buildInfo>
  <projectInfo>false</projectInfo>
  <scmCheckoutInfo>false</scmCheckoutInfo>
  <buildStepInfo>false</buildStepInfo>
  <shouldSendApiHttpRequests>false</shouldSendApiHttpRequests>
  <shouldPublishToAwsSnsQueue>false</shouldPublishToAwsSnsQueue>
  <shouldSendToLogback>false</shouldSendToLogback>
</org.jenkins.plugins.statistics.gatherer.StatisticsConfiguration>