<org.jenkinsci.plugins.prometheus.config.PrometheusConfiguration plugin="prometheus@2.0.0">
  <urlName>prometheus</urlName>
  <additionalPath/>
  <defaultNamespace>default</defaultNamespace>
  <jobAttributeName>jenkins_job</jobAttributeName>
  <useAuthenticatedEndpoint>false</useAuthenticatedEndpoint>
  <countSuccessfulBuilds>true</countSuccessfulBuilds>
  <countUnstableBuilds>true</countUnstableBuilds>
  <countFailedBuilds>true</countFailedBuilds>
  <countNotBuiltBuilds>true</countNotBuiltBuilds>
  <countAbortedBuilds>true</countAbortedBuilds>
  <fetchTestResults>true</fetchTestResults>
  <processingDisabledBuilds>true</processingDisabledBuilds>
</org.jenkinsci.plugins.prometheus.config.PrometheusConfiguration>