<org.jfrog.hudson.ArtifactoryBuilder_-DescriptorImpl plugin="artifactory@2.16.2">
  <useCredentialsPlugin>false</useCredentialsPlugin>
  <artifactoryServers>
    <org.jfrog.hudson.ArtifactoryServer>
      <url>http://ely-dt-m44068a.mchp-main.com:8081/artifactory</url>
      <id>ely-dt-m44068a</id>
      <timeout>300</timeout>
      <bypassProxy>false</bypassProxy>
      <connectionRetry>3</connectionRetry>
      <deployerCredentialsConfig>
        <credentials>
          <username>jenkins</username>
          <password>amVua2lucw==</password>
        </credentials>
        <credentialsId/>
        <overridingCredentials>false</overridingCredentials>
        <ignoreCredentialPluginDisabled>false</ignoreCredentialPluginDisabled>
      </deployerCredentialsConfig>
    </org.jfrog.hudson.ArtifactoryServer>
    <org.jfrog.hudson.ArtifactoryServer>
      <url>http://artifacts.microchip.com:8081/artifactory</url>
      <id>artifacts.microchip.com</id>
      <timeout>300</timeout>
      <bypassProxy>false</bypassProxy>
      <connectionRetry>3</connectionRetry>
      <deployerCredentialsConfig>
        <credentials>
          <username>ely-deploy</username>
          <password>ZWx5LWRlcGxveQ==</password>
        </credentials>
        <credentialsId/>
        <overridingCredentials>false</overridingCredentials>
        <ignoreCredentialPluginDisabled>false</ignoreCredentialPluginDisabled>
      </deployerCredentialsConfig>
    </org.jfrog.hudson.ArtifactoryServer>
  </artifactoryServers>
  <pushToBintrayEnabled>false</pushToBintrayEnabled>
  <buildInfoProxyEnabled>false</buildInfoProxyEnabled>
  <buildInfoProxyPort>0</buildInfoProxyPort>
  <buildInfoProxyCertPublic>C:\Program Files (x86)\Jenkins\secrets\jfrog\certs\jfrog.proxy.crt</buildInfoProxyCertPublic>
  <buildInfoProxyCertPrivate>C:\Program Files (x86)\Jenkins\secrets\jfrog\certs\jfrog.proxy.key</buildInfoProxyCertPrivate>
</org.jfrog.hudson.ArtifactoryBuilder_-DescriptorImpl>