<org.jenkinsci.plugins.pipeline.maven.GlobalPipelineMavenConfig plugin="pipeline-maven@3.5.15">
  <triggerDownstreamUponResultSuccess>true</triggerDownstreamUponResultSuccess>
  <triggerDownstreamUponResultUnstable>false</triggerDownstreamUponResultUnstable>
  <triggerDownstreamUponResultFailure>false</triggerDownstreamUponResultFailure>
  <triggerDownstreamUponResultNotBuilt>false</triggerDownstreamUponResultNotBuilt>
  <triggerDownstreamUponResultAborted>false</triggerDownstreamUponResultAborted>
  <jdbcUrl/>
  <jdbcCredentialsId/>
  <publisherOptions/>
</org.jenkinsci.plugins.pipeline.maven.GlobalPipelineMavenConfig>