<org.jenkins.plugins.lockableresources.LockableResourcesManager plugin="lockable-resources@2.3">
  <resources>
    <org.jenkins.plugins.lockableresources.LockableResource>
      <name>label_expensive_burn</name>
      <description>Aardvark USB/SPI pod, winc board and com port</description>
      <labels>label_expensive_burn</labels>
      <queueItemId>0</queueItemId>
      <queuingStarted>1543313543</queuingStarted>
      <queuedContexts/>
    </org.jenkins.plugins.lockableresources.LockableResource>
    <org.jenkins.plugins.lockableresources.LockableResource>
      <name>label_inevitable_reflection</name>
      <description>label_inevitable_reflection compiler license</description>
      <labels>label_inevitable_reflection</labels>
      <queueItemId>0</queueItemId>
      <queuingStarted>1543313543</queuingStarted>
      <queuedContexts/>
    </org.jenkins.plugins.lockableresources.LockableResource>
    <org.jenkins.plugins.lockableresources.LockableResource>
      <name>label_civilian_wilderness</name>
      <description>Aardvark USB/SPI pod, winc board and com port</description>
      <labels>label_civilian_wilderness</labels>
      <queueItemId>0</queueItemId>
      <queuingStarted>1543313543</queuingStarted>
      <queuedContexts/>
    </org.jenkins.plugins.lockableresources.LockableResource>
    <org.jenkins.plugins.lockableresources.LockableResource>
      <name>label_expensive_burn</name>
      <description>Aardvark USB/SPI pod, winc board and com port</description>
      <labels>label_expensive_burn</labels>
      <queueItemId>0</queueItemId>
      <queuingStarted>1543313543</queuingStarted>
      <queuedContexts/>
    </org.jenkins.plugins.lockableresources.LockableResource>
  </resources>
  <queuedContexts/>
</org.jenkins.plugins.lockableresources.LockableResourcesManager>