<hudson.plugins.scm__sync__configuration.ScmSyncConfigurationPlugin version="1">
  <scm class="hudson.plugins.scm_sync_configuration.scms.ScmSyncGitSCM"/>
  <scmRepositoryUrl>scm:git:ssh://git@bitbucket.microchip.com/wsgsw/ely_jenkins.git</scmRepositoryUrl>
  <noUserCommitMessage>false</noUserCommitMessage>
  <displayStatus>true</displayStatus>
  <commitMessagePattern>scm-sync - [message]</commitMessagePattern>
  <manualSynchronizationIncludes>
    <include>nodes/*/config.xml</include>
    <include>org.jenkinsci.plugins.*.xml </include>
    <include>userContent/*</include>
    <include>jobs/**/config.xml</include>
  </manualSynchronizationIncludes>
</hudson.plugins.scm__sync__configuration.ScmSyncConfigurationPlugin>