<org.jvnet.hudson.plugins.thinbackup.ThinBackupPluginImpl plugin="thinBackup@1.9">
  <fullBackupSchedule>H 17 * * *</fullBackupSchedule>
  <diffBackupSchedule/>
  <backupPath>C:\work\jenkins\cfg_backup</backupPath>
  <nrMaxStoredFull>20</nrMaxStoredFull>
  <excludedFilesRegex/>
  <waitForIdle>false</waitForIdle>
  <forceQuietModeTimeout>0</forceQuietModeTimeout>
  <cleanupDiff>false</cleanupDiff>
  <moveOldBackupsToZipFile>false</moveOldBackupsToZipFile>
  <backupBuildResults>true</backupBuildResults>
  <backupBuildArchive>false</backupBuildArchive>
  <backupPluginArchives>false</backupPluginArchives>
  <backupUserContents>true</backupUserContents>
  <backupAdditionalFiles>false</backupAdditionalFiles>
  <backupAdditionalFilesRegex/>
  <backupNextBuildNumber>true</backupNextBuildNumber>
  <backupBuildsToKeepOnly>false</backupBuildsToKeepOnly>
</org.jvnet.hudson.plugins.thinbackup.ThinBackupPluginImpl>